Entity,Code,Year,Annual CO₂ emissions
Afghanistan,AFG,1965,1006917
Afghanistan,AFG,1966,1091159
Afghanistan,AFG,1967,1281865
Afghanistan,AFG,1968,1223391
Afghanistan,AFG,1969,941232
Afghanistan,AFG,1970,1670397
Afghanistan,AFG,1971,1893554
Afghanistan,AFG,1972,1530347
Afghanistan,AFG,1973,1635454
Afghanistan,AFG,1974,1913152
Afghanistan,AFG,1975,2121383
Afghanistan,AFG,1976,1980859
Afghanistan,AFG,1977,2384175
Afghanistan,AFG,1978,2153300
Afghanistan,AFG,1979,2232754
Afghanistan,AFG,1980,1756302
Afghanistan,AFG,1981,1978463
Afghanistan,AFG,1982,2094580.9
Afghanistan,AFG,1983,2519954
Afghanistan,AFG,1984,2821540
Afghanistan,AFG,1985,3501422
Afghanistan,AFG,1986,3133645
Afghanistan,AFG,1987,3113826
Afghanistan,AFG,1988,2856896
Afghanistan,AFG,1989,2764855
Afghanistan,AFG,1990,2024326.1
Afghanistan,AFG,1991,1914301
Afghanistan,AFG,1992,1482054
Afghanistan,AFG,1993,1486943
Afghanistan,AFG,1994,1453829
Afghanistan,AFG,1995,1417327
Afghanistan,AFG,1996,1370104
Afghanistan,AFG,1997,1304152
Afghanistan,AFG,1998,1278504
Afghanistan,AFG,1999,1091640
Afghanistan,AFG,2000,1047127.94
Afghanistan,AFG,2001,1069098
Afghanistan,AFG,2002,1341065
Afghanistan,AFG,2003,1559679
Afghanistan,AFG,2004,1237247
Afghanistan,AFG,2005,1889507
Afghanistan,AFG,2006,2159318
Afghanistan,AFG,2007,2799909
Afghanistan,AFG,2008,4254490
Afghanistan,AFG,2009,6388232
Afghanistan,AFG,2010,8364803.5
Afghanistan,AFG,2011,11409623
Afghanistan,AFG,2012,9731202
Afghanistan,AFG,2013,8891447
Afghanistan,AFG,2014,8697668
Afghanistan,AFG,2015,9384400
Afghanistan,AFG,2016,8605932
Afghanistan,AFG,2017,9311054
Afghanistan,AFG,2018,10191504
Afghanistan,AFG,2019,10400110
Afghanistan,AFG,2020,11118626
Afghanistan,AFG,2021,9868841
Afghanistan,AFG,2022,10169889
Afghanistan,AFG,2023,10516319
Afghanistan,AFG,2024,10825998
Albania,ALB,1965,2172159
Albania,ALB,1966,2549579
Albania,ALB,1967,2677493
Albania,ALB,1968,3069214
Albania,ALB,1969,3241303
Albania,ALB,1970,3739486
Albania,ALB,1971,4348023
Albania,ALB,1972,5637977
Albania,ALB,1973,5286406
Albania,ALB,1974,4341512
Albania,ALB,1975,4591172
Albania,ALB,1976,4947198
Albania,ALB,1977,5717343
Albania,ALB,1978,6491245
Albania,ALB,1979,7583971
Albania,ALB,1980,5170837
Albania,ALB,1981,7343090
Albania,ALB,1982,7307607
Albania,ALB,1983,7630809
Albania,ALB,1984,7825903
Albania,ALB,1985,7881540
Albania,ALB,1986,8058077
Albania,ALB,1987,7447292
Albania,ALB,1988,7329222
Albania,ALB,1989,8986169
Albania,ALB,1990,5520602
Albania,ALB,1991,4290226
Albania,ALB,1992,2517116
Albania,ALB,1993,2337999
Albania,ALB,1994,1923806
Albania,ALB,1995,2089065.1
Albania,ALB,1996,2017508
Albania,ALB,1997,1543009
Albania,ALB,1998,1754709
Albania,ALB,1999,2986196
Albania,ALB,2000,3024926
Albania,ALB,2001,3220656
Albania,ALB,2002,3748272
Albania,ALB,2003,4303499
Albania,ALB,2004,4176684
Albania,ALB,2005,4261413
Albania,ALB,2006,3910715
Albania,ALB,2007,4003596.8
Albania,ALB,2008,4448339
Albania,ALB,2009,4369912
Albania,ALB,2010,4816841
Albania,ALB,2011,5175444
Albania,ALB,2012,4930006
Albania,ALB,2013,5346089
Albania,ALB,2014,6072489
Albania,ALB,2015,4712144
Albania,ALB,2016,4555035
Albania,ALB,2017,5343792
Albania,ALB,2018,5194860
Albania,ALB,2019,4940528
Albania,ALB,2020,4865033
Albania,ALB,2021,5137011
Albania,ALB,2022,4498282
Albania,ALB,2023,4417333
Albania,ALB,2024,4444448
Algeria,DZA,1965,6588533
Algeria,DZA,1966,8420862
Algeria,DZA,1967,8431587
Algeria,DZA,1968,9050236
Algeria,DZA,1969,11262968
Algeria,DZA,1970,15058960
Algeria,DZA,1971,18642006
Algeria,DZA,1972,28308164
Algeria,DZA,1973,38253790
Algeria,DZA,1974,31847248
Algeria,DZA,1975,31964160
Algeria,DZA,1976,39067724
Algeria,DZA,1977,41753030
Algeria,DZA,1978,62298964
Algeria,DZA,1979,45303360
Algeria,DZA,1980,66123612
Algeria,DZA,1981,45999270
Algeria,DZA,1982,38807784
Algeria,DZA,1983,52074204
Algeria,DZA,1984,70417010
Algeria,DZA,1985,71987780
Algeria,DZA,1986,75381800
Algeria,DZA,1987,83019730
Algeria,DZA,1988,82838620
Algeria,DZA,1989,78942136
Algeria,DZA,1990,75892110
Algeria,DZA,1991,77975864
Algeria,DZA,1992,79284180
Algeria,DZA,1993,81305970
Algeria,DZA,1994,87848480
Algeria,DZA,1995,95905704
Algeria,DZA,1996,99559530
Algeria,DZA,1997,87516910
Algeria,DZA,1998,105740130
Algeria,DZA,1999,90612900
Algeria,DZA,2000,84552456
Algeria,DZA,2001,86019190
Algeria,DZA,2002,89658400
Algeria,DZA,2003,94077930
Algeria,DZA,2004,90852530
Algeria,DZA,2005,109564424
Algeria,DZA,2006,103797760
Algeria,DZA,2007,107548696
Algeria,DZA,2008,108596090
Algeria,DZA,2009,116327976
Algeria,DZA,2010,117847360
Algeria,DZA,2011,124715240
Algeria,DZA,2012,135593460
Algeria,DZA,2013,141534270
Algeria,DZA,2014,152434660
Algeria,DZA,2015,160321620
Algeria,DZA,2016,158308320
Algeria,DZA,2017,165251630
Algeria,DZA,2018,174461180
Algeria,DZA,2019,182425000
Algeria,DZA,2020,171138530
Algeria,DZA,2021,182035800
Algeria,DZA,2022,192778560
Algeria,DZA,2023,202846660
Algeria,DZA,2024,198203180
Andorra,AND,1990,403040
Andorra,AND,1991,403040
Andorra,AND,1992,403040
Andorra,AND,1993,406704
Andorra,AND,1994,403040
Andorra,AND,1995,425024
Andorra,AND,1996,454336
Andorra,AND,1997,465328
Andorra,AND,1998,490976
Andorra,AND,1999,512960.03
Andorra,AND,2000,523952
Andorra,AND,2001,523952
Andorra,AND,2002,531280
Andorra,AND,2003,534944
Andorra,AND,2004,564256
Andorra,AND,2005,578912
Andorra,AND,2006,545936
Andorra,AND,2007,538608
Andorra,AND,2008,538608
Andorra,AND,2009,516623.97
Andorra,AND,2010,516623.97
Andorra,AND,2011,490976
Andorra,AND,2012,487312
Andorra,AND,2013,476320
Andorra,AND,2014,461664
Andorra,AND,2015,465328
Andorra,AND,2016,472656
Andorra,AND,2017,472656
Andorra,AND,2018,498304
Andorra,AND,2019,490976
Andorra,AND,2020,377392
Andorra,AND,2021,414032
Andorra,AND,2022,423408
Andorra,AND,2023,418098
Andorra,AND,2024,424663
Angola,AGO,1965,1186155
Angola,AGO,1966,1552466
Angola,AGO,1967,991815
Angola,AGO,1968,1669539
Angola,AGO,1969,2783093
Angola,AGO,1970,3577917
Angola,AGO,1971,3405383
Angola,AGO,1972,4500532
Angola,AGO,1973,4873664
Angola,AGO,1974,4866398
Angola,AGO,1975,4408811
Angola,AGO,1976,3280042
Angola,AGO,1977,3527511
Angola,AGO,1978,5399808
Angola,AGO,1979,5489191
Angola,AGO,1980,5334352
Angola,AGO,1981,5266774
Angola,AGO,1982,4635179
Angola,AGO,1983,5100535
Angola,AGO,1984,4985847
Angola,AGO,1985,4676114
Angola,AGO,1986,4633840
Angola,AGO,1987,5786029
Angola,AGO,1988,5049306
Angola,AGO,1989,4922750
Angola,AGO,1990,5089864
Angola,AGO,1991,5064054
Angola,AGO,1992,5164449
Angola,AGO,1993,5748389
Angola,AGO,1994,11353248
Angola,AGO,1995,12616650
Angola,AGO,1996,15248957
Angola,AGO,1997,15884249
Angola,AGO,1998,16513294
Angola,AGO,1999,17261278
Angola,AGO,2000,15995108
Angola,AGO,2001,15908461
Angola,AGO,2002,16080002
Angola,AGO,2003,17484428
Angola,AGO,2004,17015688
Angola,AGO,2005,15386819
Angola,AGO,2006,17144838
Angola,AGO,2007,17587936
Angola,AGO,2008,18750156
Angola,AGO,2009,20668332
Angola,AGO,2010,22983320
Angola,AGO,2011,23397032
Angola,AGO,2012,25940960
Angola,AGO,2013,25709742
Angola,AGO,2014,26092148
Angola,AGO,2015,27505228
Angola,AGO,2016,25465634
Angola,AGO,2017,23600984
Angola,AGO,2018,23278050
Angola,AGO,2019,22210076
Angola,AGO,2020,16549341
Angola,AGO,2021,19218562
Angola,AGO,2022,21089004
Angola,AGO,2023,21674816
Angola,AGO,2024,22333584
Anguilla,AIA,1990,43968
Anguilla,AIA,1991,43968
Anguilla,AIA,1992,47632
Anguilla,AIA,1993,54960
Anguilla,AIA,1994,54960
Anguilla,AIA,1995,54960
Anguilla,AIA,1996,58624
Anguilla,AIA,1997,58624
Anguilla,AIA,1998,65952
Anguilla,AIA,1999,69616
Anguilla,AIA,2000,80608
Anguilla,AIA,2001,84272
Anguilla,AIA,2002,84272
Anguilla,AIA,2003,87936
Anguilla,AIA,2004,98928
Anguilla,AIA,2005,109920
Anguilla,AIA,2006,120912
Anguilla,AIA,2007,124576
Anguilla,AIA,2008,124576
Anguilla,AIA,2009,124576
Anguilla,AIA,2010,128240.01
Anguilla,AIA,2011,124576
Anguilla,AIA,2012,120912
Anguilla,AIA,2013,113584
Anguilla,AIA,2014,120912
Anguilla,AIA,2015,135568
Anguilla,AIA,2016,139232
Anguilla,AIA,2017,128240.01
Anguilla,AIA,2018,131904
Anguilla,AIA,2019,142896
Anguilla,AIA,2020,135568
Anguilla,AIA,2021,139232
Anguilla,AIA,2022,142896
Anguilla,AIA,2023,142607
Anguilla,AIA,2024,148085
Antigua and Barbuda,ATG,1965,150224
Antigua and Barbuda,ATG,1966,348080
Antigua and Barbuda,ATG,1967,564256
Antigua and Barbuda,ATG,1968,989280
Antigua and Barbuda,ATG,1969,1256752
Antigua and Barbuda,ATG,1970,461664
Antigua and Barbuda,ATG,1971,425024
Antigua and Barbuda,ATG,1972,373728
Antigua and Barbuda,ATG,1973,329760
Antigua and Barbuda,ATG,1974,428688
Antigua and Barbuda,ATG,1975,707152
Antigua and Barbuda,ATG,1976,403040
Antigua and Barbuda,ATG,1977,465328
Antigua and Barbuda,ATG,1978,490976
Antigua and Barbuda,ATG,1979,406704
Antigua and Barbuda,ATG,1980,142896
Antigua and Barbuda,ATG,1981,106256
Antigua and Barbuda,ATG,1982,293120
Antigua and Barbuda,ATG,1983,84272
Antigua and Barbuda,ATG,1984,146560
Antigua and Barbuda,ATG,1985,249152
Antigua and Barbuda,ATG,1986,249152
Antigua and Barbuda,ATG,1987,274800
Antigua and Barbuda,ATG,1988,285792
Antigua and Barbuda,ATG,1989,285792
Antigua and Barbuda,ATG,1990,241824
Antigua and Barbuda,ATG,1991,249152
Antigua and Barbuda,ATG,1992,249152
Antigua and Barbuda,ATG,1993,256480.02
Antigua and Barbuda,ATG,1994,267472
Antigua and Barbuda,ATG,1995,271136
Antigua and Barbuda,ATG,1996,285792
Antigua and Barbuda,ATG,1997,307776
Antigua and Barbuda,ATG,1998,322432
Antigua and Barbuda,ATG,1999,344416
Antigua and Barbuda,ATG,2000,355408
Antigua and Barbuda,ATG,2001,373728
Antigua and Barbuda,ATG,2002,403040
Antigua and Barbuda,ATG,2003,432352
Antigua and Barbuda,ATG,2004,450672
Antigua and Barbuda,ATG,2005,479984
Antigua and Barbuda,ATG,2006,516623.97
Antigua and Barbuda,ATG,2007,534944
Antigua and Barbuda,ATG,2008,538608
Antigua and Barbuda,ATG,2009,556928
Antigua and Barbuda,ATG,2010,549600
Antigua and Barbuda,ATG,2011,545936
Antigua and Barbuda,ATG,2012,556928
Antigua and Barbuda,ATG,2013,556928
Antigua and Barbuda,ATG,2014,567920
Antigua and Barbuda,ATG,2015,578912
Antigua and Barbuda,ATG,2016,593568
Antigua and Barbuda,ATG,2017,600896
Antigua and Barbuda,ATG,2018,615552
Antigua and Barbuda,ATG,2019,637536
Antigua and Barbuda,ATG,2020,615552
Antigua and Barbuda,ATG,2021,633872
Antigua and Barbuda,ATG,2022,641832
Antigua and Barbuda,ATG,2023,640533
Antigua and Barbuda,ATG,2024,665140
Argentina,ARG,1965,58804852
Argentina,ARG,1966,63072668
Argentina,ARG,1967,65475984
Argentina,ARG,1968,69009220
Argentina,ARG,1969,77248870
Argentina,ARG,1970,82648000
Argentina,ARG,1971,88850160
Argentina,ARG,1972,90072616
Argentina,ARG,1973,93984430
Argentina,ARG,1974,95492190
Argentina,ARG,1975,94860450
Argentina,ARG,1976,99718050
Argentina,ARG,1977,100728890
Argentina,ARG,1978,102583410
Argentina,ARG,1979,110649040
Argentina,ARG,1980,108695224
Argentina,ARG,1981,102008616
Argentina,ARG,1982,103388130
Argentina,ARG,1983,105182110
Argentina,ARG,1984,106491760
Argentina,ARG,1985,100569300
Argentina,ARG,1986,104198744
Argentina,ARG,1987,114935944
Argentina,ARG,1988,121464450
Argentina,ARG,1989,117066980
Argentina,ARG,1990,112188296
Argentina,ARG,1991,117726930
Argentina,ARG,1992,121514170
Argentina,ARG,1993,118020980
Argentina,ARG,1994,118506770
Argentina,ARG,1995,125415496
Argentina,ARG,1996,131445544
Argentina,ARG,1997,136617010
Argentina,ARG,1998,139505300
Argentina,ARG,1999,148344580
Argentina,ARG,2000,143354820
Argentina,ARG,2001,135003970
Argentina,ARG,2002,124930110
Argentina,ARG,2003,134421000
Argentina,ARG,2004,157235150
Argentina,ARG,2005,161727950
Argentina,ARG,2006,174341660
Argentina,ARG,2007,173763580
Argentina,ARG,2008,187595540
Argentina,ARG,2009,178378450
Argentina,ARG,2010,186121300
Argentina,ARG,2011,189883820
Argentina,ARG,2012,191714580
Argentina,ARG,2013,189524850
Argentina,ARG,2014,188539180
Argentina,ARG,2015,191808800
Argentina,ARG,2016,190020500
Argentina,ARG,2017,187068020
Argentina,ARG,2018,182483460
Argentina,ARG,2019,180427660
Argentina,ARG,2020,164612720
Argentina,ARG,2021,190196930
Argentina,ARG,2022,183768140
Argentina,ARG,2023,178406990
Argentina,ARG,2024,171059260
Armenia,ARM,1965,4160606.8
Armenia,ARM,1966,4395587
Armenia,ARM,1967,4601464
Armenia,ARM,1968,4736134
Armenia,ARM,1969,4936462
Armenia,ARM,1970,5190815
Armenia,ARM,1971,5518527
Armenia,ARM,1972,5813298
Armenia,ARM,1973,6067397
Armenia,ARM,1974,6307709
Armenia,ARM,1975,6637796
Armenia,ARM,1976,6895225
Armenia,ARM,1977,7132641
Armenia,ARM,1978,7382617
Armenia,ARM,1979,7443525
Armenia,ARM,1980,7734904
Armenia,ARM,1981,7600476
Armenia,ARM,1982,7745151
Armenia,ARM,1983,7861092
Armenia,ARM,1984,7935474
Armenia,ARM,1985,8551112
Armenia,ARM,1986,8142524.5
Armenia,ARM,1987,8169481.5
Armenia,ARM,1988,9298551
Armenia,ARM,1989,9418273
Armenia,ARM,1990,9003210
Armenia,ARM,1991,7382952
Armenia,ARM,1992,5723698
Armenia,ARM,1993,2510247
Armenia,ARM,1994,2684702
Armenia,ARM,1995,3362694
Armenia,ARM,1996,2500312
Armenia,ARM,1997,3252761
Armenia,ARM,1998,3419094
Armenia,ARM,1999,3040204
Armenia,ARM,2000,3491407
Armenia,ARM,2001,3532701
Armenia,ARM,2002,3076793
Armenia,ARM,2003,3455560
Armenia,ARM,2004,3691197
Armenia,ARM,2005,4376169
Armenia,ARM,2006,4401590
Armenia,ARM,2007,5100210
Armenia,ARM,2008,5574790
Armenia,ARM,2009,4363500
Armenia,ARM,2010,4256414
Armenia,ARM,2011,4968878
Armenia,ARM,2012,5748252
Armenia,ARM,2013,5535127
Armenia,ARM,2014,5604113
Armenia,ARM,2015,5469204
Armenia,ARM,2016,5206677
Armenia,ARM,2017,5536589
Armenia,ARM,2018,5822122
Armenia,ARM,2019,6284110
Armenia,ARM,2020,6795190
Armenia,ARM,2021,7350704
Armenia,ARM,2022,7698773
Armenia,ARM,2023,7430228
Armenia,ARM,2024,7430715
Aruba,ABW,1965,592387
Aruba,ABW,1966,553944
Aruba,ABW,1967,682359
Aruba,ABW,1968,634510
Aruba,ABW,1969,830405
Aruba,ABW,1970,928761
Aruba,ABW,1971,808321
Aruba,ABW,1972,783783
Aruba,ABW,1973,869461
Aruba,ABW,1974,788077
Aruba,ABW,1975,570712
Aruba,ABW,1976,1219127
Aruba,ABW,1977,636760
Aruba,ABW,1978,542289
Aruba,ABW,1979,568871
Aruba,ABW,1980,585435
Aruba,ABW,1981,557625
Aruba,ABW,1982,623468
Aruba,ABW,1983,320425
Aruba,ABW,1984,800142
Aruba,ABW,1985,936532
Aruba,ABW,1986,179536
Aruba,ABW,1987,447008
Aruba,ABW,1988,611888
Aruba,ABW,1989,648528
Aruba,ABW,1990,487312
Aruba,ABW,1991,531280
Aruba,ABW,1992,538608
Aruba,ABW,1993,648528
Aruba,ABW,1994,659520
Aruba,ABW,1995,710816
Aruba,ABW,1996,721808
Aruba,ABW,1997,758448
Aruba,ABW,1998,806080
Aruba,ABW,1999,809744
Aruba,ABW,2000,2377936
Aruba,ABW,2001,2407248
Aruba,ABW,2002,2436560
Aruba,ABW,2003,2561136
Aruba,ABW,2004,2616096
Aruba,ABW,2005,2715024
Aruba,ABW,2006,2711360
Aruba,ABW,2007,2821280
Aruba,ABW,2008,2656400
Aruba,ABW,2009,2627088
Aruba,ABW,2010,2506176
Aruba,ABW,2011,2495184
Aruba,ABW,2012,1344688
Aruba,ABW,2013,861040
Aruba,ABW,2014,872032
Aruba,ABW,2015,897680
Aruba,ABW,2016,883024
Aruba,ABW,2017,890352
Aruba,ABW,2018,868368
Aruba,ABW,2019,831728
Aruba,ABW,2020,820736
Aruba,ABW,2021,861040
Aruba,ABW,2022,888381
Aruba,ABW,2023,886584
Aruba,ABW,2024,920644
Australia,AUS,1965,113606344
Australia,AUS,1966,115736220
Australia,AUS,1967,122280584
Australia,AUS,1968,128768060
Australia,AUS,1969,136413540
Australia,AUS,1970,147862780
Australia,AUS,1971,151117890
Australia,AUS,1972,153598260
Australia,AUS,1973,170141920
Australia,AUS,1974,166182740
Australia,AUS,1975,173101520
Australia,AUS,1976,169803060
Australia,AUS,1977,181912910
Australia,AUS,1978,191051580
Australia,AUS,1979,192321940
Australia,AUS,1980,204370200
Australia,AUS,1981,213809920
Australia,AUS,1982,218000900
Australia,AUS,1983,207645390
Australia,AUS,1984,217514610
Australia,AUS,1985,224557460
Australia,AUS,1986,224040290
Australia,AUS,1987,234598320
Australia,AUS,1988,240737040
Australia,AUS,1989,256838110
Australia,AUS,1990,278061000
Australia,AUS,1991,279437380
Australia,AUS,1992,284433440
Australia,AUS,1993,288780400
Australia,AUS,1994,293613280
Australia,AUS,1995,304962300
Australia,AUS,1996,311850880
Australia,AUS,1997,320242530
Australia,AUS,1998,334037800
Australia,AUS,1999,343876200
Australia,AUS,2000,349897630
Australia,AUS,2001,357667780
Australia,AUS,2002,362424930
Australia,AUS,2003,370784420
Australia,AUS,2004,382004900
Australia,AUS,2005,385081500
Australia,AUS,2006,391372540
Australia,AUS,2007,398896260
Australia,AUS,2008,404279300
Australia,AUS,2009,406977100
Australia,AUS,2010,405025950
Australia,AUS,2011,403874400
Australia,AUS,2012,405005120
Australia,AUS,2013,397849900
Australia,AUS,2014,392609600
Australia,AUS,2015,400589200
Australia,AUS,2016,409666340
Australia,AUS,2017,413407840
Australia,AUS,2018,414780580
Australia,AUS,2019,414925300
Australia,AUS,2020,398546900
Australia,AUS,2021,388472300
Australia,AUS,2022,384078430
Australia,AUS,2023,384316060
Australia,AUS,2024,386732380
Austria,AUT,1965,38184520
Austria,AUT,1966,39245444
Austria,AUT,1967,39955876
Austria,AUT,1968,42330116
Austria,AUT,1969,44675230
Austria,AUT,1970,50672004
Austria,AUT,1971,52102070
Austria,AUT,1972,56100684
Austria,AUT,1973,60044836
Austria,AUT,1974,57326936
Austria,AUT,1975,54239144
Austria,AUT,1976,58229440
Austria,AUT,1977,56015676
Austria,AUT,1978,57248468
Austria,AUT,1979,61346972
Austria,AUT,1980,52054240
Austria,AUT,1981,55862204
Austria,AUT,1982,53598264
Austria,AUT,1983,51697550
Austria,AUT,1984,54247024
Austria,AUT,1985,54402960
Austria,AUT,1986,53765172
Austria,AUT,1987,57406892
Austria,AUT,1988,52962868
Austria,AUT,1989,53718110
Austria,AUT,1990,62191450
Austria,AUT,1991,65790084
Austria,AUT,1992,60291068
Austria,AUT,1993,60710530
Austria,AUT,1994,61080120
Austria,AUT,1995,64063036
Austria,AUT,1996,67410310
Austria,AUT,1997,67304890
Austria,AUT,1998,66936904
Austria,AUT,1999,65667700
Austria,AUT,2000,66204024
Austria,AUT,2001,70190730
Austria,AUT,2002,71988380
Austria,AUT,2003,77411930
Austria,AUT,2004,77715920
Austria,AUT,2005,79095480
Austria,AUT,2006,76796200
Austria,AUT,2007,74092160
Austria,AUT,2008,73466480
Austria,AUT,2009,67301760
Austria,AUT,2010,72000250
Austria,AUT,2011,69891710
Austria,AUT,2012,67260344
Austria,AUT,2013,67758860
Austria,AUT,2014,64158736
Austria,AUT,2015,66357780
Austria,AUT,2016,67218740
Austria,AUT,2017,69601480
Austria,AUT,2018,66566510
Austria,AUT,2019,67951230
Austria,AUT,2020,62179828
Austria,AUT,2021,65751344
Austria,AUT,2022,61454140
Austria,AUT,2023,56908956
Austria,AUT,2024,56367656
Azerbaijan,AZE,1965,25146586
Azerbaijan,AZE,1966,26562486
Azerbaijan,AZE,1967,27792428
Azerbaijan,AZE,1968,28591258
Azerbaijan,AZE,1969,29789120
Azerbaijan,AZE,1970,31322516
Azerbaijan,AZE,1971,33259742
Azerbaijan,AZE,1972,35009700
Azerbaijan,AZE,1973,36506640
Azerbaijan,AZE,1974,37916876
Azerbaijan,AZE,1975,39871480
Azerbaijan,AZE,1976,41410064
Azerbaijan,AZE,1977,42823400
Azerbaijan,AZE,1978,44305510
Azerbaijan,AZE,1979,44676224
Azerbaijan,AZE,1980,46427660
Azerbaijan,AZE,1981,45572824
Azerbaijan,AZE,1982,46435732
Azerbaijan,AZE,1983,47105884
Azerbaijan,AZE,1984,47533536
Azerbaijan,AZE,1985,51248280
Azerbaijan,AZE,1986,53371876
Azerbaijan,AZE,1987,50586390
Azerbaijan,AZE,1988,51596316
Azerbaijan,AZE,1989,51586880
Azerbaijan,AZE,1990,51344710
Azerbaijan,AZE,1991,50074016
Azerbaijan,AZE,1992,56174400
Azerbaijan,AZE,1993,48406096
Azerbaijan,AZE,1994,41944856
Azerbaijan,AZE,1995,33309350
Azerbaijan,AZE,1996,31242310
Azerbaijan,AZE,1997,29842898
Azerbaijan,AZE,1998,31784872
Azerbaijan,AZE,1999,28821594
Azerbaijan,AZE,2000,29765310
Azerbaijan,AZE,2001,28415460
Azerbaijan,AZE,2002,28570334
Azerbaijan,AZE,2003,30487584
Azerbaijan,AZE,2004,32253040
Azerbaijan,AZE,2005,34193560
Azerbaijan,AZE,2006,34521828
Azerbaijan,AZE,2007,30036786
Azerbaijan,AZE,2008,33036510
Azerbaijan,AZE,2009,29102576
Azerbaijan,AZE,2010,27549052
Azerbaijan,AZE,2011,30210230
Azerbaijan,AZE,2012,32770066
Azerbaijan,AZE,2013,33558890
Azerbaijan,AZE,2014,34344760
Azerbaijan,AZE,2015,34683330
Azerbaijan,AZE,2016,34726970
Azerbaijan,AZE,2017,34698280
Azerbaijan,AZE,2018,34576230
Azerbaijan,AZE,2019,37752550
Azerbaijan,AZE,2020,36237164
Azerbaijan,AZE,2021,38299644
Azerbaijan,AZE,2022,41174576
Azerbaijan,AZE,2023,42748196
Azerbaijan,AZE,2024,39830140
Bahamas,BHS,1965,1315376
Bahamas,BHS,1966,1091872
Bahamas,BHS,1967,1700996
Bahamas,BHS,1968,1627716
Bahamas,BHS,1969,1740766
Bahamas,BHS,1970,2568770
Bahamas,BHS,1971,6723746
Bahamas,BHS,1972,6481298
Bahamas,BHS,1973,7862745
Bahamas,BHS,1974,7379751
Bahamas,BHS,1975,8246118.5
Bahamas,BHS,1976,6457283
Bahamas,BHS,1977,9708627
Bahamas,BHS,1978,6596632
Bahamas,BHS,1979,6914908
Bahamas,BHS,1980,7971148
Bahamas,BHS,1981,2798367
Bahamas,BHS,1982,2258293
Bahamas,BHS,1983,2014300.1
Bahamas,BHS,1984,1853984
Bahamas,BHS,1985,1509568
Bahamas,BHS,1986,1410640
Bahamas,BHS,1987,1421632
Bahamas,BHS,1988,1538880
Bahamas,BHS,1989,1945584
Bahamas,BHS,1990,2022527.9
Bahamas,BHS,1991,1996880
Bahamas,BHS,1992,1868640
Bahamas,BHS,1993,1744064
Bahamas,BHS,1994,1769712
Bahamas,BHS,1995,1839328
Bahamas,BHS,1996,1813680
Bahamas,BHS,1997,1608496
Bahamas,BHS,1998,1989552
Bahamas,BHS,1999,2033520
Bahamas,BHS,2000,2026192
Bahamas,BHS,2001,1945584
Bahamas,BHS,2002,2033520
Bahamas,BHS,2003,2070159.9
Bahamas,BHS,2004,2048176
Bahamas,BHS,2005,1905280
Bahamas,BHS,2006,1853984
Bahamas,BHS,2007,1872304
Bahamas,BHS,2008,1919936
Bahamas,BHS,2009,2154432
Bahamas,BHS,2010,2231376
Bahamas,BHS,2011,2110464
Bahamas,BHS,2012,2048176
Bahamas,BHS,2013,1993216
Bahamas,BHS,2014,2062832.1
Bahamas,BHS,2015,2231376
Bahamas,BHS,2016,2246032
Bahamas,BHS,2017,2520832
Bahamas,BHS,2018,2454880
Bahamas,BHS,2019,2520832
Bahamas,BHS,2020,2051840.1
Bahamas,BHS,2021,2726016
Bahamas,BHS,2022,2961983
Bahamas,BHS,2023,2956122
Bahamas,BHS,2024,3069679
Bahrain,BHR,1965,1227440
Bahrain,BHR,1966,648528
Bahrain,BHR,1967,1003936.06
Bahrain,BHR,1968,1102864
Bahrain,BHR,1969,1271408
Bahrain,BHR,1970,2590448
Bahrain,BHR,1971,3037456
Bahrain,BHR,1972,3678656
Bahrain,BHR,1973,5517984
Bahrain,BHR,1974,5400736
Bahrain,BHR,1975,5748816
Bahrain,BHR,1976,6569552
Bahrain,BHR,1977,7463568
Bahrain,BHR,1978,7760352
Bahrain,BHR,1979,8126752
Bahrain,BHR,1980,7881264
Bahrain,BHR,1981,8518800
Bahrain,BHR,1982,9830512
Bahrain,BHR,1983,8222016.5
Bahrain,BHR,1984,9200304
Bahrain,BHR,1985,10185920
Bahrain,BHR,1986,11002992
Bahrain,BHR,1987,11420688
Bahrain,BHR,1988,12076521
Bahrain,BHR,1989,11651520
Bahrain,BHR,1990,11493968
Bahrain,BHR,1991,11329088
Bahrain,BHR,1992,10402063
Bahrain,BHR,1993,16748144
Bahrain,BHR,1994,14351888
Bahrain,BHR,1995,14743936
Bahrain,BHR,1996,15942064
Bahrain,BHR,1997,17220784
Bahrain,BHR,1998,18276032
Bahrain,BHR,1999,18254048
Bahrain,BHR,2000,19199360
Bahrain,BHR,2001,19679344
Bahrain,BHR,2002,20111696
Bahrain,BHR,2003,20976400
Bahrain,BHR,2004,21203568
Bahrain,BHR,2005,24486512
Bahrain,BHR,2006,24035840
Bahrain,BHR,2007,26626288
Bahrain,BHR,2008,29524512
Bahrain,BHR,2009,28137678
Bahrain,BHR,2010,29142510
Bahrain,BHR,2011,28544122
Bahrain,BHR,2012,27202492
Bahrain,BHR,2013,31228270
Bahrain,BHR,2014,30970746
Bahrain,BHR,2015,32520614
Bahrain,BHR,2016,31635436
Bahrain,BHR,2017,32916580
Bahrain,BHR,2018,32698486
Bahrain,BHR,2019,37616144
Bahrain,BHR,2020,37429270
Bahrain,BHR,2021,36265130
Bahrain,BHR,2022,37826840
Bahrain,BHR,2023,38786692
Bahrain,BHR,2024,39003456
Bangladesh,BGD,1965,3121306
Bangladesh,BGD,1966,3176314
Bangladesh,BGD,1967,3371142
Bangladesh,BGD,1968,3865666
Bangladesh,BGD,1969,3749327
Bangladesh,BGD,1970,3803195
Bangladesh,BGD,1971,3605832
Bangladesh,BGD,1972,3505921
Bangladesh,BGD,1973,4549694
Bangladesh,BGD,1974,4653084
Bangladesh,BGD,1975,4856723
Bangladesh,BGD,1976,5555798
Bangladesh,BGD,1977,5784754
Bangladesh,BGD,1978,5984423
Bangladesh,BGD,1979,6612648
Bangladesh,BGD,1980,7597219
Bangladesh,BGD,1981,7886136
Bangladesh,BGD,1982,8552288
Bangladesh,BGD,1983,8188282
Bangladesh,BGD,1984,9077160
Bangladesh,BGD,1985,10189161
Bangladesh,BGD,1986,11405807
Bangladesh,BGD,1987,11799727
Bangladesh,BGD,1988,13478441
Bangladesh,BGD,1989,13382363
Bangladesh,BGD,1990,14081596
Bangladesh,BGD,1991,14752975
Bangladesh,BGD,1992,15390896
Bangladesh,BGD,1993,16073917
Bangladesh,BGD,1994,17552698
Bangladesh,BGD,1995,21056370
Bangladesh,BGD,1996,21507472
Bangladesh,BGD,1997,23144114
Bangladesh,BGD,1998,23216120
Bangladesh,BGD,1999,25093308
Bangladesh,BGD,2000,26539266
Bangladesh,BGD,2001,31064220
Bangladesh,BGD,2002,32006890
Bangladesh,BGD,2003,33495934
Bangladesh,BGD,2004,35978172
Bangladesh,BGD,2005,37716676
Bangladesh,BGD,2006,41725810
Bangladesh,BGD,2007,42675104
Bangladesh,BGD,2008,45341492
Bangladesh,BGD,2009,49188376
Bangladesh,BGD,2010,54035524
Bangladesh,BGD,2011,55592710
Bangladesh,BGD,2012,59703860
Bangladesh,BGD,2013,64762796
Bangladesh,BGD,2014,67551890
Bangladesh,BGD,2015,76946130
Bangladesh,BGD,2016,81761160
Bangladesh,BGD,2017,86530870
Bangladesh,BGD,2018,86608110
Bangladesh,BGD,2019,94807690
Bangladesh,BGD,2020,95729090
Bangladesh,BGD,2021,98530280
Bangladesh,BGD,2022,102147410
Bangladesh,BGD,2023,104526670
Bangladesh,BGD,2024,108317880
Barbados,BRB,1965,205184
Barbados,BRB,1966,267472
Barbados,BRB,1967,337088
Barbados,BRB,1968,439680
Barbados,BRB,1969,479984
Barbados,BRB,1970,428688
Barbados,BRB,1971,483648
Barbados,BRB,1972,501968.03
Barbados,BRB,1973,479984
Barbados,BRB,1974,490976
Barbados,BRB,1975,567920
Barbados,BRB,1976,531280
Barbados,BRB,1977,589904
Barbados,BRB,1978,630208
Barbados,BRB,1979,600896
Barbados,BRB,1980,674176
Barbados,BRB,1981,685168
Barbados,BRB,1982,644864
Barbados,BRB,1983,685168
Barbados,BRB,1984,746995
Barbados,BRB,1985,845711
Barbados,BRB,1986,915407
Barbados,BRB,1987,941049
Barbados,BRB,1988,944787
Barbados,BRB,1989,988686
Barbados,BRB,1990,1037106.06
Barbados,BRB,1991,1183679
Barbados,BRB,1992,1164214
Barbados,BRB,1993,935647
Barbados,BRB,1994,940022
Barbados,BRB,1995,1022811.06
Barbados,BRB,1996,1049680
Barbados,BRB,1997,1155708
Barbados,BRB,1998,1227699
Barbados,BRB,1999,1301683
Barbados,BRB,2000,1309144
Barbados,BRB,2001,1307472
Barbados,BRB,2002,1316816
Barbados,BRB,2003,1358456
Barbados,BRB,2004,1386768
Barbados,BRB,2005,1429072
Barbados,BRB,2006,1471040
Barbados,BRB,2007,1469040
Barbados,BRB,2008,1733427
Barbados,BRB,2009,1699727
Barbados,BRB,2010,1566600
Barbados,BRB,2011,1626242
Barbados,BRB,2012,1554216
Barbados,BRB,2013,1539832
Barbados,BRB,2014,1367624
Barbados,BRB,2015,1334648
Barbados,BRB,2016,1371455
Barbados,BRB,2017,1399244
Barbados,BRB,2018,1446876
Barbados,BRB,2019,1391916
Barbados,BRB,2020,1255533
Barbados,BRB,2021,1190120
Barbados,BRB,2022,1314983
Barbados,BRB,2023,1316733
Barbados,BRB,2024,1365171
Belarus,BLR,1965,52824548
Belarus,BLR,1966,55796012
Belarus,BLR,1967,58374456
Belarus,BLR,1968,60043610
Belarus,BLR,1969,62553236
Belarus,BLR,1970,65814240
Belarus,BLR,1971,69849470
Belarus,BLR,1972,73510540
Belarus,BLR,1973,76638616
Belarus,BLR,1974,79582660
Belarus,BLR,1975,83657496
Belarus,BLR,1976,86838810
Belarus,BLR,1977,89766536
Belarus,BLR,1978,92850000
Belarus,BLR,1979,93584760
Belarus,BLR,1980,97225990
Belarus,BLR,1981,95395336
Belarus,BLR,1982,97167080
Belarus,BLR,1983,98525040
Belarus,BLR,1984,99363976
Belarus,BLR,1985,107089720
Belarus,BLR,1986,121533370
Belarus,BLR,1987,111861910
Belarus,BLR,1988,114892630
Belarus,BLR,1989,109199576
Belarus,BLR,1990,108458880
Belarus,BLR,1991,104185950
Belarus,BLR,1992,93596920
Belarus,BLR,1993,80674480
Belarus,BLR,1994,67989830
Belarus,BLR,1995,61014530
Belarus,BLR,1996,61843570
Belarus,BLR,1997,61697460
Belarus,BLR,1998,60184024
Belarus,BLR,1999,58075780
Belarus,BLR,2000,55014468
Belarus,BLR,2001,54104692
Belarus,BLR,2002,53944120
Belarus,BLR,2003,55236252
Belarus,BLR,2004,58372804
Belarus,BLR,2005,59396210
Belarus,BLR,2006,61809496
Belarus,BLR,2007,60275660
Belarus,BLR,2008,62931132
Belarus,BLR,2009,60628340
Belarus,BLR,2010,62515440
Belarus,BLR,2011,61353236
Belarus,BLR,2012,62591696
Belarus,BLR,2013,64151856
Belarus,BLR,2014,63699212
Belarus,BLR,2015,58827810
Belarus,BLR,2016,58188064
Belarus,BLR,2017,59444372
Belarus,BLR,2018,62170668
Belarus,BLR,2019,62170636
Belarus,BLR,2020,59122900
Belarus,BLR,2021,60861080
Belarus,BLR,2022,57120548
Belarus,BLR,2023,55736064
Belarus,BLR,2024,55818416
Belgium,BEL,1965,105334560
Belgium,BEL,1966,105103976
Belgium,BEL,1967,107364670
Belgium,BEL,1968,118441240
Belgium,BEL,1969,123495420
Belgium,BEL,1970,125497690
Belgium,BEL,1971,121374170
Belgium,BEL,1972,130641340
Belgium,BEL,1973,138642740
Belgium,BEL,1974,134953760
Belgium,BEL,1975,121823130
Belgium,BEL,1976,129681256
Belgium,BEL,1977,126199330
Belgium,BEL,1978,135450180
Belgium,BEL,1979,139786620
Belgium,BEL,1980,134835890
Belgium,BEL,1981,123577290
Belgium,BEL,1982,117109240
Belgium,BEL,1983,101205500
Belgium,BEL,1984,104970210
Belgium,BEL,1985,104011816
Belgium,BEL,1986,102374090
Belgium,BEL,1987,102592376
Belgium,BEL,1988,99750140
Belgium,BEL,1989,106792200
Belgium,BEL,1990,120335410
Belgium,BEL,1991,123396216
Belgium,BEL,1992,122519256
Belgium,BEL,1993,121451200
Belgium,BEL,1994,124833050
Belgium,BEL,1995,125969300
Belgium,BEL,1996,129503280
Belgium,BEL,1997,124017384
Belgium,BEL,1998,130255750
Belgium,BEL,1999,124718600
Belgium,BEL,2000,126775704
Belgium,BEL,2001,126085030
Belgium,BEL,2002,126883144
Belgium,BEL,2003,128292040
Belgium,BEL,2004,128811736
Belgium,BEL,2005,125657690
Belgium,BEL,2006,123900460
Belgium,BEL,2007,120493400
Belgium,BEL,2008,120204350
Belgium,BEL,2009,107806790
Belgium,BEL,2010,114562660
Belgium,BEL,2011,105158970
Belgium,BEL,2012,102486240
Belgium,BEL,2013,102815960
Belgium,BEL,2014,97080950
Belgium,BEL,2015,101327496
Belgium,BEL,2016,99816290
Belgium,BEL,2017,99282190
Belgium,BEL,2018,100256370
Belgium,BEL,2019,99798730
Belgium,BEL,2020,91254550
Belgium,BEL,2021,94928070
Belgium,BEL,2022,88914970
Belgium,BEL,2023,84703360
Belgium,BEL,2024,85456200
Belize,BLZ,1965,84272
Belize,BLZ,1966,80608
Belize,BLZ,1967,120912
Belize,BLZ,1968,102592
Belize,BLZ,1969,135568
Belize,BLZ,1970,120912
Belize,BLZ,1971,142896
Belize,BLZ,1972,157552
Belize,BLZ,1973,146560
Belize,BLZ,1974,153888
Belize,BLZ,1975,175872
Belize,BLZ,1976,175872
Belize,BLZ,1977,197856
Belize,BLZ,1978,216176
Belize,BLZ,1979,208848
Belize,BLZ,1980,190528
Belize,BLZ,1981,183200
Belize,BLZ,1982,172208
Belize,BLZ,1983,172208
Belize,BLZ,1984,172208
Belize,BLZ,1985,190528
Belize,BLZ,1986,205184
Belize,BLZ,1987,227168
Belize,BLZ,1988,249152
Belize,BLZ,1989,300448
Belize,BLZ,1990,311440
Belize,BLZ,1991,406704
Belize,BLZ,1992,355408
Belize,BLZ,1993,377392
Belize,BLZ,1994,373728
Belize,BLZ,1995,377392
Belize,BLZ,1996,307776
Belize,BLZ,1997,388384
Belize,BLZ,1998,370064
Belize,BLZ,1999,348080
Belize,BLZ,2000,395712
Belize,BLZ,2001,447008
Belize,BLZ,2002,432352
Belize,BLZ,2003,432352
Belize,BLZ,2004,392048
Belize,BLZ,2005,417696
Belize,BLZ,2006,443344
Belize,BLZ,2007,472656
Belize,BLZ,2008,432352
Belize,BLZ,2009,512960.03
Belize,BLZ,2010,538608
Belize,BLZ,2011,571584
Belize,BLZ,2012,472656
Belize,BLZ,2013,472656
Belize,BLZ,2014,501968.03
Belize,BLZ,2015,685168
Belize,BLZ,2016,674176
Belize,BLZ,2017,666848
Belize,BLZ,2018,659540
Belize,BLZ,2019,769440
Belize,BLZ,2020,653636
Belize,BLZ,2021,693630
Belize,BLZ,2022,723761
Belize,BLZ,2023,766451
Belize,BLZ,2024,796027
Benin,BEN,1965,150224
Benin,BEN,1966,113584
Benin,BEN,1967,142896
Benin,BEN,1968,153888
Benin,BEN,1969,201520
Benin,BEN,1970,282128
Benin,BEN,1971,293120
Benin,BEN,1972,388384
Benin,BEN,1973,381056
Benin,BEN,1974,406704
Benin,BEN,1975,443344
Benin,BEN,1976,260144
Benin,BEN,1977,296784
Benin,BEN,1978,362736
Benin,BEN,1979,366400
Benin,BEN,1980,479826
Benin,BEN,1981,387291
Benin,BEN,1982,442545
Benin,BEN,1983,404411
Benin,BEN,1984,448296
Benin,BEN,1985,686373
Benin,BEN,1986,624003
Benin,BEN,1987,473696
Benin,BEN,1988,508050.03
Benin,BEN,1989,570164
Benin,BEN,1990,579346
Benin,BEN,1991,619650
Benin,BEN,1992,670946
Benin,BEN,1993,807422
Benin,BEN,1994,911527
Benin,BEN,1995,956267
Benin,BEN,1996,1183806
Benin,BEN,1997,1223975
Benin,BEN,1998,1113856
Benin,BEN,1999,1461936
Benin,BEN,2000,1472928
Benin,BEN,2001,1689104
Benin,BEN,2002,2110055
Benin,BEN,2003,2393998
Benin,BEN,2004,2593600
Benin,BEN,2005,2489730
Benin,BEN,2006,3351106
Benin,BEN,2007,3930960
Benin,BEN,2008,3918994
Benin,BEN,2009,4224517
Benin,BEN,2010,4679390
Benin,BEN,2011,4479719
Benin,BEN,2012,4402539
Benin,BEN,2013,4565975
Benin,BEN,2014,4774016
Benin,BEN,2015,5318238
Benin,BEN,2016,5310542
Benin,BEN,2017,5555002
Benin,BEN,2018,5668449
Benin,BEN,2019,5272598
Benin,BEN,2020,5540920
Benin,BEN,2021,5805787
Benin,BEN,2022,6092278
Benin,BEN,2023,5927823
Benin,BEN,2024,6066339
Bermuda,BMU,1965,179536
Bermuda,BMU,1966,201520
Bermuda,BMU,1967,212512
Bermuda,BMU,1968,223504
Bermuda,BMU,1969,197856
Bermuda,BMU,1970,227168
Bermuda,BMU,1971,230832
Bermuda,BMU,1972,252815.98
Bermuda,BMU,1973,425024
Bermuda,BMU,1974,443344
Bermuda,BMU,1975,458000
Bermuda,BMU,1976,468992
Bermuda,BMU,1977,454336
Bermuda,BMU,1978,425024
Bermuda,BMU,1979,461664
Bermuda,BMU,1980,436016
Bermuda,BMU,1981,388384
Bermuda,BMU,1982,395712
Bermuda,BMU,1983,450672
Bermuda,BMU,1984,443344
Bermuda,BMU,1985,450672
Bermuda,BMU,1986,421360
Bermuda,BMU,1987,571584
Bermuda,BMU,1988,644864
Bermuda,BMU,1989,780432
Bermuda,BMU,1990,501968.03
Bermuda,BMU,1991,538608
Bermuda,BMU,1992,461664
Bermuda,BMU,1993,538608
Bermuda,BMU,1994,531280
Bermuda,BMU,1995,531280
Bermuda,BMU,1996,527616
Bermuda,BMU,1997,523952
Bermuda,BMU,1998,520288
Bermuda,BMU,1999,512960.03
Bermuda,BMU,2000,516623.97
Bermuda,BMU,2001,527616
Bermuda,BMU,2002,556928
Bermuda,BMU,2003,560592
Bermuda,BMU,2004,582576
Bermuda,BMU,2005,582576
Bermuda,BMU,2006,655856
Bermuda,BMU,2007,729136
Bermuda,BMU,2008,644864
Bermuda,BMU,2009,472656
Bermuda,BMU,2010,604560
Bermuda,BMU,2011,443344
Bermuda,BMU,2012,366400
Bermuda,BMU,2013,534944
Bermuda,BMU,2014,666848
Bermuda,BMU,2015,542272
Bermuda,BMU,2016,615552
Bermuda,BMU,2017,641200
Bermuda,BMU,2018,696160
Bermuda,BMU,2019,593568
Bermuda,BMU,2020,436016
Bermuda,BMU,2021,516623.97
Bermuda,BMU,2022,530727
Bermuda,BMU,2023,529653
Bermuda,BMU,2024,550001
Bhutan,BTN,1970,3664
Bhutan,BTN,1971,3664
Bhutan,BTN,1972,3664
Bhutan,BTN,1973,3664
Bhutan,BTN,1974,3664
Bhutan,BTN,1975,3664
Bhutan,BTN,1976,3664
Bhutan,BTN,1977,7328
Bhutan,BTN,1978,10992
Bhutan,BTN,1979,21984
Bhutan,BTN,1980,21984
Bhutan,BTN,1981,55349
Bhutan,BTN,1982,62680.996
Bhutan,BTN,1983,86749
Bhutan,BTN,1984,108740
Bhutan,BTN,1985,119740
Bhutan,BTN,1986,112419
Bhutan,BTN,1987,160059
Bhutan,BTN,1988,167395
Bhutan,BTN,1989,119770
Bhutan,BTN,1990,185730
Bhutan,BTN,1991,185738
Bhutan,BTN,1992,215057
Bhutan,BTN,1993,181786
Bhutan,BTN,1994,212410
Bhutan,BTN,1995,248966
Bhutan,BTN,1996,298272
Bhutan,BTN,1997,390105
Bhutan,BTN,1998,385183
Bhutan,BTN,1999,385869
Bhutan,BTN,2000,396871
Bhutan,BTN,2001,463541
Bhutan,BTN,2002,494002
Bhutan,BTN,2003,494012
Bhutan,BTN,2004,436153
Bhutan,BTN,2005,546084
Bhutan,BTN,2006,411117
Bhutan,BTN,2007,397186
Bhutan,BTN,2008,646350
Bhutan,BTN,2009,683001
Bhutan,BTN,2010,905464
Bhutan,BTN,2011,1006822.94
Bhutan,BTN,2012,1150018
Bhutan,BTN,2013,1268971
Bhutan,BTN,2014,1332335
Bhutan,BTN,2015,1433898
Bhutan,BTN,2016,1560270
Bhutan,BTN,2017,1649287
Bhutan,BTN,2018,1681916
Bhutan,BTN,2019,1564881
Bhutan,BTN,2020,1213662
Bhutan,BTN,2021,1454682
Bhutan,BTN,2022,1549593
Bhutan,BTN,2023,1629648
Bhutan,BTN,2024,1657416
Bolivia,BOL,1965,1509330
Bolivia,BOL,1966,1688837
Bolivia,BOL,1967,1890386
Bolivia,BOL,1968,2176118
Bolivia,BOL,1969,2546154
Bolivia,BOL,1970,2483717
Bolivia,BOL,1971,3058935
Bolivia,BOL,1972,3568142
Bolivia,BOL,1973,3454469
Bolivia,BOL,1974,3512944
Bolivia,BOL,1975,4054978.8
Bolivia,BOL,1976,4575109
Bolivia,BOL,1977,4475530
Bolivia,BOL,1978,5021126
Bolivia,BOL,1979,4731349
Bolivia,BOL,1980,4660842
Bolivia,BOL,1981,4783898
Bolivia,BOL,1982,4340744
Bolivia,BOL,1983,4281503
Bolivia,BOL,1984,4032625.2
Bolivia,BOL,1985,4114618.8
Bolivia,BOL,1986,3767794
Bolivia,BOL,1987,4017859
Bolivia,BOL,1988,4294312
Bolivia,BOL,1989,4977477
Bolivia,BOL,1990,10017548
Bolivia,BOL,1991,10505752
Bolivia,BOL,1992,11025174
Bolivia,BOL,1993,11561578
Bolivia,BOL,1994,9649576
Bolivia,BOL,1995,9028558
Bolivia,BOL,1996,10027261
Bolivia,BOL,1997,11732910
Bolivia,BOL,1998,11264037
Bolivia,BOL,1999,10950275
Bolivia,BOL,2000,8442282
Bolivia,BOL,2001,8752278
Bolivia,BOL,2002,10414980
Bolivia,BOL,2003,10983067
Bolivia,BOL,2004,11051123
Bolivia,BOL,2005,12336852
Bolivia,BOL,2006,12368667
Bolivia,BOL,2007,12740015
Bolivia,BOL,2008,13027696
Bolivia,BOL,2009,13633147
Bolivia,BOL,2010,14808615
Bolivia,BOL,2011,16051197
Bolivia,BOL,2012,17574666
Bolivia,BOL,2013,17777708
Bolivia,BOL,2014,19900322
Bolivia,BOL,2015,19899728
Bolivia,BOL,2016,21249604
Bolivia,BOL,2017,22181584
Bolivia,BOL,2018,22508872
Bolivia,BOL,2019,22609254
Bolivia,BOL,2020,18320192
Bolivia,BOL,2021,21766604
Bolivia,BOL,2022,23488206
Bolivia,BOL,2023,24620520
Bolivia,BOL,2024,28708664
Bonaire Sint Eustatius and Saba,BES,1965,165400
Bonaire Sint Eustatius and Saba,BES,1966,154667
Bonaire Sint Eustatius and Saba,BES,1967,190521
Bonaire Sint Eustatius and Saba,BES,1968,177162
Bonaire Sint Eustatius and Saba,BES,1969,231857
Bonaire Sint Eustatius and Saba,BES,1970,259319
Bonaire Sint Eustatius and Saba,BES,1971,225691
Bonaire Sint Eustatius and Saba,BES,1972,218840
Bonaire Sint Eustatius and Saba,BES,1973,242762
Bonaire Sint Eustatius and Saba,BES,1974,220039
Bonaire Sint Eustatius and Saba,BES,1975,159348
Bonaire Sint Eustatius and Saba,BES,1976,340392
Bonaire Sint Eustatius and Saba,BES,1977,177790
Bonaire Sint Eustatius and Saba,BES,1978,151412
Bonaire Sint Eustatius and Saba,BES,1979,158834
Bonaire Sint Eustatius and Saba,BES,1980,163459
Bonaire Sint Eustatius and Saba,BES,1981,155694
Bonaire Sint Eustatius and Saba,BES,1982,174078
Bonaire Sint Eustatius and Saba,BES,1983,89466
Bonaire Sint Eustatius and Saba,BES,1984,223407
Bonaire Sint Eustatius and Saba,BES,1985,261489
Bonaire Sint Eustatius and Saba,BES,1986,50128
Bonaire Sint Eustatius and Saba,BES,1987,44565
Bonaire Sint Eustatius and Saba,BES,1988,43900
Bonaire Sint Eustatius and Saba,BES,1989,83567
Bonaire Sint Eustatius and Saba,BES,1990,89493
Bonaire Sint Eustatius and Saba,BES,1991,71413
Bonaire Sint Eustatius and Saba,BES,1992,58836
Bonaire Sint Eustatius and Saba,BES,1993,90823
Bonaire Sint Eustatius and Saba,BES,1994,87074
Bonaire Sint Eustatius and Saba,BES,1995,86167
Bonaire Sint Eustatius and Saba,BES,1996,80604
Bonaire Sint Eustatius and Saba,BES,1997,84353
Bonaire Sint Eustatius and Saba,BES,1998,4656
Bonaire Sint Eustatius and Saba,BES,1999,34890
Bonaire Sint Eustatius and Saba,BES,2000,92577
Bonaire Sint Eustatius and Saba,BES,2001,94270
Bonaire Sint Eustatius and Saba,BES,2002,90884
Bonaire Sint Eustatius and Saba,BES,2003,90944
Bonaire Sint Eustatius and Saba,BES,2004,95419
Bonaire Sint Eustatius and Saba,BES,2005,94572
Bonaire Sint Eustatius and Saba,BES,2006,98563
Bonaire Sint Eustatius and Saba,BES,2007,110959
Bonaire Sint Eustatius and Saba,BES,2008,106727
Bonaire Sint Eustatius and Saba,BES,2009,109206
Bonaire Sint Eustatius and Saba,BES,2010,75223
Bonaire Sint Eustatius and Saba,BES,2011,95963
Bonaire Sint Eustatius and Saba,BES,2012,117248
Bonaire Sint Eustatius and Saba,BES,2013,113584
Bonaire Sint Eustatius and Saba,BES,2014,117248
Bonaire Sint Eustatius and Saba,BES,2015,128240.01
Bonaire Sint Eustatius and Saba,BES,2016,131904
Bonaire Sint Eustatius and Saba,BES,2017,139232
Bonaire Sint Eustatius and Saba,BES,2018,131904
Bonaire Sint Eustatius and Saba,BES,2019,139232
Bonaire Sint Eustatius and Saba,BES,2020,131904
Bonaire Sint Eustatius and Saba,BES,2021,139232
Bonaire Sint Eustatius and Saba,BES,2022,146560
Bonaire Sint Eustatius and Saba,BES,2023,146264
Bonaire Sint Eustatius and Saba,BES,2024,151882
Bosnia and Herzegovina,BIH,1965,7513601
Bosnia and Herzegovina,BIH,1966,7445411
Bosnia and Herzegovina,BIH,1967,7520487
Bosnia and Herzegovina,BIH,1968,8043586.5
Bosnia and Herzegovina,BIH,1969,8340376
Bosnia and Herzegovina,BIH,1970,10898070
Bosnia and Herzegovina,BIH,1971,11745568
Bosnia and Herzegovina,BIH,1972,11007961
Bosnia and Herzegovina,BIH,1973,13149553
Bosnia and Herzegovina,BIH,1974,13206350
Bosnia and Herzegovina,BIH,1975,13780342
Bosnia and Herzegovina,BIH,1976,14221507
Bosnia and Herzegovina,BIH,1977,13829974
Bosnia and Herzegovina,BIH,1978,15452787
Bosnia and Herzegovina,BIH,1979,16806128
Bosnia and Herzegovina,BIH,1980,16523752
Bosnia and Herzegovina,BIH,1981,17982970
Bosnia and Herzegovina,BIH,1982,16518715
Bosnia and Herzegovina,BIH,1983,17787872
Bosnia and Herzegovina,BIH,1984,18759304
Bosnia and Herzegovina,BIH,1985,19135500
Bosnia and Herzegovina,BIH,1986,19983062
Bosnia and Herzegovina,BIH,1987,19508412
Bosnia and Herzegovina,BIH,1988,20129572
Bosnia and Herzegovina,BIH,1989,20067720
Bosnia and Herzegovina,BIH,1990,19872074
Bosnia and Herzegovina,BIH,1991,14059958
Bosnia and Herzegovina,BIH,1992,15028713
Bosnia and Herzegovina,BIH,1993,12580576
Bosnia and Herzegovina,BIH,1994,3204952
Bosnia and Herzegovina,BIH,1995,3405593
Bosnia and Herzegovina,BIH,1996,4239503
Bosnia and Herzegovina,BIH,1997,8365764.5
Bosnia and Herzegovina,BIH,1998,10550597
Bosnia and Herzegovina,BIH,1999,10333251
Bosnia and Herzegovina,BIH,2000,13702133
Bosnia and Herzegovina,BIH,2001,13262733
Bosnia and Herzegovina,BIH,2002,14172601
Bosnia and Herzegovina,BIH,2003,14358120
Bosnia and Herzegovina,BIH,2004,15462454
Bosnia and Herzegovina,BIH,2005,16046078
Bosnia and Herzegovina,BIH,2006,17386820
Bosnia and Herzegovina,BIH,2007,17474332
Bosnia and Herzegovina,BIH,2008,19955086
Bosnia and Herzegovina,BIH,2009,20537094
Bosnia and Herzegovina,BIH,2010,21145704
Bosnia and Herzegovina,BIH,2011,23764900
Bosnia and Herzegovina,BIH,2012,22137784
Bosnia and Herzegovina,BIH,2013,21801106
Bosnia and Herzegovina,BIH,2014,19311786
Bosnia and Herzegovina,BIH,2015,18460492
Bosnia and Herzegovina,BIH,2016,21734072
Bosnia and Herzegovina,BIH,2017,22152510
Bosnia and Herzegovina,BIH,2018,22078696
Bosnia and Herzegovina,BIH,2019,20810378
Bosnia and Herzegovina,BIH,2020,20831812
Bosnia and Herzegovina,BIH,2021,21267650
Bosnia and Herzegovina,BIH,2022,20742836
Bosnia and Herzegovina,BIH,2023,19881310
Bosnia and Herzegovina,BIH,2024,19425932
Botswana,BWA,1972,21984
Botswana,BWA,1973,51296
Botswana,BWA,1974,87936
Botswana,BWA,1975,186864
Botswana,BWA,1976,593568
Botswana,BWA,1977,780432
Botswana,BWA,1978,831728
Botswana,BWA,1979,941648
Botswana,BWA,1980,1403446
Botswana,BWA,1981,1407600
Botswana,BWA,1982,1399200
Botswana,BWA,1983,1329584
Botswana,BWA,1984,1344240
Botswana,BWA,1985,1657824
Botswana,BWA,1986,1566224
Botswana,BWA,1987,1838432
Botswana,BWA,1988,2000720
Botswana,BWA,1989,2228960
Botswana,BWA,1990,2700368
Botswana,BWA,1991,2634416
Botswana,BWA,1992,2777312
Botswana,BWA,1993,3195008
Botswana,BWA,1994,3030128
Botswana,BWA,1995,3044784
Botswana,BWA,1996,2755328
Botswana,BWA,1997,2799296
Botswana,BWA,1998,3341568
Botswana,BWA,1999,3158368
Botswana,BWA,2000,3777584
Botswana,BWA,2001,3847200
Botswana,BWA,2002,3975440
Botswana,BWA,2003,3825216
Botswana,BWA,2004,3894832
Botswana,BWA,2005,4096352
Botswana,BWA,2006,4132991.8
Botswana,BWA,2007,4228256
Botswana,BWA,2008,4503056
Botswana,BWA,2009,3855444
Botswana,BWA,2010,4537275
Botswana,BWA,2011,4028802
Botswana,BWA,2012,5076711
Botswana,BWA,2013,5663055
Botswana,BWA,2014,6850164
Botswana,BWA,2015,5417540
Botswana,BWA,2016,6340873
Botswana,BWA,2017,7066344
Botswana,BWA,2018,7643491
Botswana,BWA,2019,7485552
Botswana,BWA,2020,6192160
Botswana,BWA,2021,6683136
Botswana,BWA,2022,7395755
Botswana,BWA,2023,7248677
Botswana,BWA,2024,7461599
Brazil,BRA,1965,56272604
Brazil,BRA,1966,64153876
Brazil,BRA,1967,66021996
Brazil,BRA,1968,77210430
Brazil,BRA,1969,84071830
Brazil,BRA,1970,93466984
Brazil,BRA,1971,102313960
Brazil,BRA,1972,113992010
Brazil,BRA,1973,132029210
Brazil,BRA,1974,142980540
Brazil,BRA,1975,150287150
Brazil,BRA,1976,154561870
Brazil,BRA,1977,162313580
Brazil,BRA,1978,177060600
Brazil,BRA,1979,187727740
Brazil,BRA,1980,186127380
Brazil,BRA,1981,171261920
Brazil,BRA,1982,171439150
Brazil,BRA,1983,165851310
Brazil,BRA,1984,167524240
Brazil,BRA,1985,180064830
Brazil,BRA,1986,197183400
Brazil,BRA,1987,205911790
Brazil,BRA,1988,207640260
Brazil,BRA,1989,212015970
Brazil,BRA,1990,218657680
Brazil,BRA,1991,229393580
Brazil,BRA,1992,233600860
Brazil,BRA,1993,244305540
Brazil,BRA,1994,254002260
Brazil,BRA,1995,268677540
Brazil,BRA,1996,289310900
Brazil,BRA,1997,306949060
Brazil,BRA,1998,317359420
Brazil,BRA,1999,327255650
Brazil,BRA,2000,340182820
Brazil,BRA,2001,346165730
Brazil,BRA,2002,347764960
Brazil,BRA,2003,344644930
Brazil,BRA,2004,361434020
Brazil,BRA,2005,364370560
Brazil,BRA,2006,368870940
Brazil,BRA,2007,390573440
Brazil,BRA,2008,412637860
Brazil,BRA,2009,389775330
Brazil,BRA,2010,440269060
Brazil,BRA,2011,461911330
Brazil,BRA,2012,497468200
Brazil,BRA,2013,531568830
Brazil,BRA,2014,556525500
Brazil,BRA,2015,528173540
Brazil,BRA,2016,491744830
Brazil,BRA,2017,497254560
Brazil,BRA,2018,476600540
Brazil,BRA,2019,476723740
Brazil,BRA,2020,447999400
Brazil,BRA,2021,496562000
Brazil,BRA,2022,480058300
Brazil,BRA,2023,483991940
Brazil,BRA,2024,483011550
British Virgin Islands,VGB,1965,7328
British Virgin Islands,VGB,1966,10992
British Virgin Islands,VGB,1967,3664
British Virgin Islands,VGB,1968,14656
British Virgin Islands,VGB,1969,18320
British Virgin Islands,VGB,1970,18320
British Virgin Islands,VGB,1971,21984
British Virgin Islands,VGB,1972,21984
British Virgin Islands,VGB,1973,25648
British Virgin Islands,VGB,1974,25648
British Virgin Islands,VGB,1975,25648
British Virgin Islands,VGB,1976,25648
British Virgin Islands,VGB,1977,29312
British Virgin Islands,VGB,1978,29312
British Virgin Islands,VGB,1979,29312
British Virgin Islands,VGB,1980,29312
British Virgin Islands,VGB,1981,43968
British Virgin Islands,VGB,1982,36640
British Virgin Islands,VGB,1983,40304
British Virgin Islands,VGB,1984,40304
British Virgin Islands,VGB,1985,47632
British Virgin Islands,VGB,1986,54960
British Virgin Islands,VGB,1987,62288
British Virgin Islands,VGB,1988,65952
British Virgin Islands,VGB,1989,65952
British Virgin Islands,VGB,1990,65952
British Virgin Islands,VGB,1991,73280
British Virgin Islands,VGB,1992,80608
British Virgin Islands,VGB,1993,84272
British Virgin Islands,VGB,1994,87936
British Virgin Islands,VGB,1995,87936
British Virgin Islands,VGB,1996,98928
British Virgin Islands,VGB,1997,102592
British Virgin Islands,VGB,1998,102592
British Virgin Islands,VGB,1999,113584
British Virgin Islands,VGB,2000,117248
British Virgin Islands,VGB,2001,128240.01
British Virgin Islands,VGB,2002,139232
British Virgin Islands,VGB,2003,146560
British Virgin Islands,VGB,2004,153888
British Virgin Islands,VGB,2005,164880
British Virgin Islands,VGB,2006,179536
British Virgin Islands,VGB,2007,183200
British Virgin Islands,VGB,2008,190528
British Virgin Islands,VGB,2009,194192
British Virgin Islands,VGB,2010,212512
British Virgin Islands,VGB,2011,208848
British Virgin Islands,VGB,2012,208848
British Virgin Islands,VGB,2013,212512
British Virgin Islands,VGB,2014,216176
British Virgin Islands,VGB,2015,223504
British Virgin Islands,VGB,2016,227168
British Virgin Islands,VGB,2017,179536
British Virgin Islands,VGB,2018,157552
British Virgin Islands,VGB,2019,183200
British Virgin Islands,VGB,2020,179536
British Virgin Islands,VGB,2021,183200
British Virgin Islands,VGB,2022,185761
British Virgin Islands,VGB,2023,185385
British Virgin Islands,VGB,2024,192507
Brunei,BRN,1965,333424
Brunei,BRN,1966,490976
Brunei,BRN,1967,439680
Brunei,BRN,1968,428688
Brunei,BRN,1969,487312
Brunei,BRN,1970,8203696.5
Brunei,BRN,1971,7511200
Brunei,BRN,1972,9453120
Brunei,BRN,1973,9973408
Brunei,BRN,1974,8178048
Brunei,BRN,1975,7075184
Brunei,BRN,1976,6019952
Brunei,BRN,1977,6390016
Brunei,BRN,1978,9533728
Brunei,BRN,1979,7434256
Brunei,BRN,1980,6877328
Brunei,BRN,1981,2059168.1
Brunei,BRN,1982,2664731
Brunei,BRN,1983,2733344
Brunei,BRN,1984,1916272
Brunei,BRN,1985,2594112
Brunei,BRN,1986,2297328
Brunei,BRN,1987,3315920
Brunei,BRN,1988,5712176
Brunei,BRN,1989,6342384
Brunei,BRN,1990,5008688
Brunei,BRN,1991,6826032
Brunei,BRN,1992,6668480
Brunei,BRN,1993,5851408
Brunei,BRN,1994,5292824
Brunei,BRN,1995,5884485
Brunei,BRN,1996,5962526
Brunei,BRN,1997,6178846
Brunei,BRN,1998,5595279
Brunei,BRN,1999,5978051
Brunei,BRN,2000,5886176
Brunei,BRN,2001,5757950
Brunei,BRN,2002,5285426
Brunei,BRN,2003,6139636
Brunei,BRN,2004,5966673
Brunei,BRN,2005,5428519
Brunei,BRN,2006,7143688
Brunei,BRN,2007,8076697.5
Brunei,BRN,2008,9165561
Brunei,BRN,2009,7744925
Brunei,BRN,2010,8017381.5
Brunei,BRN,2011,9555439
Brunei,BRN,2012,9499828
Brunei,BRN,2013,7626055
Brunei,BRN,2014,8830992
Brunei,BRN,2015,6933290
Brunei,BRN,2016,7632908
Brunei,BRN,2017,9309384
Brunei,BRN,2018,9341090
Brunei,BRN,2019,9564189
Brunei,BRN,2020,11157091
Brunei,BRN,2021,11708841
Brunei,BRN,2022,12237038
Brunei,BRN,2023,12502692
Brunei,BRN,2024,12052463
Bulgaria,BGR,1965,46269140
Bulgaria,BGR,1966,48716010
Bulgaria,BGR,1967,55107668
Bulgaria,BGR,1968,59463508
Bulgaria,BGR,1969,66307708
Bulgaria,BGR,1970,61173972
Bulgaria,BGR,1971,64221556
Bulgaria,BGR,1972,66078920
Bulgaria,BGR,1973,68717270
Bulgaria,BGR,1974,71136530
Bulgaria,BGR,1975,72925750
Bulgaria,BGR,1976,72968370
Bulgaria,BGR,1977,75795864
Bulgaria,BGR,1978,81207210
Bulgaria,BGR,1979,78931440
Bulgaria,BGR,1980,77254110
Bulgaria,BGR,1981,80090340
Bulgaria,BGR,1982,89844184
Bulgaria,BGR,1983,90061304
Bulgaria,BGR,1984,87044930
Bulgaria,BGR,1985,89221336
Bulgaria,BGR,1986,91172376
Bulgaria,BGR,1987,91276710
Bulgaria,BGR,1988,86916990
Bulgaria,BGR,1989,86467180
Bulgaria,BGR,1990,76637944
Bulgaria,BGR,1991,61520710
Bulgaria,BGR,1992,57355644
Bulgaria,BGR,1993,58389170
Bulgaria,BGR,1994,56382556
Bulgaria,BGR,1995,57916560
Bulgaria,BGR,1996,58460404
Bulgaria,BGR,1997,55806190
Bulgaria,BGR,1998,53113840
Bulgaria,BGR,1999,46371320
Bulgaria,BGR,2000,45499310
Bulgaria,BGR,2001,49019640
Bulgaria,BGR,2002,46141040
Bulgaria,BGR,2003,50491210
Bulgaria,BGR,2004,49537290
Bulgaria,BGR,2005,50600356
Bulgaria,BGR,2006,51837492
Bulgaria,BGR,2007,55669220
Bulgaria,BGR,2008,54025910
Bulgaria,BGR,2009,45750250
Bulgaria,BGR,2010,47815700
Bulgaria,BGR,2011,53120460
Bulgaria,BGR,2012,48276560
Bulgaria,BGR,2013,42582988
Bulgaria,BGR,2014,45169064
Bulgaria,BGR,2015,48127124
Bulgaria,BGR,2016,45343750
Bulgaria,BGR,2017,47445844
Bulgaria,BGR,2018,43503330
Bulgaria,BGR,2019,42194980
Bulgaria,BGR,2020,36571028
Bulgaria,BGR,2021,42365030
Bulgaria,BGR,2022,46931790
Bulgaria,BGR,2023,34500948
Bulgaria,BGR,2024,31621824
Burkina Faso,BFA,1965,102592
Burkina Faso,BFA,1966,102592
Burkina Faso,BFA,1967,102592
Burkina Faso,BFA,1968,102592
Burkina Faso,BFA,1969,120912
Burkina Faso,BFA,1970,142896
Burkina Faso,BFA,1971,150224
Burkina Faso,BFA,1972,161216
Burkina Faso,BFA,1973,168544
Burkina Faso,BFA,1974,205184
Burkina Faso,BFA,1975,219840
Burkina Faso,BFA,1976,208848
Burkina Faso,BFA,1977,249152
Burkina Faso,BFA,1978,348080
Burkina Faso,BFA,1979,406704
Burkina Faso,BFA,1980,432352
Burkina Faso,BFA,1981,556928
Burkina Faso,BFA,1982,575248
Burkina Faso,BFA,1983,593568
Burkina Faso,BFA,1984,465328
Burkina Faso,BFA,1985,476320
Burkina Faso,BFA,1986,479984
Burkina Faso,BFA,1987,516623.97
Burkina Faso,BFA,1988,553264
Burkina Faso,BFA,1989,820736
Burkina Faso,BFA,1990,593568
Burkina Faso,BFA,1991,637536
Burkina Faso,BFA,1992,633872
Burkina Faso,BFA,1993,633872
Burkina Faso,BFA,1994,659520
Burkina Faso,BFA,1995,660750
Burkina Faso,BFA,1996,726684
Burkina Faso,BFA,1997,763703
Burkina Faso,BFA,1998,847950
Burkina Faso,BFA,1999,1040182
Burkina Faso,BFA,2000,930782
Burkina Faso,BFA,2001,1064375
Burkina Faso,BFA,2002,1067265
Burkina Faso,BFA,2003,1184465
Burkina Faso,BFA,2004,1107473
Burkina Faso,BFA,2005,1103760
Burkina Faso,BFA,2006,1217233
Burkina Faso,BFA,2007,1616447
Burkina Faso,BFA,2008,1817817
Burkina Faso,BFA,2009,1836305
Burkina Faso,BFA,2010,1985076
Burkina Faso,BFA,2011,2149253
Burkina Faso,BFA,2012,2611586
Burkina Faso,BFA,2013,2808880
Burkina Faso,BFA,2014,2867520
Burkina Faso,BFA,2015,3743772
Burkina Faso,BFA,2016,3987637
Burkina Faso,BFA,2017,4621631
Burkina Faso,BFA,2018,5226246
Burkina Faso,BFA,2019,5618020
Burkina Faso,BFA,2020,5618088
Burkina Faso,BFA,2021,6328719
Burkina Faso,BFA,2022,6542194
Burkina Faso,BFA,2023,6308441
Burkina Faso,BFA,2024,6507663
Burundi,BDI,1965,36640
Burundi,BDI,1966,47632
Burundi,BDI,1967,47632
Burundi,BDI,1968,54960
Burundi,BDI,1969,73280
Burundi,BDI,1970,62288
Burundi,BDI,1971,73280
Burundi,BDI,1972,73280
Burundi,BDI,1973,73280
Burundi,BDI,1974,91600
Burundi,BDI,1975,76944
Burundi,BDI,1976,87936
Burundi,BDI,1977,98928
Burundi,BDI,1978,102592
Burundi,BDI,1979,109920
Burundi,BDI,1980,146560
Burundi,BDI,1981,157552
Burundi,BDI,1982,157552
Burundi,BDI,1983,205184
Burundi,BDI,1984,219840
Burundi,BDI,1985,230832
Burundi,BDI,1986,234496
Burundi,BDI,1987,249152
Burundi,BDI,1988,227168
Burundi,BDI,1989,267472
Burundi,BDI,1990,208848
Burundi,BDI,1991,238160
Burundi,BDI,1992,216176
Burundi,BDI,1993,227168
Burundi,BDI,1994,234496
Burundi,BDI,1995,238160
Burundi,BDI,1996,241824
Burundi,BDI,1997,249152
Burundi,BDI,1998,249152
Burundi,BDI,1999,252815.98
Burundi,BDI,2000,271136
Burundi,BDI,2001,205184
Burundi,BDI,2002,212512
Burundi,BDI,2003,168544
Burundi,BDI,2004,197856
Burundi,BDI,2005,157552
Burundi,BDI,2006,186864
Burundi,BDI,2007,186864
Burundi,BDI,2008,201520
Burundi,BDI,2009,216176
Burundi,BDI,2010,333424
Burundi,BDI,2011,414032
Burundi,BDI,2012,392048
Burundi,BDI,2013,436016
Burundi,BDI,2014,355126
Burundi,BDI,2015,355408
Burundi,BDI,2016,428688
Burundi,BDI,2017,516498.03
Burundi,BDI,2018,645097
Burundi,BDI,2019,685168
Burundi,BDI,2020,739430
Burundi,BDI,2021,771677
Burundi,BDI,2022,877523
Burundi,BDI,2023,900716
Burundi,BDI,2024,916664
Cambodia,KHM,1965,377392
Cambodia,KHM,1966,439680
Cambodia,KHM,1967,388384
Cambodia,KHM,1968,461664
Cambodia,KHM,1969,1315296
Cambodia,KHM,1970,1154160
Cambodia,KHM,1971,219840
Cambodia,KHM,1972,91600
Cambodia,KHM,1973,87936
Cambodia,KHM,1974,47632
Cambodia,KHM,1975,47632
Cambodia,KHM,1976,47632
Cambodia,KHM,1977,47632
Cambodia,KHM,1978,47632
Cambodia,KHM,1979,29312
Cambodia,KHM,1980,285792
Cambodia,KHM,1981,300448
Cambodia,KHM,1982,337088
Cambodia,KHM,1983,366400
Cambodia,KHM,1984,410368
Cambodia,KHM,1985,417696
Cambodia,KHM,1986,432352
Cambodia,KHM,1987,436016
Cambodia,KHM,1988,450672
Cambodia,KHM,1989,450672
Cambodia,KHM,1990,1260416
Cambodia,KHM,1991,1304384
Cambodia,KHM,1992,1348352
Cambodia,KHM,1993,1384992
Cambodia,KHM,1994,1425296
Cambodia,KHM,1995,1498576
Cambodia,KHM,1996,1516896
Cambodia,KHM,1997,1465600
Cambodia,KHM,1998,1875968
Cambodia,KHM,1999,1894288
Cambodia,KHM,2000,1996880
Cambodia,KHM,2001,2235040
Cambodia,KHM,2002,2154432
Cambodia,KHM,2003,2253360
Cambodia,KHM,2004,2238704
Cambodia,KHM,2005,2209392
Cambodia,KHM,2006,2846928
Cambodia,KHM,2007,3489462
Cambodia,KHM,2008,3936332
Cambodia,KHM,2009,4579380
Cambodia,KHM,2010,5067388
Cambodia,KHM,2011,5271034
Cambodia,KHM,2012,5572352
Cambodia,KHM,2013,5625738
Cambodia,KHM,2014,6702344
Cambodia,KHM,2015,8186074.5
Cambodia,KHM,2016,10643550
Cambodia,KHM,2017,12087146
Cambodia,KHM,2018,13937509
Cambodia,KHM,2019,18626280
Cambodia,KHM,2020,20990796
Cambodia,KHM,2021,20775382
Cambodia,KHM,2022,20865134
Cambodia,KHM,2023,21411502
Cambodia,KHM,2024,21882690
Cameroon,CMR,1965,311440
Cameroon,CMR,1966,344416
Cameroon,CMR,1967,458000
Cameroon,CMR,1968,505631.97
Cameroon,CMR,1969,571584
Cameroon,CMR,1970,637417
Cameroon,CMR,1971,809179
Cameroon,CMR,1972,860357
Cameroon,CMR,1973,896911
Cameroon,CMR,1974,973762
Cameroon,CMR,1975,1160537
Cameroon,CMR,1976,1088970
Cameroon,CMR,1977,1559048
Cameroon,CMR,1978,1993205
Cameroon,CMR,1979,1815342
Cameroon,CMR,1980,3885945
Cameroon,CMR,1981,5319124
Cameroon,CMR,1982,6315888
Cameroon,CMR,1983,6554480
Cameroon,CMR,1984,6052928
Cameroon,CMR,1985,6470624
Cameroon,CMR,1986,1993216
Cameroon,CMR,1987,1842992
Cameroon,CMR,1988,2153961
Cameroon,CMR,1989,7577693
Cameroon,CMR,1990,2604793
Cameroon,CMR,1991,2668440
Cameroon,CMR,1992,2712299
Cameroon,CMR,1993,2865801
Cameroon,CMR,1994,4879764
Cameroon,CMR,1995,5374671
Cameroon,CMR,1996,5974660
Cameroon,CMR,1997,5378781
Cameroon,CMR,1998,5373172
Cameroon,CMR,1999,5219450
Cameroon,CMR,2000,5588569
Cameroon,CMR,2001,5562424
Cameroon,CMR,2002,5350642
Cameroon,CMR,2003,5704622
Cameroon,CMR,2004,5698455
Cameroon,CMR,2005,5423858
Cameroon,CMR,2006,5485919
Cameroon,CMR,2007,7409373
Cameroon,CMR,2008,7320619
Cameroon,CMR,2009,8554963
Cameroon,CMR,2010,8383322
Cameroon,CMR,2011,8105278
Cameroon,CMR,2012,7607038
Cameroon,CMR,2013,7853181
Cameroon,CMR,2014,8775174
Cameroon,CMR,2015,9849951
Cameroon,CMR,2016,9964924
Cameroon,CMR,2017,9581728
Cameroon,CMR,2018,9843863
Cameroon,CMR,2019,9605290
Cameroon,CMR,2020,9716267
Cameroon,CMR,2021,9733522
Cameroon,CMR,2022,9792435
Cameroon,CMR,2023,9694864
Cameroon,CMR,2024,9631583
Canada,CAN,1965,251917060
Canada,CAN,1966,259074370
Canada,CAN,1967,281637020
Canada,CAN,1968,303261340
Canada,CAN,1969,307119260
Canada,CAN,1970,341232200
Canada,CAN,1971,352316700
Canada,CAN,1972,380813660
Canada,CAN,1973,381298850
Canada,CAN,1974,389631550
Canada,CAN,1975,396790430
Canada,CAN,1976,398965920
Canada,CAN,1977,407790500
Canada,CAN,1978,415532320
Canada,CAN,1979,441684060
Canada,CAN,1980,442843200
Canada,CAN,1981,429622400
Canada,CAN,1982,414454880
Canada,CAN,1983,408334850
Canada,CAN,1984,425237000
Canada,CAN,1985,421726000
Canada,CAN,1986,404715230
Canada,CAN,1987,430982050
Canada,CAN,1988,455672830
Canada,CAN,1989,462888830
Canada,CAN,1990,458017860
Canada,CAN,1991,449776450
Canada,CAN,1992,463392770
Canada,CAN,1993,464071580
Canada,CAN,1994,478467870
Canada,CAN,1995,491305340
Canada,CAN,1996,507775200
Canada,CAN,1997,522018700
Canada,CAN,1998,529614820
Canada,CAN,1999,543859500
Canada,CAN,2000,566679900
Canada,CAN,2001,558980600
Canada,CAN,2002,564256200
Canada,CAN,2003,581190400
Canada,CAN,2004,576286400
Canada,CAN,2005,570396100
Canada,CAN,2006,566315400
Canada,CAN,2007,589956200
Canada,CAN,2008,574214340
Canada,CAN,2009,541129860
Canada,CAN,2010,554307460
Canada,CAN,2011,562832450
Canada,CAN,2012,561769540
Canada,CAN,2013,568589700
Canada,CAN,2014,564938240
Canada,CAN,2015,563002560
Canada,CAN,2016,553707000
Canada,CAN,2017,566660300
Canada,CAN,2018,575090750
Canada,CAN,2019,579007040
Canada,CAN,2020,524207940
Canada,CAN,2021,537478660
Canada,CAN,2022,547657660
Canada,CAN,2023,545478500
Canada,CAN,2024,533340100
Cape Verde,CPV,1965,25589
Cape Verde,CPV,1966,21984
Cape Verde,CPV,1967,18320
Cape Verde,CPV,1968,29282
Cape Verde,CPV,1969,36581
Cape Verde,CPV,1970,36581
Cape Verde,CPV,1971,36610
Cape Verde,CPV,1972,51266
Cape Verde,CPV,1973,62229
Cape Verde,CPV,1974,65952
Cape Verde,CPV,1975,76944
Cape Verde,CPV,1976,73280
Cape Verde,CPV,1977,80608
Cape Verde,CPV,1978,208542
Cape Verde,CPV,1979,249152
Cape Verde,CPV,1980,120912
Cape Verde,CPV,1981,32976
Cape Verde,CPV,1982,36640
Cape Verde,CPV,1983,36640
Cape Verde,CPV,1984,84272
Cape Verde,CPV,1985,84272
Cape Verde,CPV,1986,58624
Cape Verde,CPV,1987,80608
Cape Verde,CPV,1988,73280
Cape Verde,CPV,1989,80608
Cape Verde,CPV,1990,179536
Cape Verde,CPV,1991,164880
Cape Verde,CPV,1992,179536
Cape Verde,CPV,1993,168544
Cape Verde,CPV,1994,175872
Cape Verde,CPV,1995,197856
Cape Verde,CPV,1996,219840
Cape Verde,CPV,1997,227168
Cape Verde,CPV,1998,241824
Cape Verde,CPV,1999,285792
Cape Verde,CPV,2000,296784
Cape Verde,CPV,2001,348080
Cape Verde,CPV,2002,384720
Cape Verde,CPV,2003,414032
Cape Verde,CPV,2004,428688
Cape Verde,CPV,2005,447008
Cape Verde,CPV,2006,494640
Cape Verde,CPV,2007,505631.97
Cape Verde,CPV,2008,472656
Cape Verde,CPV,2009,523952
Cape Verde,CPV,2010,556928
Cape Verde,CPV,2011,615552
Cape Verde,CPV,2012,501968.03
Cape Verde,CPV,2013,494640
Cape Verde,CPV,2014,490976
Cape Verde,CPV,2015,494640
Cape Verde,CPV,2016,531280
Cape Verde,CPV,2017,571584
Cape Verde,CPV,2018,571584
Cape Verde,CPV,2019,630208
Cape Verde,CPV,2020,520288
Cape Verde,CPV,2021,589904
Cape Verde,CPV,2022,597650
Cape Verde,CPV,2023,571493
Cape Verde,CPV,2024,593786
Central African Republic,CAF,1965,87936
Central African Republic,CAF,1966,84272
Central African Republic,CAF,1967,91600
Central African Republic,CAF,1968,183200
Central African Republic,CAF,1969,186864
Central African Republic,CAF,1970,208848
Central African Republic,CAF,1971,183200
Central African Republic,CAF,1972,168544
Central African Republic,CAF,1973,161216
Central African Republic,CAF,1974,113584
Central African Republic,CAF,1975,102592
Central African Republic,CAF,1976,128240.01
Central African Republic,CAF,1977,128240.01
Central African Republic,CAF,1978,146560
Central African Republic,CAF,1979,102592
Central African Republic,CAF,1980,106256
Central African Republic,CAF,1981,135568
Central African Republic,CAF,1982,142896
Central African Republic,CAF,1983,146560
Central African Republic,CAF,1984,150224
Central African Republic,CAF,1985,161216
Central African Republic,CAF,1986,161216
Central African Republic,CAF,1987,260144
Central African Republic,CAF,1988,230832
Central African Republic,CAF,1989,249152
Central African Republic,CAF,1990,183200
Central African Republic,CAF,1991,190528
Central African Republic,CAF,1992,194192
Central African Republic,CAF,1993,197856
Central African Republic,CAF,1994,208848
Central African Republic,CAF,1995,208848
Central African Republic,CAF,1996,212512
Central African Republic,CAF,1997,216176
Central African Republic,CAF,1998,219840
Central African Republic,CAF,1999,230832
Central African Republic,CAF,2000,124576
Central African Republic,CAF,2001,142896
Central African Republic,CAF,2002,117248
Central African Republic,CAF,2003,113584
Central African Republic,CAF,2004,124576
Central African Republic,CAF,2005,128240.01
Central African Republic,CAF,2006,139232
Central African Republic,CAF,2007,153888
Central African Republic,CAF,2008,150224
Central African Republic,CAF,2009,153888
Central African Republic,CAF,2010,168544
Central African Republic,CAF,2011,153888
Central African Republic,CAF,2012,183200
Central African Republic,CAF,2013,102592
Central African Republic,CAF,2014,131904
Central African Republic,CAF,2015,194192
Central African Republic,CAF,2016,238160
Central African Republic,CAF,2017,285792
Central African Republic,CAF,2018,271136
Central African Republic,CAF,2019,311440
Central African Republic,CAF,2020,333424
Central African Republic,CAF,2021,366400
Central African Republic,CAF,2022,377392
Central African Republic,CAF,2023,389279
Central African Republic,CAF,2024,394681
Chad,TCD,1965,106256
Chad,TCD,1966,84272
Chad,TCD,1967,117248
Chad,TCD,1968,124576
Chad,TCD,1969,161216
Chad,TCD,1970,124576
Chad,TCD,1971,150224
Chad,TCD,1972,120912
Chad,TCD,1973,161216
Chad,TCD,1974,150224
Chad,TCD,1975,183200
Chad,TCD,1976,183200
Chad,TCD,1977,197856
Chad,TCD,1978,194192
Chad,TCD,1979,201520
Chad,TCD,1980,208848
Chad,TCD,1981,208848
Chad,TCD,1982,205184
Chad,TCD,1983,205184
Chad,TCD,1984,216176
Chad,TCD,1985,179536
Chad,TCD,1986,186864
Chad,TCD,1987,197856
Chad,TCD,1988,65952
Chad,TCD,1989,102592
Chad,TCD,1990,377392
Chad,TCD,1991,388384
Chad,TCD,1992,403040
Chad,TCD,1993,399376
Chad,TCD,1994,415769
Chad,TCD,1995,427411
Chad,TCD,1996,443217
Chad,TCD,1997,453097
Chad,TCD,1998,463839
Chad,TCD,1999,473581
Chad,TCD,2000,487512
Chad,TCD,2001,505594
Chad,TCD,2002,531213
Chad,TCD,2003,882414
Chad,TCD,2004,906195
Chad,TCD,2005,929366
Chad,TCD,2006,957287
Chad,TCD,2007,1088955
Chad,TCD,2008,872463
Chad,TCD,2009,1219710
Chad,TCD,2010,1236006
Chad,TCD,2011,1276613
Chad,TCD,2012,1746611
Chad,TCD,2013,2082161
Chad,TCD,2014,2182780
Chad,TCD,2015,2351874
Chad,TCD,2016,2381583
Chad,TCD,2017,2340762
Chad,TCD,2018,2383510
Chad,TCD,2019,2299785
Chad,TCD,2020,2356446
Chad,TCD,2021,2670142
Chad,TCD,2022,2800401
Chad,TCD,2023,2848394
Chad,TCD,2024,2831401
Chile,CHL,1965,17747296
Chile,CHL,1966,18772474
Chile,CHL,1967,19238336
Chile,CHL,1968,21202238
Chile,CHL,1969,22531470
Chile,CHL,1970,24635802
Chile,CHL,1971,27055772
Chile,CHL,1972,28138996
Chile,CHL,1973,27588492
Chile,CHL,1974,25877996
Chile,CHL,1975,22946678
Chile,CHL,1976,24028886
Chile,CHL,1977,23016920
Chile,CHL,1978,22842018
Chile,CHL,1979,24729668
Chile,CHL,1980,25099954
Chile,CHL,1981,24347142
Chile,CHL,1982,20475268
Chile,CHL,1983,20674086
Chile,CHL,1984,22004684
Chile,CHL,1985,21292252
Chile,CHL,1986,22022472
Chile,CHL,1987,22410186
Chile,CHL,1988,26600006
Chile,CHL,1989,32017860
Chile,CHL,1990,32908154
Chile,CHL,1991,30891790
Chile,CHL,1992,32000672
Chile,CHL,1993,34097864
Chile,CHL,1994,37974876
Chile,CHL,1995,41562676
Chile,CHL,1996,48226290
Chile,CHL,1997,55942020
Chile,CHL,1998,57258430
Chile,CHL,1999,61407972
Chile,CHL,2000,58502620
Chile,CHL,2001,52918388
Chile,CHL,2002,54835612
Chile,CHL,2003,55100212
Chile,CHL,2004,59221090
Chile,CHL,2005,61116456
Chile,CHL,2006,64048280
Chile,CHL,2007,70469250
Chile,CHL,2008,70549010
Chile,CHL,2009,65959764
Chile,CHL,2010,71347480
Chile,CHL,2011,78071440
Chile,CHL,2012,79620890
Chile,CHL,2013,81733270
Chile,CHL,2014,77586210
Chile,CHL,2015,81778460
Chile,CHL,2016,84250500
Chile,CHL,2017,84134620
Chile,CHL,2018,84442640
Chile,CHL,2019,91977050
Chile,CHL,2020,80178220
Chile,CHL,2021,83630310
Chile,CHL,2022,85743784
Chile,CHL,2023,77604216
Chile,CHL,2024,78725544
China,CHN,1965,500293700
China,CHN,1966,549466700
China,CHN,1967,460233200
China,CHN,1968,495513900
China,CHN,1969,607694340
China,CHN,1970,807963650
China,CHN,1971,909209860
China,CHN,1972,968635800
China,CHN,1973,1008268600
China,CHN,1974,1028063500
China,CHN,1975,1183153500
China,CHN,1976,1226339500
China,CHN,1977,1340715300
China,CHN,1978,1492517500
China,CHN,1979,1525417300
China,CHN,1980,1494297900
China,CHN,1981,1476280000
China,CHN,1982,1606239100
China,CHN,1983,1693746700
China,CHN,1984,1844212700
China,CHN,1985,1997193300
China,CHN,1986,2103429900
China,CHN,1987,2256629500
China,CHN,1988,2424444200
China,CHN,1989,2462150000
China,CHN,1990,2483534300
China,CHN,1991,2619143400
China,CHN,1992,2731290400
China,CHN,1993,2914284500
China,CHN,1994,3093890800
China,CHN,1995,3351197200
China,CHN,1996,3499310600
China,CHN,1997,3512350000
China,CHN,1998,3355336000
China,CHN,1999,3549949000
China,CHN,2000,3643809500
China,CHN,2001,3724114200
China,CHN,2002,4098180600
China,CHN,2003,4835251700
China,CHN,2004,5210961400
China,CHN,2005,5881990700
China,CHN,2006,6486184400
China,CHN,2007,6974663000
China,CHN,2008,7492404000
China,CHN,2009,7881491000
China,CHN,2010,8610048000
China,CHN,2011,9520154000
China,CHN,2012,9767310000
China,CHN,2013,9942371000
China,CHN,2014,9976027000
China,CHN,2015,9858040000
China,CHN,2016,9748175000
China,CHN,2017,10000013000
China,CHN,2018,10346790000
China,CHN,2019,10713515000
China,CHN,2020,10896520000
China,CHN,2021,11284401000
China,CHN,2022,11711807000
China,CHN,2023,12172008000
China,CHN,2024,12289037000
Christmas Island,CXR,1970,69616
Christmas Island,CXR,1971,84272
Christmas Island,CXR,1972,84272
Christmas Island,CXR,1973,69616
Christmas Island,CXR,1974,124576
Christmas Island,CXR,1975,135568
Christmas Island,CXR,1976,124576
Christmas Island,CXR,1977,91600
Christmas Island,CXR,1978,91600
Christmas Island,CXR,1979,98928
Christmas Island,CXR,1980,98928
Christmas Island,CXR,1981,102592
Christmas Island,CXR,1982,73280
Christmas Island,CXR,1983,80608
Christmas Island,CXR,1994,0
Christmas Island,CXR,1995,0
Christmas Island,CXR,1996,0
Christmas Island,CXR,1997,0
Christmas Island,CXR,1998,0
Christmas Island,CXR,1999,0
Christmas Island,CXR,2000,0
Christmas Island,CXR,2001,0
Christmas Island,CXR,2002,0
Christmas Island,CXR,2003,0
Christmas Island,CXR,2004,0
Christmas Island,CXR,2005,0
Christmas Island,CXR,2006,0
Christmas Island,CXR,2007,0
Christmas Island,CXR,2008,0
Christmas Island,CXR,2009,0
Christmas Island,CXR,2010,0
Christmas Island,CXR,2011,0
Christmas Island,CXR,2012,0
Christmas Island,CXR,2013,0
Christmas Island,CXR,2014,0
Christmas Island,CXR,2015,0
Christmas Island,CXR,2016,0
Christmas Island,CXR,2017,0
Christmas Island,CXR,2018,0
Christmas Island,CXR,2019,0
Christmas Island,CXR,2020,0
Christmas Island,CXR,2021,0
Christmas Island,CXR,2022,0
Christmas Island,CXR,2023,0
Christmas Island,CXR,2024,0
Colombia,COL,1965,22858734
Colombia,COL,1966,23474196
Colombia,COL,1967,24686832
Colombia,COL,1968,26572754
Colombia,COL,1969,28016278
Colombia,COL,1970,28370052
Colombia,COL,1971,30281818
Colombia,COL,1972,31426040
Colombia,COL,1973,33632292
Colombia,COL,1974,36396396
Colombia,COL,1975,35811224
Colombia,COL,1976,37982796
Colombia,COL,1977,39244230
Colombia,COL,1978,41538936
Colombia,COL,1979,44272470
Colombia,COL,1980,44180384
Colombia,COL,1981,44267244
Colombia,COL,1982,45687820
Colombia,COL,1983,49218310
Colombia,COL,1984,48711976
Colombia,COL,1985,48090920
Colombia,COL,1986,48767856
Colombia,COL,1987,50138300
Colombia,COL,1988,52151852
Colombia,COL,1989,53100070
Colombia,COL,1990,56856930
Colombia,COL,1991,56609030
Colombia,COL,1992,61340670
Colombia,COL,1993,63260200
Colombia,COL,1994,66981812
Colombia,COL,1995,59349884
Colombia,COL,1996,59628172
Colombia,COL,1997,65095604
Colombia,COL,1998,65559572
Colombia,COL,1999,55285852
Colombia,COL,2000,56212940
Colombia,COL,2001,56465132
Colombia,COL,2002,55416708
Colombia,COL,2003,57033490
Colombia,COL,2004,54324040
Colombia,COL,2005,60256470
Colombia,COL,2006,62465710
Colombia,COL,2007,60669936
Colombia,COL,2008,66982210
Colombia,COL,2009,71770970
Colombia,COL,2010,75431170
Colombia,COL,2011,75191390
Colombia,COL,2012,78674824
Colombia,COL,2013,86445096
Colombia,COL,2014,92041690
Colombia,COL,2015,91026590
Colombia,COL,2016,91582890
Colombia,COL,2017,83458820
Colombia,COL,2018,90810690
Colombia,COL,2019,98961910
Colombia,COL,2020,92305150
Colombia,COL,2021,103733530
Colombia,COL,2022,89436940
Colombia,COL,2023,89992344
Colombia,COL,2024,92659384
Comoros,COM,1965,14656
Comoros,COM,1966,18320
Comoros,COM,1967,18320
Comoros,COM,1968,18320
Comoros,COM,1969,18320
Comoros,COM,1970,29312
Comoros,COM,1971,29312
Comoros,COM,1972,29312
Comoros,COM,1973,29312
Comoros,COM,1974,29312
Comoros,COM,1975,32976
Comoros,COM,1976,40304
Comoros,COM,1977,40304
Comoros,COM,1978,29312
Comoros,COM,1979,21984
Comoros,COM,1980,47632
Comoros,COM,1981,47632
Comoros,COM,1982,47632
Comoros,COM,1983,47632
Comoros,COM,1984,47632
Comoros,COM,1985,47632
Comoros,COM,1986,43968
Comoros,COM,1987,47632
Comoros,COM,1988,51296
Comoros,COM,1989,51296
Comoros,COM,1990,62288
Comoros,COM,1991,65952
Comoros,COM,1992,69616
Comoros,COM,1993,69616
Comoros,COM,1994,73280
Comoros,COM,1995,76944
Comoros,COM,1996,76944
Comoros,COM,1997,80608
Comoros,COM,1998,87936
Comoros,COM,1999,95264
Comoros,COM,2000,102592
Comoros,COM,2001,106256
Comoros,COM,2002,106256
Comoros,COM,2003,135568
Comoros,COM,2004,150224
Comoros,COM,2005,142896
Comoros,COM,2006,168544
Comoros,COM,2007,106256
Comoros,COM,2008,109920
Comoros,COM,2009,135568
Comoros,COM,2010,161216
Comoros,COM,2011,142896
Comoros,COM,2012,153888
Comoros,COM,2013,183200
Comoros,COM,2014,164880
Comoros,COM,2015,179536
Comoros,COM,2016,205184
Comoros,COM,2017,263808
Comoros,COM,2018,285792
Comoros,COM,2019,311440
Comoros,COM,2020,370064
Comoros,COM,2021,498304
Comoros,COM,2022,531671
Comoros,COM,2023,542130
Comoros,COM,2024,551650
Congo,COG,1965,245488
Congo,COG,1966,307776
Congo,COG,1967,322432
Congo,COG,1968,450672
Congo,COG,1969,501968.03
Congo,COG,1970,571584
Congo,COG,1971,685168
Congo,COG,1972,663184
Congo,COG,1973,1220112
Congo,COG,1974,1623152
Congo,COG,1975,1099200
Congo,COG,1976,1234768
Congo,COG,1977,479984
Congo,COG,1978,322432
Congo,COG,1979,348080
Congo,COG,1980,405529
Congo,COG,1981,470724
Congo,COG,1982,1343102
Congo,COG,1983,1142452
Congo,COG,1984,1139504
Congo,COG,1985,1275224
Congo,COG,1986,1062373
Congo,COG,1987,1320092
Congo,COG,1988,1492941
Congo,COG,1989,1495627
Congo,COG,1990,1007907.06
Congo,COG,1991,1082796
Congo,COG,1992,1289163
Congo,COG,1993,1160443
Congo,COG,1994,3383880
Congo,COG,1995,3224670
Congo,COG,1996,4037411.2
Congo,COG,1997,4830572
Congo,COG,1998,3869270
Congo,COG,1999,3915579
Congo,COG,2000,4284250
Congo,COG,2001,4177806.8
Congo,COG,2002,2720283
Congo,COG,2003,3258111
Congo,COG,2004,3548607
Congo,COG,2005,4352130
Congo,COG,2006,4785876
Congo,COG,2007,4259311
Congo,COG,2008,4270264
Congo,COG,2009,4943653
Congo,COG,2010,5499943
Congo,COG,2011,5046421
Congo,COG,2012,5018026
Congo,COG,2013,5890374
Congo,COG,2014,5471087
Congo,COG,2015,5636681
Congo,COG,2016,5727211
Congo,COG,2017,5650948
Congo,COG,2018,6544667
Congo,COG,2019,7293597
Congo,COG,2020,7677297
Congo,COG,2021,7392860
Congo,COG,2022,8727515
Congo,COG,2023,8274273
Congo,COG,2024,8839770
Cook Islands,COK,1969,10992
Cook Islands,COK,1970,10992
Cook Islands,COK,1971,10992
Cook Islands,COK,1972,10992
Cook Islands,COK,1973,10992
Cook Islands,COK,1974,10992
Cook Islands,COK,1975,14656
Cook Islands,COK,1976,14656
Cook Islands,COK,1977,29312
Cook Islands,COK,1978,29312
Cook Islands,COK,1979,25648
Cook Islands,COK,1980,29312
Cook Islands,COK,1981,65952
Cook Islands,COK,1982,51296
Cook Islands,COK,1983,51296
Cook Islands,COK,1984,21984
Cook Islands,COK,1985,21984
Cook Islands,COK,1986,21984
Cook Islands,COK,1987,21984
Cook Islands,COK,1988,21984
Cook Islands,COK,1989,21984
Cook Islands,COK,1990,40304
Cook Islands,COK,1991,40304
Cook Islands,COK,1992,40304
Cook Islands,COK,1993,43968
Cook Islands,COK,1994,43968
Cook Islands,COK,1995,43968
Cook Islands,COK,1996,51296
Cook Islands,COK,1997,51296
Cook Islands,COK,1998,51296
Cook Islands,COK,1999,51296
Cook Islands,COK,2000,51296
Cook Islands,COK,2001,54960
Cook Islands,COK,2002,43968
Cook Islands,COK,2003,47632
Cook Islands,COK,2004,51296
Cook Islands,COK,2005,58624
Cook Islands,COK,2006,65952
Cook Islands,COK,2007,65952
Cook Islands,COK,2008,65952
Cook Islands,COK,2009,62288
Cook Islands,COK,2010,69616
Cook Islands,COK,2011,76944
Cook Islands,COK,2012,80608
Cook Islands,COK,2013,80608
Cook Islands,COK,2014,80608
Cook Islands,COK,2015,76944
Cook Islands,COK,2016,76944
Cook Islands,COK,2017,76944
Cook Islands,COK,2018,76944
Cook Islands,COK,2019,80608
Cook Islands,COK,2020,65952
Cook Islands,COK,2021,73280
Cook Islands,COK,2022,76944
Cook Islands,COK,2023,76581
Cook Islands,COK,2024,80083
Costa Rica,CRI,1965,845909
Costa Rica,CRI,1966,992469
Costa Rica,CRI,1967,875250
Costa Rica,CRI,1968,1036376.94
Costa Rica,CRI,1969,1146178
Costa Rica,CRI,1970,1248681
Costa Rica,CRI,1971,1527026
Costa Rica,CRI,1972,1761314
Costa Rica,CRI,1973,2043412.9
Costa Rica,CRI,1974,1904091
Costa Rica,CRI,1975,2035847
Costa Rica,CRI,1976,2081705.1
Costa Rica,CRI,1977,2607083
Costa Rica,CRI,1978,2911430
Costa Rica,CRI,1979,2780103
Costa Rica,CRI,1980,2447316
Costa Rica,CRI,1981,2235059
Costa Rica,CRI,1982,2069382.9
Costa Rica,CRI,1983,2087543
Costa Rica,CRI,1984,1979192
Costa Rica,CRI,1985,2240471
Costa Rica,CRI,1986,2575016
Costa Rica,CRI,1987,2720968
Costa Rica,CRI,1988,2902907
Costa Rica,CRI,1989,2929799
Costa Rica,CRI,1990,2909155
Costa Rica,CRI,1991,3282460
Costa Rica,CRI,1992,3735318
Costa Rica,CRI,1993,3881498
Costa Rica,CRI,1994,5188111
Costa Rica,CRI,1995,4788613
Costa Rica,CRI,1996,4673413
Costa Rica,CRI,1997,4900029
Costa Rica,CRI,1998,5213757
Costa Rica,CRI,1999,5415418
Costa Rica,CRI,2000,5367233
Costa Rica,CRI,2001,5637902
Costa Rica,CRI,2002,6214329
Costa Rica,CRI,2003,6551020
Costa Rica,CRI,2004,6796823
Costa Rica,CRI,2005,6659584
Costa Rica,CRI,2006,6976076
Costa Rica,CRI,2007,7906676
Costa Rica,CRI,2008,7934122
Costa Rica,CRI,2009,7693122
Costa Rica,CRI,2010,7461208
Costa Rica,CRI,2011,7276383
Costa Rica,CRI,2012,7216786
Costa Rica,CRI,2013,7583546
Costa Rica,CRI,2014,7701873
Costa Rica,CRI,2015,7352825
Costa Rica,CRI,2016,7828942
Costa Rica,CRI,2017,7986782
Costa Rica,CRI,2018,7966997
Costa Rica,CRI,2019,7660395
Costa Rica,CRI,2020,6754070
Costa Rica,CRI,2021,7665438
Costa Rica,CRI,2022,8010137.5
Costa Rica,CRI,2023,8472529
Costa Rica,CRI,2024,8760451
Cote d'Ivoire,CIV,1965,1172480
Cote d'Ivoire,CIV,1966,1238432
Cote d'Ivoire,CIV,1967,1359344
Cote d'Ivoire,CIV,1968,1597504
Cote d'Ivoire,CIV,1969,1890624
Cote d'Ivoire,CIV,1970,2242368
Cote d'Ivoire,CIV,1971,2454880
Cote d'Ivoire,CIV,1972,2711360
Cote d'Ivoire,CIV,1973,2876240
Cote d'Ivoire,CIV,1974,3242640
Cote d'Ivoire,CIV,1975,3986432
Cote d'Ivoire,CIV,1976,3960784
Cote d'Ivoire,CIV,1977,4052384
Cote d'Ivoire,CIV,1978,4814496
Cote d'Ivoire,CIV,1979,5419056
Cote d'Ivoire,CIV,1980,5569280
Cote d'Ivoire,CIV,1981,3865520
Cote d'Ivoire,CIV,1982,5554624
Cote d'Ivoire,CIV,1983,4517712
Cote d'Ivoire,CIV,1984,5133264
Cote d'Ivoire,CIV,1985,6983584
Cote d'Ivoire,CIV,1986,5576608
Cote d'Ivoire,CIV,1987,7349984
Cote d'Ivoire,CIV,1988,8804592
Cote d'Ivoire,CIV,1989,8265983.5
Cote d'Ivoire,CIV,1990,4781520
Cote d'Ivoire,CIV,1991,4308864
Cote d'Ivoire,CIV,1992,3843536
Cote d'Ivoire,CIV,1993,5092960
Cote d'Ivoire,CIV,1994,4132991.8
Cote d'Ivoire,CIV,1995,6225337
Cote d'Ivoire,CIV,1996,7526009
Cote d'Ivoire,CIV,1997,7211238
Cote d'Ivoire,CIV,1998,6748157
Cote d'Ivoire,CIV,1999,6095407
Cote d'Ivoire,CIV,2000,6630064
Cote d'Ivoire,CIV,2001,7653345
Cote d'Ivoire,CIV,2002,7450165
Cote d'Ivoire,CIV,2003,5300525
Cote d'Ivoire,CIV,2004,7386261
Cote d'Ivoire,CIV,2005,7568019
Cote d'Ivoire,CIV,2006,6887238
Cote d'Ivoire,CIV,2007,6653270
Cote d'Ivoire,CIV,2008,6712605
Cote d'Ivoire,CIV,2009,5659943
Cote d'Ivoire,CIV,2010,6224746
Cote d'Ivoire,CIV,2011,6523170
Cote d'Ivoire,CIV,2012,8540010
Cote d'Ivoire,CIV,2013,9679770
Cote d'Ivoire,CIV,2014,9903225
Cote d'Ivoire,CIV,2015,9554745
Cote d'Ivoire,CIV,2016,11979472
Cote d'Ivoire,CIV,2017,12001905
Cote d'Ivoire,CIV,2018,10415200
Cote d'Ivoire,CIV,2019,10538745
Cote d'Ivoire,CIV,2020,11018607
Cote d'Ivoire,CIV,2021,13665820
Cote d'Ivoire,CIV,2022,14504321
Cote d'Ivoire,CIV,2023,14052436
Cote d'Ivoire,CIV,2024,14828585
Croatia,HRV,1965,8143818
Croatia,HRV,1966,8072182.5
Croatia,HRV,1967,8161031
Croatia,HRV,1968,8729798
Croatia,HRV,1969,9053721
Croatia,HRV,1970,11841030
Croatia,HRV,1971,12754926
Croatia,HRV,1972,11937099
Croatia,HRV,1973,14279449
Croatia,HRV,1974,14334891
Croatia,HRV,1975,14951388
Croatia,HRV,1976,15426878
Croatia,HRV,1977,14995625
Croatia,HRV,1978,16763645
Croatia,HRV,1979,18237566
Croatia,HRV,1980,17925540
Croatia,HRV,1981,19479716
Croatia,HRV,1982,17890910
Croatia,HRV,1983,19266562
Croatia,HRV,1984,20321102
Croatia,HRV,1985,20731470
Croatia,HRV,1986,21657046
Croatia,HRV,1987,21139226
Croatia,HRV,1988,21820488
Croatia,HRV,1989,21752126
Croatia,HRV,1990,22885220
Croatia,HRV,1991,16999432
Croatia,HRV,1992,16379164
Croatia,HRV,1993,16811040
Croatia,HRV,1994,16054554
Croatia,HRV,1995,16814490
Croatia,HRV,1996,17338434
Croatia,HRV,1997,18569168
Croatia,HRV,1998,19040028
Croatia,HRV,1999,20082224
Croatia,HRV,2000,19652682
Croatia,HRV,2001,20775934
Croatia,HRV,2002,21915520
Croatia,HRV,2003,23226188
Croatia,HRV,2004,22852690
Croatia,HRV,2005,23295552
Croatia,HRV,2006,23496198
Croatia,HRV,2007,24801760
Croatia,HRV,2008,23515656
Croatia,HRV,2009,21752318
Croatia,HRV,2010,20978134
Croatia,HRV,2011,20614658
Croatia,HRV,2012,19050020
Croatia,HRV,2013,18401342
Croatia,HRV,2014,17649938
Croatia,HRV,2015,17793892
Croatia,HRV,2016,18079278
Croatia,HRV,2017,18713126
Croatia,HRV,2018,17694512
Croatia,HRV,2019,17820422
Croatia,HRV,2020,16870106
Croatia,HRV,2021,17402972
Croatia,HRV,2022,17585164
Croatia,HRV,2023,18467598
Croatia,HRV,2024,18464850
Cuba,CUB,1965,14594137
Cuba,CUB,1966,15169385
Cuba,CUB,1967,15736880
Cuba,CUB,1968,16019522
Cuba,CUB,1969,17243298
Cuba,CUB,1970,18654088
Cuba,CUB,1971,19588660
Cuba,CUB,1972,20777370
Cuba,CUB,1973,22375342
Cuba,CUB,1974,22888060
Cuba,CUB,1975,27039482
Cuba,CUB,1976,27197066
Cuba,CUB,1977,29374202
Cuba,CUB,1978,30661204
Cuba,CUB,1979,31684546
Cuba,CUB,1980,31374024
Cuba,CUB,1981,32723480
Cuba,CUB,1982,34527344
Cuba,CUB,1983,30820618
Cuba,CUB,1984,32580692
Cuba,CUB,1985,32555866
Cuba,CUB,1986,33546752
Cuba,CUB,1987,33933260
Cuba,CUB,1988,35616450
Cuba,CUB,1989,35719060
Cuba,CUB,1990,29637756
Cuba,CUB,1991,26961236
Cuba,CUB,1992,20754494
Cuba,CUB,1993,19789710
Cuba,CUB,1994,21426368
Cuba,CUB,1995,22868304
Cuba,CUB,1996,23303738
Cuba,CUB,1997,24823734
Cuba,CUB,1998,24308508
Cuba,CUB,1999,24489204
Cuba,CUB,2000,25299178
Cuba,CUB,2001,24680938
Cuba,CUB,2002,25179234
Cuba,CUB,2003,25554362
Cuba,CUB,2004,24539812
Cuba,CUB,2005,25706188
Cuba,CUB,2006,26781428
Cuba,CUB,2007,25724220
Cuba,CUB,2008,27738204
Cuba,CUB,2009,28260750
Cuba,CUB,2010,33041988
Cuba,CUB,2011,29075760
Cuba,CUB,2012,29475822
Cuba,CUB,2013,27893984
Cuba,CUB,2014,27366440
Cuba,CUB,2015,29091232
Cuba,CUB,2016,27772246
Cuba,CUB,2017,24559170
Cuba,CUB,2018,23019470
Cuba,CUB,2019,22486916
Cuba,CUB,2020,21280834
Cuba,CUB,2021,22548866
Cuba,CUB,2022,23258538
Cuba,CUB,2023,23470270
Cuba,CUB,2024,24440234
Curacao,CUW,1965,8869588
Curacao,CUW,1966,8293998.5
Curacao,CUW,1967,10216712
Curacao,CUW,1968,9500287
Curacao,CUW,1969,12433344
Curacao,CUW,1970,13905995
Curacao,CUW,1971,12102686
Curacao,CUW,1972,11735289
Curacao,CUW,1973,13018118
Curacao,CUW,1974,11799583
Curacao,CUW,1975,8545054
Curacao,CUW,1976,18253532
Curacao,CUW,1977,9533965
Curacao,CUW,1978,8119485
Curacao,CUW,1979,8517499
Curacao,CUW,1980,8765492
Curacao,CUW,1981,8349107.5
Curacao,CUW,1982,9334958
Curacao,CUW,1983,4797599
Curacao,CUW,1984,11980220
Curacao,CUW,1985,14022338
Curacao,CUW,1986,2688125
Curacao,CUW,1987,2389805
Curacao,CUW,1988,2354136
Curacao,CUW,1989,4481289
Curacao,CUW,1990,4799065
Curacao,CUW,1991,3829524
Curacao,CUW,1992,3155061
Curacao,CUW,1993,4870403
Curacao,CUW,1994,4669361
Curacao,CUW,1995,4620722
Curacao,CUW,1996,4322401
Curacao,CUW,1997,4523443
Curacao,CUW,1998,249681
Curacao,CUW,1999,1870987
Curacao,CUW,2000,4964438
Curacao,CUW,2001,5055232
Curacao,CUW,2002,4873645
Curacao,CUW,2003,4876888
Curacao,CUW,2004,5116841
Curacao,CUW,2005,5071445
Curacao,CUW,2006,5285457
Curacao,CUW,2007,5950192
Curacao,CUW,2008,5723210
Curacao,CUW,2009,5856157
Curacao,CUW,2010,4033809.2
Curacao,CUW,2011,5146025
Curacao,CUW,2012,6287424
Curacao,CUW,2013,5932016
Curacao,CUW,2014,6796720
Curacao,CUW,2015,7331664
Curacao,CUW,2016,6203152
Curacao,CUW,2017,4968384
Curacao,CUW,2018,4323520
Curacao,CUW,2019,2396256
Curacao,CUW,2020,2007872.1
Curacao,CUW,2021,2139776
Curacao,CUW,2022,2209392
Curacao,CUW,2023,2204923
Curacao,CUW,2024,2289628
Cyprus,CYP,1965,1150110
Cyprus,CYP,1966,1241710
Cyprus,CYP,1967,1362265
Cyprus,CYP,1968,1622201
Cyprus,CYP,1969,1669803
Cyprus,CYP,1970,1702690
Cyprus,CYP,1971,1883533
Cyprus,CYP,1972,2405937
Cyprus,CYP,1973,2503532
Cyprus,CYP,1974,1928765
Cyprus,CYP,1975,1990826
Cyprus,CYP,1976,2487684
Cyprus,CYP,1977,2700114
Cyprus,CYP,1978,2845021
Cyprus,CYP,1979,3045442
Cyprus,CYP,1980,3260647
Cyprus,CYP,1981,3095654
Cyprus,CYP,1982,3157205
Cyprus,CYP,1983,3151348
Cyprus,CYP,1984,3234557
Cyprus,CYP,1985,3144994
Cyprus,CYP,1986,3606067
Cyprus,CYP,1987,4184954.2
Cyprus,CYP,1988,4197559
Cyprus,CYP,1989,4429735
Cyprus,CYP,1990,4647757
Cyprus,CYP,1991,5136100
Cyprus,CYP,1992,5508841
Cyprus,CYP,1993,5752779
Cyprus,CYP,1994,5994995
Cyprus,CYP,1995,5865764
Cyprus,CYP,1996,6215677
Cyprus,CYP,1997,6302385
Cyprus,CYP,1998,6596848
Cyprus,CYP,1999,6863432
Cyprus,CYP,2000,7106901
Cyprus,CYP,2001,6979659
Cyprus,CYP,2002,7171937
Cyprus,CYP,2003,7560774
Cyprus,CYP,2004,7787102
Cyprus,CYP,2005,7951671
Cyprus,CYP,2006,8183131
Cyprus,CYP,2007,8475067
Cyprus,CYP,2008,8691636
Cyprus,CYP,2009,8437988
Cyprus,CYP,2010,8071821
Cyprus,CYP,2011,7792363
Cyprus,CYP,2012,7261668
Cyprus,CYP,2013,6578171
Cyprus,CYP,2014,6929789
Cyprus,CYP,2015,6952477
Cyprus,CYP,2016,7349926
Cyprus,CYP,2017,7469282
Cyprus,CYP,2018,7324203
Cyprus,CYP,2019,7324482
Cyprus,CYP,2020,6903173
Cyprus,CYP,2021,6950782
Cyprus,CYP,2022,7070778
Cyprus,CYP,2023,7188089
Cyprus,CYP,2024,7299328
Czechia,CZE,1965,122230060
Czechia,CZE,1966,121569530
Czechia,CZE,1967,121311770
Czechia,CZE,1968,126921260
Czechia,CZE,1969,134731730
Czechia,CZE,1970,154465330
Czechia,CZE,1971,162014350
Czechia,CZE,1972,163482380
Czechia,CZE,1973,164133980
Czechia,CZE,1974,166025230
Czechia,CZE,1975,173690880
Czechia,CZE,1976,180427470
Czechia,CZE,1977,185803310
Czechia,CZE,1978,187483460
Czechia,CZE,1979,182571250
Czechia,CZE,1980,184691120
Czechia,CZE,1981,182673310
Czechia,CZE,1982,180876580
Czechia,CZE,1983,181106670
Czechia,CZE,1984,187201040
Czechia,CZE,1985,184632940
Czechia,CZE,1986,185887500
Czechia,CZE,1987,183677340
Czechia,CZE,1988,180664260
Czechia,CZE,1989,172367140
Czechia,CZE,1990,164252300
Czechia,CZE,1991,148886190
Czechia,CZE,1992,145708180
Czechia,CZE,1993,140126130
Czechia,CZE,1994,132670150
Czechia,CZE,1995,131623810
Czechia,CZE,1996,135019230
Czechia,CZE,1997,130942000
Czechia,CZE,1998,125716776
Czechia,CZE,1999,116668900
Czechia,CZE,2000,127233490
Czechia,CZE,2001,127165210
Czechia,CZE,2002,123988120
Czechia,CZE,2003,127591670
Czechia,CZE,2004,128313656
Czechia,CZE,2005,125713460
Czechia,CZE,2006,126532560
Czechia,CZE,2007,128363630
Czechia,CZE,2008,122927730
Czechia,CZE,2009,114972080
Czechia,CZE,2010,117464090
Czechia,CZE,2011,115178136
Czechia,CZE,2012,111275540
Czechia,CZE,2013,106710090
Czechia,CZE,2014,104232570
Czechia,CZE,2015,104989704
Czechia,CZE,2016,106636424
Czechia,CZE,2017,107735540
Czechia,CZE,2018,106322056
Czechia,CZE,2019,100997496
Czechia,CZE,2020,91661460
Czechia,CZE,2021,96629410
Czechia,CZE,2022,95039670
Czechia,CZE,2023,83232250
Czechia,CZE,2024,75623000
Democratic Republic of Congo,COD,1965,2468527
Democratic Republic of Congo,COD,1966,2402514
Democratic Republic of Congo,COD,1967,2288811
Democratic Republic of Congo,COD,1968,3366027
Democratic Republic of Congo,COD,1969,3648037
Democratic Republic of Congo,COD,1970,2709666
Democratic Republic of Congo,COD,1971,2958670
Democratic Republic of Congo,COD,1972,3017204
Democratic Republic of Congo,COD,1973,3189175
Democratic Republic of Congo,COD,1974,3364690
Democratic Republic of Congo,COD,1975,3232786
Democratic Republic of Congo,COD,1976,3404885
Democratic Republic of Congo,COD,1977,3476971
Democratic Republic of Congo,COD,1978,3525975
Democratic Republic of Congo,COD,1979,3740105
Democratic Republic of Congo,COD,1980,3485020
Democratic Republic of Congo,COD,1981,3755424
Democratic Republic of Congo,COD,1982,3046965
Democratic Republic of Congo,COD,1983,3998000
Democratic Republic of Congo,COD,1984,3931640
Democratic Republic of Congo,COD,1985,3611908
Democratic Republic of Congo,COD,1986,3345663
Democratic Republic of Congo,COD,1987,3815863
Democratic Republic of Congo,COD,1988,3977992
Democratic Republic of Congo,COD,1989,4351992
Democratic Republic of Congo,COD,1990,4248965
Democratic Republic of Congo,COD,1991,3132604
Democratic Republic of Congo,COD,1992,2808223
Democratic Republic of Congo,COD,1993,2662330
Democratic Republic of Congo,COD,1994,2750982
Democratic Republic of Congo,COD,1995,3096173
Democratic Republic of Congo,COD,1996,3472628
Democratic Republic of Congo,COD,1997,3089412
Democratic Republic of Congo,COD,1998,2733258
Democratic Republic of Congo,COD,1999,2199437
Democratic Republic of Congo,COD,2000,1704731
Democratic Republic of Congo,COD,2001,1647457
Democratic Republic of Congo,COD,2002,1734094
Democratic Republic of Congo,COD,2003,2096084.1
Democratic Republic of Congo,COD,2004,2027893.1
Democratic Republic of Congo,COD,2005,2287396
Democratic Republic of Congo,COD,2006,2351727
Democratic Republic of Congo,COD,2007,2622976
Democratic Republic of Congo,COD,2008,2685120
Democratic Republic of Congo,COD,2009,2445967
Democratic Republic of Congo,COD,2010,2735413
Democratic Republic of Congo,COD,2011,3041045
Democratic Republic of Congo,COD,2012,2797330
Democratic Republic of Congo,COD,2013,3921089
Democratic Republic of Congo,COD,2014,5065957
Democratic Republic of Congo,COD,2015,3274380
Democratic Republic of Congo,COD,2016,2659404
Democratic Republic of Congo,COD,2017,2920246
Democratic Republic of Congo,COD,2018,3774205
Democratic Republic of Congo,COD,2019,4118092
Democratic Republic of Congo,COD,2020,4304789
Democratic Republic of Congo,COD,2021,4292237
Democratic Republic of Congo,COD,2022,5892366
Democratic Republic of Congo,COD,2023,5881086
Democratic Republic of Congo,COD,2024,5904451
Denmark,DNK,1965,44304364
Denmark,DNK,1966,50085740
Denmark,DNK,1967,49033756
Denmark,DNK,1968,53280004
Denmark,DNK,1969,59349916
Denmark,DNK,1970,62043060
Denmark,DNK,1971,57004340
Denmark,DNK,1972,59579076
Denmark,DNK,1973,59197596
Denmark,DNK,1974,55013120
Denmark,DNK,1975,55712320
Denmark,DNK,1976,60056950
Denmark,DNK,1977,61769064
Denmark,DNK,1978,61028388
Denmark,DNK,1979,62907830
Denmark,DNK,1980,60289812
Denmark,DNK,1981,51719536
Denmark,DNK,1982,53619116
Denmark,DNK,1983,50101824
Denmark,DNK,1984,50784364
Denmark,DNK,1985,59984216
Denmark,DNK,1986,58801908
Denmark,DNK,1987,58245904
Denmark,DNK,1988,55013980
Denmark,DNK,1989,48685212
Denmark,DNK,1990,53476972
Denmark,DNK,1991,64104610
Denmark,DNK,1992,58326548
Denmark,DNK,1993,60573716
Denmark,DNK,1994,64673270
Denmark,DNK,1995,61653396
Denmark,DNK,1996,74899650
Denmark,DNK,1997,65437820
Denmark,DNK,1998,61238296
Denmark,DNK,1999,58652804
Denmark,DNK,2000,54306576
Denmark,DNK,2001,55896748
Denmark,DNK,2002,55554384
Denmark,DNK,2003,60645450
Denmark,DNK,2004,55100010
Denmark,DNK,2005,51534924
Denmark,DNK,2006,59500240
Denmark,DNK,2007,54709350
Denmark,DNK,2008,51256330
Denmark,DNK,2009,48851416
Denmark,DNK,2010,49189692
Denmark,DNK,2011,44236864
Denmark,DNK,2012,39861260
Denmark,DNK,2013,41763010
Denmark,DNK,2014,37571384
Denmark,DNK,2015,35110572
Denmark,DNK,2016,36916560
Denmark,DNK,2017,34664620
Denmark,DNK,2018,34608956
Denmark,DNK,2019,30950284
Denmark,DNK,2020,28299676
Denmark,DNK,2021,29603524
Denmark,DNK,2022,29094320
Denmark,DNK,2023,28831184
Denmark,DNK,2024,28369162
Djibouti,DJI,1965,120912
Djibouti,DJI,1966,139232
Djibouti,DJI,1967,87936
Djibouti,DJI,1968,120912
Djibouti,DJI,1969,84272
Djibouti,DJI,1970,139232
Djibouti,DJI,1971,161216
Djibouti,DJI,1972,190528
Djibouti,DJI,1973,179536
Djibouti,DJI,1974,194192
Djibouti,DJI,1975,197856
Djibouti,DJI,1976,197856
Djibouti,DJI,1977,197856
Djibouti,DJI,1978,201520
Djibouti,DJI,1979,362736
Djibouti,DJI,1980,348080
Djibouti,DJI,1981,300448
Djibouti,DJI,1982,348080
Djibouti,DJI,1983,348080
Djibouti,DJI,1984,351744
Djibouti,DJI,1985,359072
Djibouti,DJI,1986,377392
Djibouti,DJI,1987,388384
Djibouti,DJI,1988,348080
Djibouti,DJI,1989,388384
Djibouti,DJI,1990,296784
Djibouti,DJI,1991,300448
Djibouti,DJI,1992,304112
Djibouti,DJI,1993,304112
Djibouti,DJI,1994,300448
Djibouti,DJI,1995,311440
Djibouti,DJI,1996,304112
Djibouti,DJI,1997,333424
Djibouti,DJI,1998,388384
Djibouti,DJI,1999,388384
Djibouti,DJI,2000,366400
Djibouti,DJI,2001,366400
Djibouti,DJI,2002,399376
Djibouti,DJI,2003,421360
Djibouti,DJI,2004,406704
Djibouti,DJI,2005,414032
Djibouti,DJI,2006,414032
Djibouti,DJI,2007,454336
Djibouti,DJI,2008,494640
Djibouti,DJI,2009,443344
Djibouti,DJI,2010,516623.97
Djibouti,DJI,2011,315104
Djibouti,DJI,2012,293120
Djibouti,DJI,2013,380818
Djibouti,DJI,2014,417618
Djibouti,DJI,2015,504921.03
Djibouti,DJI,2016,427766
Djibouti,DJI,2017,413743
Djibouti,DJI,2018,471518
Djibouti,DJI,2019,540217
Djibouti,DJI,2020,463062
Djibouti,DJI,2021,557615
Djibouti,DJI,2022,550390
Djibouti,DJI,2023,557559
Djibouti,DJI,2024,564084
Dominica,DMA,1965,14656
Dominica,DMA,1966,14656
Dominica,DMA,1967,21984
Dominica,DMA,1968,21984
Dominica,DMA,1969,18320
Dominica,DMA,1970,25648
Dominica,DMA,1971,25648
Dominica,DMA,1972,25648
Dominica,DMA,1973,25648
Dominica,DMA,1974,29312
Dominica,DMA,1975,29312
Dominica,DMA,1976,29312
Dominica,DMA,1977,25648
Dominica,DMA,1978,25648
Dominica,DMA,1979,32976
Dominica,DMA,1980,36640
Dominica,DMA,1981,36640
Dominica,DMA,1982,40304
Dominica,DMA,1983,40304
Dominica,DMA,1984,43968
Dominica,DMA,1985,47632
Dominica,DMA,1986,47632
Dominica,DMA,1987,47632
Dominica,DMA,1988,54960
Dominica,DMA,1989,58624
Dominica,DMA,1990,58624
Dominica,DMA,1991,58624
Dominica,DMA,1992,58624
Dominica,DMA,1993,62288
Dominica,DMA,1994,69616
Dominica,DMA,1995,80608
Dominica,DMA,1996,73280
Dominica,DMA,1997,80608
Dominica,DMA,1998,76944
Dominica,DMA,1999,80608
Dominica,DMA,2000,102592
Dominica,DMA,2001,109920
Dominica,DMA,2002,102592
Dominica,DMA,2003,117248
Dominica,DMA,2004,142896
Dominica,DMA,2005,150224
Dominica,DMA,2006,142896
Dominica,DMA,2007,172208
Dominica,DMA,2008,168544
Dominica,DMA,2009,186864
Dominica,DMA,2010,168544
Dominica,DMA,2011,150224
Dominica,DMA,2012,164880
Dominica,DMA,2013,157552
Dominica,DMA,2014,168544
Dominica,DMA,2015,175872
Dominica,DMA,2016,172208
Dominica,DMA,2017,153888
Dominica,DMA,2018,164880
Dominica,DMA,2019,172208
Dominica,DMA,2020,157552
Dominica,DMA,2021,161216
Dominica,DMA,2022,164871
Dominica,DMA,2023,164537
Dominica,DMA,2024,170858
Dominican Republic,DOM,1965,1545348
Dominican Republic,DOM,1966,1669655
Dominican Republic,DOM,1967,1566944
Dominican Republic,DOM,1968,2347317
Dominican Republic,DOM,1969,2651163
Dominican Republic,DOM,1970,3105081
Dominican Republic,DOM,1971,3518697
Dominican Republic,DOM,1972,4668866
Dominican Republic,DOM,1973,5958980
Dominican Republic,DOM,1974,6409563
Dominican Republic,DOM,1975,6332680
Dominican Republic,DOM,1976,6322081
Dominican Republic,DOM,1977,5598205
Dominican Republic,DOM,1978,5429244
Dominican Republic,DOM,1979,6784109
Dominican Republic,DOM,1980,6424903
Dominican Republic,DOM,1981,6132878
Dominican Republic,DOM,1982,6300730
Dominican Republic,DOM,1983,7861933
Dominican Republic,DOM,1984,7386207
Dominican Republic,DOM,1985,7237362
Dominican Republic,DOM,1986,8116189
Dominican Republic,DOM,1987,9681870
Dominican Republic,DOM,1988,9731701
Dominican Republic,DOM,1989,10248589
Dominican Republic,DOM,1990,8929417
Dominican Republic,DOM,1991,9528664
Dominican Republic,DOM,1992,10405416
Dominican Republic,DOM,1993,11194870
Dominican Republic,DOM,1994,11780511
Dominican Republic,DOM,1995,15090067
Dominican Republic,DOM,1996,16458549
Dominican Republic,DOM,1997,17234156
Dominican Republic,DOM,1998,17756338
Dominican Republic,DOM,1999,17774872
Dominican Republic,DOM,2000,18937018
Dominican Republic,DOM,2001,19082666
Dominican Republic,DOM,2002,20870156
Dominican Republic,DOM,2003,21260460
Dominican Republic,DOM,2004,17253610
Dominican Republic,DOM,2005,17851854
Dominican Republic,DOM,2006,19030028
Dominican Republic,DOM,2007,19909170
Dominican Republic,DOM,2008,20234688
Dominican Republic,DOM,2009,19686474
Dominican Republic,DOM,2010,20445240
Dominican Republic,DOM,2011,20922328
Dominican Republic,DOM,2012,20902876
Dominican Republic,DOM,2013,20841604
Dominican Republic,DOM,2014,21264210
Dominican Republic,DOM,2015,22986128
Dominican Republic,DOM,2016,24140366
Dominican Republic,DOM,2017,23455196
Dominican Republic,DOM,2018,25203124
Dominican Republic,DOM,2019,28471104
Dominican Republic,DOM,2020,26227630
Dominican Republic,DOM,2021,29362702
Dominican Republic,DOM,2022,31224796
Dominican Republic,DOM,2023,31828554
Dominican Republic,DOM,2024,33130818
East Timor,TLS,1994,0
East Timor,TLS,1995,0
East Timor,TLS,1996,0
East Timor,TLS,1997,0
East Timor,TLS,1998,60535
East Timor,TLS,1999,152974
East Timor,TLS,2000,219860
East Timor,TLS,2001,118844
East Timor,TLS,2002,261882
East Timor,TLS,2003,248530
East Timor,TLS,2004,496998
East Timor,TLS,2005,321145
East Timor,TLS,2006,316708
East Timor,TLS,2007,288067
East Timor,TLS,2008,285133
East Timor,TLS,2009,321783
East Timor,TLS,2010,313134
East Timor,TLS,2011,433890
East Timor,TLS,2012,591295
East Timor,TLS,2013,619966
East Timor,TLS,2014,627080
East Timor,TLS,2015,590431
East Timor,TLS,2016,642966
East Timor,TLS,2017,692847
East Timor,TLS,2018,617024
East Timor,TLS,2019,675431
East Timor,TLS,2020,646107
East Timor,TLS,2021,620168
East Timor,TLS,2022,669585
East Timor,TLS,2023,636717
East Timor,TLS,2024,668112
Ecuador,ECU,1965,2274037
Ecuador,ECU,1966,2416724
Ecuador,ECU,1967,2588873
Ecuador,ECU,1968,3112647
Ecuador,ECU,1969,3588876
Ecuador,ECU,1970,4278215
Ecuador,ECU,1971,4219443
Ecuador,ECU,1972,4589031
Ecuador,ECU,1973,5255879
Ecuador,ECU,1974,6083555
Ecuador,ECU,1975,7354905
Ecuador,ECU,1976,8101372
Ecuador,ECU,1977,7473790
Ecuador,ECU,1978,10409592
Ecuador,ECU,1979,12146036
Ecuador,ECU,1980,13416003
Ecuador,ECU,1981,16662224
Ecuador,ECU,1982,19249252
Ecuador,ECU,1983,19517044
Ecuador,ECU,1984,21209358
Ecuador,ECU,1985,19377638
Ecuador,ECU,1986,15222248
Ecuador,ECU,1987,15055008
Ecuador,ECU,1988,17204934
Ecuador,ECU,1989,20193758
Ecuador,ECU,1990,16500732
Ecuador,ECU,1991,16198458
Ecuador,ECU,1992,21997534
Ecuador,ECU,1993,24121470
Ecuador,ECU,1994,14338388
Ecuador,ECU,1995,23533636
Ecuador,ECU,1996,25337244
Ecuador,ECU,1997,19461390
Ecuador,ECU,1998,23116696
Ecuador,ECU,1999,21996848
Ecuador,ECU,2000,20949248
Ecuador,ECU,2001,23435994
Ecuador,ECU,2002,24861360
Ecuador,ECU,2003,27112606
Ecuador,ECU,2004,29310272
Ecuador,ECU,2005,30651712
Ecuador,ECU,2006,29781034
Ecuador,ECU,2007,34392656
Ecuador,ECU,2008,30487722
Ecuador,ECU,2009,33814696
Ecuador,ECU,2010,36469476
Ecuador,ECU,2011,38480370
Ecuador,ECU,2012,37492764
Ecuador,ECU,2013,39684920
Ecuador,ECU,2014,43759816
Ecuador,ECU,2015,41297732
Ecuador,ECU,2016,39374516
Ecuador,ECU,2017,39195870
Ecuador,ECU,2018,38451190
Ecuador,ECU,2019,40082630
Ecuador,ECU,2020,32473266
Ecuador,ECU,2021,38184976
Ecuador,ECU,2022,42065652
Ecuador,ECU,2023,44599590
Ecuador,ECU,2024,45979548
Egypt,EGY,1965,27609458
Egypt,EGY,1966,26532150
Egypt,EGY,1967,19649910
Egypt,EGY,1968,22872626
Egypt,EGY,1969,19664752
Egypt,EGY,1970,21654010
Egypt,EGY,1971,22977164
Egypt,EGY,1972,25406234
Egypt,EGY,1973,23663472
Egypt,EGY,1974,25971682
Egypt,EGY,1975,30898892
Egypt,EGY,1976,34272324
Egypt,EGY,1977,37616236
Egypt,EGY,1978,39053780
Egypt,EGY,1979,42661572
Egypt,EGY,1980,44918080
Egypt,EGY,1981,50580076
Egypt,EGY,1982,56000230
Egypt,EGY,1983,56379560
Egypt,EGY,1984,62941860
Egypt,EGY,1985,63086584
Egypt,EGY,1986,73377940
Egypt,EGY,1987,73377290
Egypt,EGY,1988,72846950
Egypt,EGY,1989,69939700
Egypt,EGY,1990,72883700
Egypt,EGY,1991,74446760
Egypt,EGY,1992,77419350
Egypt,EGY,1993,90834730
Egypt,EGY,1994,87482984
Egypt,EGY,1995,97968230
Egypt,EGY,1996,97042340
Egypt,EGY,1997,110934080
Egypt,EGY,1998,124256280
Egypt,EGY,1999,126987200
Egypt,EGY,2000,142836850
Egypt,EGY,2001,126372050
Egypt,EGY,2002,128361896
Egypt,EGY,2003,149954000
Egypt,EGY,2004,151917090
Egypt,EGY,2005,166933900
Egypt,EGY,2006,178389280
Egypt,EGY,2007,189201140
Egypt,EGY,2008,195859780
Egypt,EGY,2009,205242860
Egypt,EGY,2010,202704240
Egypt,EGY,2011,221675060
Egypt,EGY,2012,212524460
Egypt,EGY,2013,219086560
Egypt,EGY,2014,227254100
Egypt,EGY,2015,226653970
Egypt,EGY,2016,245163580
Egypt,EGY,2017,253363890
Egypt,EGY,2018,241903180
Egypt,EGY,2019,234060160
Egypt,EGY,2020,246323300
Egypt,EGY,2021,266838990
Egypt,EGY,2022,249898670
Egypt,EGY,2023,250230190
Egypt,EGY,2024,258367860
El Salvador,SLV,1965,1040249
El Salvador,SLV,1966,1303819
El Salvador,SLV,1967,1157259
El Salvador,SLV,1968,1259792
El Salvador,SLV,1969,1190235
El Salvador,SLV,1970,1428306
El Salvador,SLV,1971,1508825
El Salvador,SLV,1972,1677221
El Salvador,SLV,1973,1966587
El Salvador,SLV,1974,1970043
El Salvador,SLV,1975,2105463
El Salvador,SLV,1976,2206599
El Salvador,SLV,1977,2281376
El Salvador,SLV,1978,2380805
El Salvador,SLV,1979,2375745
El Salvador,SLV,1980,2118350
El Salvador,SLV,1981,1817596
El Salvador,SLV,1982,1750881
El Salvador,SLV,1983,1883924
El Salvador,SLV,1984,1586816
El Salvador,SLV,1985,1963477
El Salvador,SLV,1986,1965482
El Salvador,SLV,1987,2411452
El Salvador,SLV,1988,2429696
El Salvador,SLV,1989,2543571
El Salvador,SLV,1990,2471080
El Salvador,SLV,1991,3149419
El Salvador,SLV,1992,3312856
El Salvador,SLV,1993,3966190
El Salvador,SLV,1994,4502057
El Salvador,SLV,1995,4985848
El Salvador,SLV,1996,4399683
El Salvador,SLV,1997,5398206
El Salvador,SLV,1998,5711219
El Salvador,SLV,1999,5566913
El Salvador,SLV,2000,5647693
El Salvador,SLV,2001,5829352
El Salvador,SLV,2002,6035627
El Salvador,SLV,2003,6396045
El Salvador,SLV,2004,6215984
El Salvador,SLV,2005,6261618
El Salvador,SLV,2006,6689381
El Salvador,SLV,2007,6818928
El Salvador,SLV,2008,6374697
El Salvador,SLV,2009,6282822
El Salvador,SLV,2010,6286846
El Salvador,SLV,2011,6466690
El Salvador,SLV,2012,6436425
El Salvador,SLV,2013,6058055
El Salvador,SLV,2014,6120198
El Salvador,SLV,2015,6637128
El Salvador,SLV,2016,6572031
El Salvador,SLV,2017,5941629
El Salvador,SLV,2018,6452162
El Salvador,SLV,2019,7634155
El Salvador,SLV,2020,6134854
El Salvador,SLV,2021,6976691
El Salvador,SLV,2022,7912706
El Salvador,SLV,2023,8669882
El Salvador,SLV,2024,8972291
Equatorial Guinea,GNQ,1965,29312
Equatorial Guinea,GNQ,1966,25648
Equatorial Guinea,GNQ,1967,25648
Equatorial Guinea,GNQ,1968,29312
Equatorial Guinea,GNQ,1969,43968
Equatorial Guinea,GNQ,1970,36640
Equatorial Guinea,GNQ,1971,65952
Equatorial Guinea,GNQ,1972,87936
Equatorial Guinea,GNQ,1973,29312
Equatorial Guinea,GNQ,1974,51296
Equatorial Guinea,GNQ,1975,62288
Equatorial Guinea,GNQ,1976,62288
Equatorial Guinea,GNQ,1977,62288
Equatorial Guinea,GNQ,1978,69616
Equatorial Guinea,GNQ,1979,62288
Equatorial Guinea,GNQ,1980,58624
Equatorial Guinea,GNQ,1981,69616
Equatorial Guinea,GNQ,1982,73280
Equatorial Guinea,GNQ,1983,62288
Equatorial Guinea,GNQ,1984,80608
Equatorial Guinea,GNQ,1985,65952
Equatorial Guinea,GNQ,1986,80608
Equatorial Guinea,GNQ,1987,98928
Equatorial Guinea,GNQ,1988,106256
Equatorial Guinea,GNQ,1989,117248
Equatorial Guinea,GNQ,1990,62288
Equatorial Guinea,GNQ,1991,65952
Equatorial Guinea,GNQ,1992,65952
Equatorial Guinea,GNQ,1993,69616
Equatorial Guinea,GNQ,1994,1149252
Equatorial Guinea,GNQ,1995,1223391
Equatorial Guinea,GNQ,1996,1359200
Equatorial Guinea,GNQ,1997,1974754
Equatorial Guinea,GNQ,1998,2295006
Equatorial Guinea,GNQ,1999,2510610
Equatorial Guinea,GNQ,2000,2699265
Equatorial Guinea,GNQ,2001,3091017
Equatorial Guinea,GNQ,2002,2765123
Equatorial Guinea,GNQ,2003,3129772
Equatorial Guinea,GNQ,2004,6137383
Equatorial Guinea,GNQ,2005,6206022
Equatorial Guinea,GNQ,2006,6172399
Equatorial Guinea,GNQ,2007,5711390
Equatorial Guinea,GNQ,2008,5925540
Equatorial Guinea,GNQ,2009,4883218
Equatorial Guinea,GNQ,2010,6376580
Equatorial Guinea,GNQ,2011,6066920
Equatorial Guinea,GNQ,2012,6875031
Equatorial Guinea,GNQ,2013,8168394
Equatorial Guinea,GNQ,2014,7641309
Equatorial Guinea,GNQ,2015,7009905
Equatorial Guinea,GNQ,2016,7537713
Equatorial Guinea,GNQ,2017,6815631
Equatorial Guinea,GNQ,2018,7034368
Equatorial Guinea,GNQ,2019,5513671
Equatorial Guinea,GNQ,2020,6389506
Equatorial Guinea,GNQ,2021,7087588
Equatorial Guinea,GNQ,2022,7496825
Equatorial Guinea,GNQ,2023,6913363
Equatorial Guinea,GNQ,2024,7010352
Eritrea,ERI,1994,707194
Eritrea,ERI,1995,789811
Eritrea,ERI,1996,861839
Eritrea,ERI,1997,768162
Eritrea,ERI,1998,586169
Eritrea,ERI,1999,615453
Eritrea,ERI,2000,604433
Eritrea,ERI,2001,637337
Eritrea,ERI,2002,509024.97
Eritrea,ERI,2003,780089
Eritrea,ERI,2004,633457
Eritrea,ERI,2005,585753
Eritrea,ERI,2006,453682
Eritrea,ERI,2007,424127
Eritrea,ERI,2008,398365
Eritrea,ERI,2009,446018
Eritrea,ERI,2010,468025
Eritrea,ERI,2011,577818
Eritrea,ERI,2012,608229
Eritrea,ERI,2013,569510
Eritrea,ERI,2014,569107
Eritrea,ERI,2015,557483
Eritrea,ERI,2016,554366
Eritrea,ERI,2017,553397
Eritrea,ERI,2018,616135
Eritrea,ERI,2019,644580
Eritrea,ERI,2020,640911
Eritrea,ERI,2021,681637
Eritrea,ERI,2022,718277
Eritrea,ERI,2023,731035
Eritrea,ERI,2024,742647
Estonia,EST,1965,19142578
Estonia,EST,1966,20215560
Estonia,EST,1967,21135500
Estonia,EST,1968,21725678
Estonia,EST,1969,22622810
Estonia,EST,1970,23799386
Estonia,EST,1971,25258762
Estonia,EST,1972,26582376
Estonia,EST,1973,27711808
Estonia,EST,1974,28773920
Estonia,EST,1975,30253766
Estonia,EST,1976,31417182
Estonia,EST,1977,32484898
Estonia,EST,1978,33595484
Estonia,EST,1979,33871120
Estonia,EST,1980,35207156
Estonia,EST,1981,34533976
Estonia,EST,1982,35186096
Estonia,EST,1983,35689556
Estonia,EST,1984,36008836
Estonia,EST,1985,38841516
Estonia,EST,1986,38839064
Estonia,EST,1987,37907796
Estonia,EST,1988,38014030
Estonia,EST,1989,38944670
Estonia,EST,1990,36906188
Estonia,EST,1991,34135428
Estonia,EST,1992,24413122
Estonia,EST,1993,19433166
Estonia,EST,1994,20038918
Estonia,EST,1995,18053452
Estonia,EST,1996,19032882
Estonia,EST,1997,18673228
Estonia,EST,1998,16933114
Estonia,EST,1999,15929513
Estonia,EST,2000,15470973
Estonia,EST,2001,15869932
Estonia,EST,2002,15358015
Estonia,EST,2003,17250750
Estonia,EST,2004,17322094
Estonia,EST,2005,17089780
Estonia,EST,2006,16438181
Estonia,EST,2007,19930490
Estonia,EST,2008,17814804
Estonia,EST,2009,14404987
Estonia,EST,2010,18964736
Estonia,EST,2011,18948026
Estonia,EST,2012,17761414
Estonia,EST,2013,19633820
Estonia,EST,2014,18783952
Estonia,EST,2015,15779627
Estonia,EST,2016,17432910
Estonia,EST,2017,18616038
Estonia,EST,2018,17800688
Estonia,EST,2019,12288094
Estonia,EST,2020,9198245
Estonia,EST,2021,10390915
Estonia,EST,2022,11966227
Estonia,EST,2023,8744257
Estonia,EST,2024,8306777
Eswatini,SWZ,1965,80608
Eswatini,SWZ,1966,201520
Eswatini,SWZ,1967,227168
Eswatini,SWZ,1968,278464
Eswatini,SWZ,1969,304112
Eswatini,SWZ,1970,366400
Eswatini,SWZ,1971,399376
Eswatini,SWZ,1972,381056
Eswatini,SWZ,1973,370064
Eswatini,SWZ,1974,311440
Eswatini,SWZ,1975,337088
Eswatini,SWZ,1976,333424
Eswatini,SWZ,1977,340752
Eswatini,SWZ,1978,439680
Eswatini,SWZ,1979,447008
Eswatini,SWZ,1980,465328
Eswatini,SWZ,1981,436016
Eswatini,SWZ,1982,436016
Eswatini,SWZ,1983,271136
Eswatini,SWZ,1984,333424
Eswatini,SWZ,1985,439680
Eswatini,SWZ,1986,458000
Eswatini,SWZ,1987,436016
Eswatini,SWZ,1988,436016
Eswatini,SWZ,1989,436016
Eswatini,SWZ,1990,959968
Eswatini,SWZ,1991,872032
Eswatini,SWZ,1992,831728
Eswatini,SWZ,1993,707152
Eswatini,SWZ,1994,1077216
Eswatini,SWZ,1995,1058896
Eswatini,SWZ,1996,787760
Eswatini,SWZ,1997,1139504
Eswatini,SWZ,1998,1161488
Eswatini,SWZ,1999,1242096
Eswatini,SWZ,2000,1205456
Eswatini,SWZ,2001,1099200
Eswatini,SWZ,2002,1080880
Eswatini,SWZ,2003,1003936.06
Eswatini,SWZ,2004,1003936.06
Eswatini,SWZ,2005,1014928
Eswatini,SWZ,2006,1014928
Eswatini,SWZ,2007,1044240
Eswatini,SWZ,2008,1018592
Eswatini,SWZ,2009,1055232
Eswatini,SWZ,2010,996608
Eswatini,SWZ,2011,959968
Eswatini,SWZ,2012,1110192
Eswatini,SWZ,2013,1315376
Eswatini,SWZ,2014,762112
Eswatini,SWZ,2015,850048
Eswatini,SWZ,2016,1022256
Eswatini,SWZ,2017,970960
Eswatini,SWZ,2018,1014928
Eswatini,SWZ,2019,1099200
Eswatini,SWZ,2020,989280
Eswatini,SWZ,2021,989280
Eswatini,SWZ,2022,1028234.94
Eswatini,SWZ,2023,1029613
Eswatini,SWZ,2024,1044644
Ethiopia,ETH,1965,644480
Ethiopia,ETH,1966,823984
Ethiopia,ETH,1967,1072958
Ethiopia,ETH,1968,1725031
Ethiopia,ETH,1969,1666435
Ethiopia,ETH,1970,1651721
Ethiopia,ETH,1971,1849458
Ethiopia,ETH,1972,1406203
Ethiopia,ETH,1973,1750887
Ethiopia,ETH,1974,1736261
Ethiopia,ETH,1975,1208526
Ethiopia,ETH,1976,1174729
Ethiopia,ETH,1977,1046785.94
Ethiopia,ETH,1978,1368501
Ethiopia,ETH,1979,1844135
Ethiopia,ETH,1980,1817483
Ethiopia,ETH,1981,1860007
Ethiopia,ETH,1982,1473914
Ethiopia,ETH,1983,1834754
Ethiopia,ETH,1984,1650281
Ethiopia,ETH,1985,1798710
Ethiopia,ETH,1986,2195246
Ethiopia,ETH,1987,2554381
Ethiopia,ETH,1988,2640066
Ethiopia,ETH,1989,2794114
Ethiopia,ETH,1990,2986507
Ethiopia,ETH,1991,2958472
Ethiopia,ETH,1992,2936737
Ethiopia,ETH,1993,2993623
Ethiopia,ETH,1994,2197201
Ethiopia,ETH,1995,2505953
Ethiopia,ETH,1996,2794189
Ethiopia,ETH,1997,2980158
Ethiopia,ETH,1998,3147422
Ethiopia,ETH,1999,3094276
Ethiopia,ETH,2000,3462855
Ethiopia,ETH,2001,4264586
Ethiopia,ETH,2002,4431687
Ethiopia,ETH,2003,4870232
Ethiopia,ETH,2004,5158551
Ethiopia,ETH,2005,4956129
Ethiopia,ETH,2006,5318177
Ethiopia,ETH,2007,5839596
Ethiopia,ETH,2008,6417597
Ethiopia,ETH,2009,6453445
Ethiopia,ETH,2010,6344199
Ethiopia,ETH,2011,7354848
Ethiopia,ETH,2012,7988425
Ethiopia,ETH,2013,9743711
Ethiopia,ETH,2014,11543205
Ethiopia,ETH,2015,12563614
Ethiopia,ETH,2016,14323219
Ethiopia,ETH,2017,14602656
Ethiopia,ETH,2018,16117197
Ethiopia,ETH,2019,17177142
Ethiopia,ETH,2020,16735016
Ethiopia,ETH,2021,17905590
Ethiopia,ETH,2022,16959748
Ethiopia,ETH,2023,17570662
Ethiopia,ETH,2024,17837292
Faroe Islands,FRO,1965,135568
Faroe Islands,FRO,1966,139232
Faroe Islands,FRO,1967,168544
Faroe Islands,FRO,1968,183200
Faroe Islands,FRO,1969,212512
Faroe Islands,FRO,1970,256480.02
Faroe Islands,FRO,1971,260144
Faroe Islands,FRO,1972,234496
Faroe Islands,FRO,1973,252815.98
Faroe Islands,FRO,1974,300448
Faroe Islands,FRO,1975,348080
Faroe Islands,FRO,1976,329760
Faroe Islands,FRO,1977,406704
Faroe Islands,FRO,1978,399376
Faroe Islands,FRO,1979,479984
Faroe Islands,FRO,1980,421360
Faroe Islands,FRO,1981,439680
Faroe Islands,FRO,1982,458000
Faroe Islands,FRO,1983,487312
Faroe Islands,FRO,1984,498304
Faroe Islands,FRO,1985,516623.97
Faroe Islands,FRO,1986,490976
Faroe Islands,FRO,1987,498304
Faroe Islands,FRO,1988,527616
Faroe Islands,FRO,1989,578912
Faroe Islands,FRO,1990,703488
Faroe Islands,FRO,1991,659520
Faroe Islands,FRO,1992,648528
Faroe Islands,FRO,1993,582576
Faroe Islands,FRO,1994,575248
Faroe Islands,FRO,1995,571584
Faroe Islands,FRO,1996,597232
Faroe Islands,FRO,1997,586240
Faroe Islands,FRO,1998,622880
Faroe Islands,FRO,1999,633872
Faroe Islands,FRO,2000,688832
Faroe Islands,FRO,2001,762112
Faroe Islands,FRO,2002,729136
Faroe Islands,FRO,2003,732800
Faroe Islands,FRO,2004,747456
Faroe Islands,FRO,2005,721808
Faroe Islands,FRO,2006,677840
Faroe Islands,FRO,2007,692496
Faroe Islands,FRO,2008,633872
Faroe Islands,FRO,2009,575248
Faroe Islands,FRO,2010,626544
Faroe Islands,FRO,2011,564256
Faroe Islands,FRO,2012,593568
Faroe Islands,FRO,2013,648528
Faroe Islands,FRO,2014,597232
Faroe Islands,FRO,2015,608224
Faroe Islands,FRO,2016,626544
Faroe Islands,FRO,2017,703488
Faroe Islands,FRO,2018,725472
Faroe Islands,FRO,2019,740128
Faroe Islands,FRO,2020,758448
Faroe Islands,FRO,2021,784096
Faroe Islands,FRO,2022,722922
Faroe Islands,FRO,2023,713659
Faroe Islands,FRO,2024,725388
Fiji,FJI,1965,344267
Fiji,FJI,1966,322252
Fiji,FJI,1967,355228
Fiji,FJI,1968,395504
Fiji,FJI,1969,432146
Fiji,FJI,1970,520050
Fiji,FJI,1971,549271
Fiji,FJI,1972,578555
Fiji,FJI,1973,629851
Fiji,FJI,1974,670185
Fiji,FJI,1975,622581
Fiji,FJI,1976,482997
Fiji,FJI,1977,764627
Fiji,FJI,1978,709084
Fiji,FJI,1979,836456
Fiji,FJI,1980,792420
Fiji,FJI,1981,1077173
Fiji,FJI,1982,835123
Fiji,FJI,1983,708926
Fiji,FJI,1984,577209
Fiji,FJI,1985,572991
Fiji,FJI,1986,598086
Fiji,FJI,1987,471995
Fiji,FJI,1988,549765
Fiji,FJI,1989,625202
Fiji,FJI,1990,801220
Fiji,FJI,1991,655032
Fiji,FJI,1992,730309
Fiji,FJI,1993,728647
Fiji,FJI,1994,723077
Fiji,FJI,1995,736697
Fiji,FJI,1996,792447
Fiji,FJI,1997,764285
Fiji,FJI,1998,743300
Fiji,FJI,1999,756467
Fiji,FJI,2000,814852
Fiji,FJI,2001,1003936.06
Fiji,FJI,2002,835392
Fiji,FJI,2003,992944
Fiji,FJI,2004,1300581
Fiji,FJI,2005,1022256
Fiji,FJI,2006,1150496
Fiji,FJI,2007,1084544
Fiji,FJI,2008,791424
Fiji,FJI,2009,703488
Fiji,FJI,2010,1029584.06
Fiji,FJI,2011,930656
Fiji,FJI,2012,908672
Fiji,FJI,2013,1036911.94
Fiji,FJI,2014,1179808
Fiji,FJI,2015,1461936
Fiji,FJI,2016,1344688
Fiji,FJI,2017,1454608
Fiji,FJI,2018,1480256
Fiji,FJI,2019,1509456
Fiji,FJI,2020,1370240
Fiji,FJI,2021,1088327
Fiji,FJI,2022,1388656
Fiji,FJI,2023,1382096
Fiji,FJI,2024,1445316
Finland,FIN,1965,25300086
Finland,FIN,1966,29488840
Finland,FIN,1967,28587734
Finland,FIN,1968,33281468
Finland,FIN,1969,37896828
Finland,FIN,1970,40355044
Finland,FIN,1971,40536760
Finland,FIN,1972,44106084
Finland,FIN,1973,49320160
Finland,FIN,1974,46608372
Finland,FIN,1975,46025676
Finland,FIN,1976,51198464
Finland,FIN,1977,50136984
Finland,FIN,1978,51825016
Finland,FIN,1979,54237020
Finland,FIN,1980,58142896
Finland,FIN,1981,51403344
Finland,FIN,1982,42980060
Finland,FIN,1983,41463372
Finland,FIN,1984,42147212
Finland,FIN,1985,49549076
Finland,FIN,1986,53217980
Finland,FIN,1987,57533444
Finland,FIN,1988,52058084
Finland,FIN,1989,52451540
Finland,FIN,1990,56921000
Finland,FIN,1991,55195000
Finland,FIN,1992,54272000
Finland,FIN,1993,56320000
Finland,FIN,1994,61739000
Finland,FIN,1995,58122000
Finland,FIN,1996,64040000
Finland,FIN,1997,62703000
Finland,FIN,1998,59358000
Finland,FIN,1999,58874000
Finland,FIN,2000,57017000
Finland,FIN,2001,62520000
Finland,FIN,2002,65049004
Finland,FIN,2003,72658000
Finland,FIN,2004,68946000
Finland,FIN,2005,57064000
Finland,FIN,2006,68374000
Finland,FIN,2007,66764000
Finland,FIN,2008,58625000
Finland,FIN,2009,55921000
Finland,FIN,2010,64092004
Finland,FIN,2011,56646000
Finland,FIN,2012,51154000
Finland,FIN,2013,51719000
Finland,FIN,2014,47622000
Finland,FIN,2015,44192000
Finland,FIN,2016,47252000
Finland,FIN,2017,44657000
Finland,FIN,2018,45736000
Finland,FIN,2019,42444000
Finland,FIN,2020,37720000
Finland,FIN,2021,37820000
Finland,FIN,2022,36337000
Finland,FIN,2023,31799000
Finland,FIN,2024,29775000
France,FRA,1965,365844930
France,FRA,1966,382835940
France,FRA,1967,407292540
France,FRA,1968,421116100
France,FRA,1969,446577900
France,FRA,1970,463946460
France,FRA,1971,497045800
France,FRA,1972,517593100
France,FRA,1973,542646300
France,FRA,1974,524736700
France,FRA,1975,486023100
France,FRA,1976,527371840
France,FRA,1977,511269060
France,FRA,1978,532682500
France,FRA,1979,536053000
France,FRA,1980,514509470
France,FRA,1981,462596380
France,FRA,1982,443395520
France,FRA,1983,426039200
France,FRA,1984,414655870
France,FRA,1985,407801860
France,FRA,1986,392871740
France,FRA,1987,390134660
France,FRA,1988,387601180
France,FRA,1989,401469220
France,FRA,1990,394904320
France,FRA,1991,419118720
France,FRA,1992,408433000
France,FRA,1993,388889700
France,FRA,1994,381903100
France,FRA,1995,386958820
France,FRA,1996,403351940
France,FRA,1997,396023140
France,FRA,1998,414357000
France,FRA,1999,413070240
France,FRA,2000,407444640
France,FRA,2001,411591650
France,FRA,2002,407026600
France,FRA,2003,412989100
France,FRA,2004,414073000
France,FRA,2005,416342900
France,FRA,2006,406669020
France,FRA,2007,396461200
France,FRA,2008,389794300
France,FRA,2009,371404200
France,FRA,2010,377079400
France,FRA,2011,355126820
France,FRA,2012,358100260
France,FRA,2013,360013340
France,FRA,2014,327808770
France,FRA,2015,332131000
France,FRA,2016,335496400
France,FRA,2017,338368030
France,FRA,2018,323101730
France,FRA,2019,316320800
France,FRA,2020,281515500
France,FRA,2021,307271840
France,FRA,2022,295303800
France,FRA,2023,270262660
France,FRA,2024,264155620
French Polynesia,PYF,1965,84272
French Polynesia,PYF,1966,120912
French Polynesia,PYF,1967,139232
French Polynesia,PYF,1968,153888
French Polynesia,PYF,1969,161216
French Polynesia,PYF,1970,194192
French Polynesia,PYF,1971,227168
French Polynesia,PYF,1972,216176
French Polynesia,PYF,1973,208848
French Polynesia,PYF,1974,216176
French Polynesia,PYF,1975,212512
French Polynesia,PYF,1976,263808
French Polynesia,PYF,1977,274800
French Polynesia,PYF,1978,311440
French Polynesia,PYF,1979,282128
French Polynesia,PYF,1980,293120
French Polynesia,PYF,1981,329760
French Polynesia,PYF,1982,337088
French Polynesia,PYF,1983,421360
French Polynesia,PYF,1984,461664
French Polynesia,PYF,1985,589904
French Polynesia,PYF,1986,608224
French Polynesia,PYF,1987,611888
French Polynesia,PYF,1988,575248
French Polynesia,PYF,1989,542272
French Polynesia,PYF,1990,523952
French Polynesia,PYF,1991,527616
French Polynesia,PYF,1992,498304
French Polynesia,PYF,1993,520288
French Polynesia,PYF,1994,534944
French Polynesia,PYF,1995,523952
French Polynesia,PYF,1996,523952
French Polynesia,PYF,1997,542272
French Polynesia,PYF,1998,534944
French Polynesia,PYF,1999,593568
French Polynesia,PYF,2000,685168
French Polynesia,PYF,2001,769440
French Polynesia,PYF,2002,806080
French Polynesia,PYF,2003,835392
French Polynesia,PYF,2004,842720
French Polynesia,PYF,2005,831728
French Polynesia,PYF,2006,839056
French Polynesia,PYF,2007,857376
French Polynesia,PYF,2008,868368
French Polynesia,PYF,2009,861040
French Polynesia,PYF,2010,923328
French Polynesia,PYF,2011,883024
French Polynesia,PYF,2012,875696
French Polynesia,PYF,2013,883024
French Polynesia,PYF,2014,850048
French Polynesia,PYF,2015,846384
French Polynesia,PYF,2016,868368
French Polynesia,PYF,2017,875696
French Polynesia,PYF,2018,879360
French Polynesia,PYF,2019,890352
French Polynesia,PYF,2020,831728
French Polynesia,PYF,2021,868368
French Polynesia,PYF,2022,886688
French Polynesia,PYF,2023,882500
French Polynesia,PYF,2024,922867
Gabon,GAB,1965,216176
Gabon,GAB,1966,381056
Gabon,GAB,1967,1011263.94
Gabon,GAB,1968,1960240
Gabon,GAB,1969,1432624
Gabon,GAB,1970,2081152
Gabon,GAB,1971,2843264
Gabon,GAB,1972,2737008
Gabon,GAB,1973,5309136
Gabon,GAB,1974,5448368
Gabon,GAB,1975,5364096
Gabon,GAB,1976,5703786
Gabon,GAB,1977,6306500
Gabon,GAB,1978,7554862
Gabon,GAB,1979,6746761
Gabon,GAB,1980,6624651
Gabon,GAB,1981,6564034
Gabon,GAB,1982,6543617
Gabon,GAB,1983,5508589
Gabon,GAB,1984,5979462
Gabon,GAB,1985,6298543
Gabon,GAB,1986,4950761
Gabon,GAB,1987,4009482
Gabon,GAB,1988,4320706
Gabon,GAB,1989,5757464
Gabon,GAB,1990,4484725
Gabon,GAB,1991,4521703
Gabon,GAB,1992,4916933
Gabon,GAB,1993,4974695
Gabon,GAB,1994,4541731
Gabon,GAB,1995,5220396
Gabon,GAB,1996,5885637
Gabon,GAB,1997,5526934
Gabon,GAB,1998,6452915
Gabon,GAB,1999,6014019
Gabon,GAB,2000,6128187
Gabon,GAB,2001,6480018
Gabon,GAB,2002,6250311
Gabon,GAB,2003,6746069
Gabon,GAB,2004,6386339
Gabon,GAB,2005,6223081
Gabon,GAB,2006,5542535
Gabon,GAB,2007,5037635
Gabon,GAB,2008,5378889
Gabon,GAB,2009,5304448
Gabon,GAB,2010,5528293
Gabon,GAB,2011,5446851
Gabon,GAB,2012,5016169
Gabon,GAB,2013,5190347
Gabon,GAB,2014,5663490
Gabon,GAB,2015,5772070
Gabon,GAB,2016,5613028
Gabon,GAB,2017,5500517
Gabon,GAB,2018,5563362
Gabon,GAB,2019,5607272
Gabon,GAB,2020,5636101
Gabon,GAB,2021,5545125
Gabon,GAB,2022,5783253
Gabon,GAB,2023,5320944
Gabon,GAB,2024,5398794
Gambia,GMB,1965,29312
Gambia,GMB,1966,32976
Gambia,GMB,1967,32976
Gambia,GMB,1968,36640
Gambia,GMB,1969,47632
Gambia,GMB,1970,47632
Gambia,GMB,1971,54960
Gambia,GMB,1972,65952
Gambia,GMB,1973,62288
Gambia,GMB,1974,62288
Gambia,GMB,1975,98928
Gambia,GMB,1976,98928
Gambia,GMB,1977,113584
Gambia,GMB,1978,139232
Gambia,GMB,1979,146560
Gambia,GMB,1980,157552
Gambia,GMB,1981,157552
Gambia,GMB,1982,161216
Gambia,GMB,1983,161216
Gambia,GMB,1984,172208
Gambia,GMB,1985,172208
Gambia,GMB,1986,161216
Gambia,GMB,1987,179536
Gambia,GMB,1988,183200
Gambia,GMB,1989,179536
Gambia,GMB,1990,197856
Gambia,GMB,1991,197856
Gambia,GMB,1992,197856
Gambia,GMB,1993,208848
Gambia,GMB,1994,208848
Gambia,GMB,1995,216176
Gambia,GMB,1996,219840
Gambia,GMB,1997,223504
Gambia,GMB,1998,241824
Gambia,GMB,1999,274800
Gambia,GMB,2000,274800
Gambia,GMB,2001,300448
Gambia,GMB,2002,300448
Gambia,GMB,2003,300448
Gambia,GMB,2004,318768
Gambia,GMB,2005,318768
Gambia,GMB,2006,348080
Gambia,GMB,2007,348080
Gambia,GMB,2008,362736
Gambia,GMB,2009,373728
Gambia,GMB,2010,432352
Gambia,GMB,2011,443344
Gambia,GMB,2012,450672
Gambia,GMB,2013,428688
Gambia,GMB,2014,505631.97
Gambia,GMB,2015,582576
Gambia,GMB,2016,589904
Gambia,GMB,2017,597232
Gambia,GMB,2018,648528
Gambia,GMB,2019,710816
Gambia,GMB,2020,699824
Gambia,GMB,2021,725472
Gambia,GMB,2022,807998
Gambia,GMB,2023,772635
Gambia,GMB,2024,802774
Georgia,GEO,1965,6943579
Georgia,GEO,1966,7335865
Georgia,GEO,1967,7678109
Georgia,GEO,1968,7901873
Georgia,GEO,1969,8235117
Georgia,GEO,1970,8654407
Georgia,GEO,1971,9203229
Georgia,GEO,1972,9696458
Georgia,GEO,1973,10121846
Georgia,GEO,1974,10524658
Georgia,GEO,1975,11079766
Georgia,GEO,1976,11516771
Georgia,GEO,1977,11918989
Georgia,GEO,1978,12338841
Georgia,GEO,1979,12447659
Georgia,GEO,1980,12940391
Georgia,GEO,1981,12720742
Georgia,GEO,1982,12967407
Georgia,GEO,1983,13169085
Georgia,GEO,1984,13302301
Georgia,GEO,1985,14340025
Georgia,GEO,1986,14157218
Georgia,GEO,1987,14515792
Georgia,GEO,1988,15133000
Georgia,GEO,1989,15043332
Georgia,GEO,1990,14850285
Georgia,GEO,1991,14601507
Georgia,GEO,1992,14126711
Georgia,GEO,1993,9883731
Georgia,GEO,1994,5897420
Georgia,GEO,1995,2265662
Georgia,GEO,1996,4045672
Georgia,GEO,1997,4412001
Georgia,GEO,1998,4863530
Georgia,GEO,1999,4245797
Georgia,GEO,2000,4497437
Georgia,GEO,2001,3722914
Georgia,GEO,2002,3346546
Georgia,GEO,2003,3730516
Georgia,GEO,2004,4277990
Georgia,GEO,2005,5045534
Georgia,GEO,2006,6272766
Georgia,GEO,2007,6609306
Georgia,GEO,2008,5746696
Georgia,GEO,2009,6170558
Georgia,GEO,2010,6289892
Georgia,GEO,2011,7814204
Georgia,GEO,2012,8293624
Georgia,GEO,2013,8028035
Georgia,GEO,2014,9058119
Georgia,GEO,2015,9790616
Georgia,GEO,2016,10042935
Georgia,GEO,2017,10059788
Georgia,GEO,2018,9888335
Georgia,GEO,2019,10517087
Georgia,GEO,2020,10377979
Georgia,GEO,2021,10749759
Georgia,GEO,2022,11999864
Georgia,GEO,2023,11922203
Georgia,GEO,2024,11784258
Germany,DEU,1965,959842050
Germany,DEU,1966,951154560
Germany,DEU,1967,936013200
Germany,DEU,1968,984581950
Germany,DEU,1969,1051802900
Germany,DEU,1970,1025802500
Germany,DEU,1971,1037079230
Germany,DEU,1972,1041356400
Germany,DEU,1973,1085602800
Germany,DEU,1974,1062510850
Germany,DEU,1975,1002285760
Germany,DEU,1976,1090807700
Germany,DEU,1977,1052513300
Germany,DEU,1978,1079066600
Germany,DEU,1979,1117745500
Germany,DEU,1980,1099901200
Germany,DEU,1981,1048362200
Germany,DEU,1982,1015499600
Germany,DEU,1983,1011436300
Germany,DEU,1984,1033017500
Germany,DEU,1985,1043912800
Germany,DEU,1986,1047233800
Germany,DEU,1987,1032266940
Germany,DEU,1988,1028701630
Germany,DEU,1989,1008565250
Germany,DEU,1990,1054795900
Germany,DEU,1991,1016929540
Germany,DEU,1992,969464450
Germany,DEU,1993,959385860
Germany,DEU,1994,943227650
Germany,DEU,1995,939933600
Germany,DEU,1996,959690100
Germany,DEU,1997,931508100
Germany,DEU,1998,923498700
Germany,DEU,1999,895442050
Germany,DEU,2000,898975740
Germany,DEU,2001,915254800
Germany,DEU,2002,898834300
Germany,DEU,2003,894501100
Germany,DEU,2004,876569860
Germany,DEU,2005,867880500
Germany,DEU,2006,886434300
Germany,DEU,2007,846152960
Germany,DEU,2008,856642500
Germany,DEU,2009,789983940
Germany,DEU,2010,826704700
Germany,DEU,2011,804541600
Germany,DEU,2012,814093000
Germany,DEU,2013,831745540
Germany,DEU,2014,792583600
Germany,DEU,2015,800822500
Germany,DEU,2016,797988300
Germany,DEU,2017,784595140
Germany,DEU,2018,758771400
Germany,DEU,2019,708648960
Germany,DEU,2020,647176800
Germany,DEU,2021,677997700
Germany,DEU,2022,667843000
Germany,DEU,2023,593766000
Germany,DEU,2024,572319170
Ghana,GHA,1965,1703760
Ghana,GHA,1966,1439952
Ghana,GHA,1967,1494912
Ghana,GHA,1968,1648800
Ghana,GHA,1969,1488020
Ghana,GHA,1970,2403584
Ghana,GHA,1971,2029856
Ghana,GHA,1972,2216720
Ghana,GHA,1973,2257024
Ghana,GHA,1974,2674720
Ghana,GHA,1975,2410912
Ghana,GHA,1976,2106800
Ghana,GHA,1977,2696332
Ghana,GHA,1978,2718380
Ghana,GHA,1979,2520832
Ghana,GHA,1980,2410702
Ghana,GHA,1981,2846690
Ghana,GHA,1982,2894560
Ghana,GHA,1983,3509969
Ghana,GHA,1984,2465710
Ghana,GHA,1985,3143712
Ghana,GHA,1986,2934864
Ghana,GHA,1987,3147376
Ghana,GHA,1988,3209664
Ghana,GHA,1989,3059440
Ghana,GHA,1990,3513776
Ghana,GHA,1991,3901860
Ghana,GHA,1992,3242640
Ghana,GHA,1993,3817888
Ghana,GHA,1994,4539696
Ghana,GHA,1995,4623968
Ghana,GHA,1996,4858464
Ghana,GHA,1997,5514320
Ghana,GHA,1998,5583936
Ghana,GHA,1999,5613248
Ghana,GHA,2000,5312800
Ghana,GHA,2001,5968656
Ghana,GHA,2002,6483251
Ghana,GHA,2003,6684573
Ghana,GHA,2004,6450628
Ghana,GHA,2005,6113072
Ghana,GHA,2006,8523184
Ghana,GHA,2007,8981875
Ghana,GHA,2008,8324322.5
Ghana,GHA,2009,6867658
Ghana,GHA,2010,8942513
Ghana,GHA,2011,10328553
Ghana,GHA,2012,12640586
Ghana,GHA,2013,12609988
Ghana,GHA,2014,13256576
Ghana,GHA,2015,14568119
Ghana,GHA,2016,13913649
Ghana,GHA,2017,12437270
Ghana,GHA,2018,15189658
Ghana,GHA,2019,16415195
Ghana,GHA,2020,19164054
Ghana,GHA,2021,20556058
Ghana,GHA,2022,20745210
Ghana,GHA,2023,20135648
Ghana,GHA,2024,21021874
Greece,GRC,1965,16998966
Greece,GRC,1966,18620604
Greece,GRC,1967,19504190
Greece,GRC,1968,22286276
Greece,GRC,1969,25434256
Greece,GRC,1970,24126176
Greece,GRC,1971,27749512
Greece,GRC,1972,31477310
Greece,GRC,1973,37131216
Greece,GRC,1974,36061770
Greece,GRC,1975,38669764
Greece,GRC,1976,42655544
Greece,GRC,1977,46657156
Greece,GRC,1978,47681776
Greece,GRC,1979,50818708
Greece,GRC,1980,50888696
Greece,GRC,1981,50125424
Greece,GRC,1982,51508770
Greece,GRC,1983,54789372
Greece,GRC,1984,56284932
Greece,GRC,1985,59771930
Greece,GRC,1986,58274830
Greece,GRC,1987,62576332
Greece,GRC,1988,67051870
Greece,GRC,1989,73227450
Greece,GRC,1990,83436790
Greece,GRC,1991,83406250
Greece,GRC,1992,84973990
Greece,GRC,1993,84283290
Greece,GRC,1994,86429010
Greece,GRC,1995,86962370
Greece,GRC,1996,89114104
Greece,GRC,1997,93801120
Greece,GRC,1998,98621380
Greece,GRC,1999,97934380
Greece,GRC,2000,102972760
Greece,GRC,2001,105361460
Greece,GRC,2002,105000264
Greece,GRC,2003,109066560
Greece,GRC,2004,109484850
Greece,GRC,2005,113888810
Greece,GRC,2006,112419370
Greece,GRC,2007,114545450
Greece,GRC,2008,111080040
Greece,GRC,2009,104319480
Greece,GRC,2010,97354140
Greece,GRC,2011,94505224
Greece,GRC,2012,91392590
Greece,GRC,2013,81713256
Greece,GRC,2014,78635700
Greece,GRC,2015,74926664
Greece,GRC,2016,71359610
Greece,GRC,2017,74841750
Greece,GRC,2018,71778090
Greece,GRC,2019,65736330
Greece,GRC,2020,55576930
Greece,GRC,2021,57527910
Greece,GRC,2022,57609050
Greece,GRC,2023,51988224
Greece,GRC,2024,53360840
Greenland,GRL,1965,344416
Greenland,GRL,1966,388384
Greenland,GRL,1967,417696
Greenland,GRL,1968,542272
Greenland,GRL,1969,406704
Greenland,GRL,1970,381056
Greenland,GRL,1971,468992
Greenland,GRL,1972,553264
Greenland,GRL,1973,556928
Greenland,GRL,1974,556928
Greenland,GRL,1975,505631.97
Greenland,GRL,1976,219840
Greenland,GRL,1977,721808
Greenland,GRL,1978,392048
Greenland,GRL,1979,571584
Greenland,GRL,1980,564256
Greenland,GRL,1981,527616
Greenland,GRL,1982,516623.97
Greenland,GRL,1983,362736
Greenland,GRL,1984,567920
Greenland,GRL,1985,509296
Greenland,GRL,1986,326096
Greenland,GRL,1987,234496
Greenland,GRL,1988,545936
Greenland,GRL,1989,472656
Greenland,GRL,1990,624200
Greenland,GRL,1991,609400
Greenland,GRL,1992,595300
Greenland,GRL,1993,545400
Greenland,GRL,1994,495400
Greenland,GRL,1995,533800
Greenland,GRL,1996,596500
Greenland,GRL,1997,617300
Greenland,GRL,1998,596500
Greenland,GRL,1999,594100
Greenland,GRL,2000,667204
Greenland,GRL,2001,617803
Greenland,GRL,2002,579401
Greenland,GRL,2003,649303
Greenland,GRL,2004,622602
Greenland,GRL,2005,626700
Greenland,GRL,2006,643700
Greenland,GRL,2007,635201
Greenland,GRL,2008,653603
Greenland,GRL,2009,577200
Greenland,GRL,2010,660705
Greenland,GRL,2011,705100
Greenland,GRL,2012,547020
Greenland,GRL,2013,562200
Greenland,GRL,2014,502506.97
Greenland,GRL,2015,547600
Greenland,GRL,2016,509199.97
Greenland,GRL,2017,535903
Greenland,GRL,2018,523740
Greenland,GRL,2019,526130
Greenland,GRL,2020,549509
Greenland,GRL,2021,546354
Greenland,GRL,2022,587201
Greenland,GRL,2023,608955
Greenland,GRL,2024,618963
Grenada,GRD,1965,21984
Grenada,GRD,1966,29312
Grenada,GRD,1967,36640
Grenada,GRD,1968,40304
Grenada,GRD,1969,47632
Grenada,GRD,1970,43968
Grenada,GRD,1971,47632
Grenada,GRD,1972,47632
Grenada,GRD,1973,54960
Grenada,GRD,1974,36640
Grenada,GRD,1975,47632
Grenada,GRD,1976,47632
Grenada,GRD,1977,47632
Grenada,GRD,1978,51296
Grenada,GRD,1979,47632
Grenada,GRD,1980,47632
Grenada,GRD,1981,58624
Grenada,GRD,1982,62288
Grenada,GRD,1983,62288
Grenada,GRD,1984,62288
Grenada,GRD,1985,62288
Grenada,GRD,1986,65952
Grenada,GRD,1987,73280
Grenada,GRD,1988,95264
Grenada,GRD,1989,98928
Grenada,GRD,1990,106256
Grenada,GRD,1991,109920
Grenada,GRD,1992,117248
Grenada,GRD,1993,124576
Grenada,GRD,1994,142896
Grenada,GRD,1995,150224
Grenada,GRD,1996,153888
Grenada,GRD,1997,168544
Grenada,GRD,1998,175872
Grenada,GRD,1999,190528
Grenada,GRD,2000,186864
Grenada,GRD,2001,194192
Grenada,GRD,2002,201520
Grenada,GRD,2003,212512
Grenada,GRD,2004,205184
Grenada,GRD,2005,216176
Grenada,GRD,2006,223504
Grenada,GRD,2007,238160
Grenada,GRD,2008,260144
Grenada,GRD,2009,249152
Grenada,GRD,2010,256480.02
Grenada,GRD,2011,249152
Grenada,GRD,2012,267472
Grenada,GRD,2013,300448
Grenada,GRD,2014,241824
Grenada,GRD,2015,260144
Grenada,GRD,2016,274800
Grenada,GRD,2017,293120
Grenada,GRD,2018,307776
Grenada,GRD,2019,333424
Grenada,GRD,2020,289456
Grenada,GRD,2021,311440
Grenada,GRD,2022,342393
Grenada,GRD,2023,362973
Grenada,GRD,2024,376971
Guatemala,GTM,1965,1973945
Guatemala,GTM,1966,1739598
Guatemala,GTM,1967,1981333
Guatemala,GTM,1968,2139063
Guatemala,GTM,1969,2278117
Guatemala,GTM,1970,2296437
Guatemala,GTM,1971,2439303
Guatemala,GTM,1972,2706626
Guatemala,GTM,1973,2933616
Guatemala,GTM,1974,3065520
Guatemala,GTM,1975,3519529
Guatemala,GTM,1976,3304719
Guatemala,GTM,1977,3804044
Guatemala,GTM,1978,4116493.2
Guatemala,GTM,1979,4677066
Guatemala,GTM,1980,4491431
Guatemala,GTM,1981,3948185
Guatemala,GTM,1982,3605317
Guatemala,GTM,1983,3158417
Guatemala,GTM,1984,3399495
Guatemala,GTM,1985,3494651
Guatemala,GTM,1986,3661638
Guatemala,GTM,1987,3911808
Guatemala,GTM,1988,4070957.2
Guatemala,GTM,1989,4183066
Guatemala,GTM,1990,4657699
Guatemala,GTM,1991,4756469
Guatemala,GTM,1992,5791402
Guatemala,GTM,1993,5571562
Guatemala,GTM,1994,6638779
Guatemala,GTM,1995,7085017
Guatemala,GTM,1996,6539781
Guatemala,GTM,1997,7460356
Guatemala,GTM,1998,8620270
Guatemala,GTM,1999,8873891
Guatemala,GTM,2000,9741985
Guatemala,GTM,2001,10147467
Guatemala,GTM,2002,10693539
Guatemala,GTM,2003,10411405
Guatemala,GTM,2004,11055913
Guatemala,GTM,2005,12038359
Guatemala,GTM,2006,12175961
Guatemala,GTM,2007,12117008
Guatemala,GTM,2008,10734758
Guatemala,GTM,2009,11724694
Guatemala,GTM,2010,10817142
Guatemala,GTM,2011,10979266
Guatemala,GTM,2012,11346780
Guatemala,GTM,2013,12493455
Guatemala,GTM,2014,13424808
Guatemala,GTM,2015,15449177
Guatemala,GTM,2016,16523710
Guatemala,GTM,2017,16992724
Guatemala,GTM,2018,18338418
Guatemala,GTM,2019,19258856
Guatemala,GTM,2020,17156898
Guatemala,GTM,2021,19984124
Guatemala,GTM,2022,18913354
Guatemala,GTM,2023,19736068
Guatemala,GTM,2024,19880430
Guinea,GIN,1965,696160
Guinea,GIN,1966,718144
Guinea,GIN,1967,725472
Guinea,GIN,1968,747456
Guinea,GIN,1969,747456
Guinea,GIN,1970,791424
Guinea,GIN,1971,813408
Guinea,GIN,1972,831728
Guinea,GIN,1973,802416
Guinea,GIN,1974,839056
Guinea,GIN,1975,842720
Guinea,GIN,1976,886688
Guinea,GIN,1977,901344
Guinea,GIN,1978,901344
Guinea,GIN,1979,945312
Guinea,GIN,1980,963632
Guinea,GIN,1981,989280
Guinea,GIN,1982,981952
Guinea,GIN,1983,952640
Guinea,GIN,1984,978288
Guinea,GIN,1985,992944
Guinea,GIN,1986,996608
Guinea,GIN,1987,992944
Guinea,GIN,1988,1025920.06
Guinea,GIN,1989,1044240
Guinea,GIN,1990,967296
Guinea,GIN,1991,989280
Guinea,GIN,1992,1014928
Guinea,GIN,1993,1044240
Guinea,GIN,1994,1084544
Guinea,GIN,1995,1121184
Guinea,GIN,1996,1183472
Guinea,GIN,1997,1238432
Guinea,GIN,1998,1311712
Guinea,GIN,1999,1384992
Guinea,GIN,2000,1443616
Guinea,GIN,2001,1516896
Guinea,GIN,2002,1579184
Guinea,GIN,2003,1652464
Guinea,GIN,2004,1722080
Guinea,GIN,2005,1784368
Guinea,GIN,2006,1846656
Guinea,GIN,2007,1927264
Guinea,GIN,2008,1963904
Guinea,GIN,2009,2092144
Guinea,GIN,2010,2458544
Guinea,GIN,2011,2557472
Guinea,GIN,2012,2392592
Guinea,GIN,2013,2077488
Guinea,GIN,2014,2370608
Guinea,GIN,2015,2454399
Guinea,GIN,2016,2699814
Guinea,GIN,2017,4847472
Guinea,GIN,2018,3770256
Guinea,GIN,2019,4104165
Guinea,GIN,2020,4430248
Guinea,GIN,2021,4067529.2
Guinea,GIN,2022,4052384
Guinea,GIN,2023,3875027
Guinea,GIN,2024,4026185
Guinea-Bissau,GNB,1965,65952
Guinea-Bissau,GNB,1966,65952
Guinea-Bissau,GNB,1967,47632
Guinea-Bissau,GNB,1968,62288
Guinea-Bissau,GNB,1969,58624
Guinea-Bissau,GNB,1970,69616
Guinea-Bissau,GNB,1971,73280
Guinea-Bissau,GNB,1972,65952
Guinea-Bissau,GNB,1973,109920
Guinea-Bissau,GNB,1974,102592
Guinea-Bissau,GNB,1975,113584
Guinea-Bissau,GNB,1976,95264
Guinea-Bissau,GNB,1977,102592
Guinea-Bissau,GNB,1978,102592
Guinea-Bissau,GNB,1979,109920
Guinea-Bissau,GNB,1980,146560
Guinea-Bissau,GNB,1981,142896
Guinea-Bissau,GNB,1982,142896
Guinea-Bissau,GNB,1983,142896
Guinea-Bissau,GNB,1984,161216
Guinea-Bissau,GNB,1985,172208
Guinea-Bissau,GNB,1986,183200
Guinea-Bissau,GNB,1987,194192
Guinea-Bissau,GNB,1988,216176
Guinea-Bissau,GNB,1989,230832
Guinea-Bissau,GNB,1990,95264
Guinea-Bissau,GNB,1991,95264
Guinea-Bissau,GNB,1992,95264
Guinea-Bissau,GNB,1993,98928
Guinea-Bissau,GNB,1994,98928
Guinea-Bissau,GNB,1995,102592
Guinea-Bissau,GNB,1996,98928
Guinea-Bissau,GNB,1997,117248
Guinea-Bissau,GNB,1998,87936
Guinea-Bissau,GNB,1999,98928
Guinea-Bissau,GNB,2000,51296
Guinea-Bissau,GNB,2001,47632
Guinea-Bissau,GNB,2002,62288
Guinea-Bissau,GNB,2003,73280
Guinea-Bissau,GNB,2004,43968
Guinea-Bissau,GNB,2005,91600
Guinea-Bissau,GNB,2006,117248
Guinea-Bissau,GNB,2007,84272
Guinea-Bissau,GNB,2008,117248
Guinea-Bissau,GNB,2009,98928
Guinea-Bissau,GNB,2010,102592
Guinea-Bissau,GNB,2011,109920
Guinea-Bissau,GNB,2012,113584
Guinea-Bissau,GNB,2013,142896
Guinea-Bissau,GNB,2014,142896
Guinea-Bissau,GNB,2015,153888
Guinea-Bissau,GNB,2016,168544
Guinea-Bissau,GNB,2017,183200
Guinea-Bissau,GNB,2018,197856
Guinea-Bissau,GNB,2019,256480.02
Guinea-Bissau,GNB,2020,311440
Guinea-Bissau,GNB,2021,340752
Guinea-Bissau,GNB,2022,344416
Guinea-Bissau,GNB,2023,329342
Guinea-Bissau,GNB,2024,342189
Guyana,GUY,1965,1077216
Guyana,GUY,1966,1179808
Guyana,GUY,1967,1322704
Guyana,GUY,1968,1330032
Guyana,GUY,1969,1366672
Guyana,GUY,1970,1579184
Guyana,GUY,1971,1498576
Guyana,GUY,1972,1560864
Guyana,GUY,1973,1802688
Guyana,GUY,1974,1553536
Guyana,GUY,1975,1824672
Guyana,GUY,1976,1751392
Guyana,GUY,1977,1897952
Guyana,GUY,1978,2055504.1
Guyana,GUY,1979,1520560
Guyana,GUY,1980,1788032
Guyana,GUY,1981,1799024
Guyana,GUY,1982,1403312
Guyana,GUY,1983,1245760
Guyana,GUY,1984,1403312
Guyana,GUY,1985,1417968
Guyana,GUY,1986,1044240
Guyana,GUY,1987,1308048
Guyana,GUY,1988,1403312
Guyana,GUY,1989,1183472
Guyana,GUY,1990,1128512
Guyana,GUY,1991,1106528
Guyana,GUY,1992,1040576
Guyana,GUY,1993,1044240
Guyana,GUY,1994,1458272
Guyana,GUY,1995,1564528
Guyana,GUY,1996,1656128
Guyana,GUY,1997,1806352
Guyana,GUY,1998,1828336
Guyana,GUY,1999,1835664
Guyana,GUY,2000,1747728
Guyana,GUY,2001,1740400
Guyana,GUY,2002,1711088
Guyana,GUY,2003,1868640
Guyana,GUY,2004,1927264
Guyana,GUY,2005,1615824
Guyana,GUY,2006,1509568
Guyana,GUY,2007,1780704
Guyana,GUY,2008,1703760
Guyana,GUY,2009,1905280
Guyana,GUY,2010,1883296
Guyana,GUY,2011,1956576
Guyana,GUY,2012,1956576
Guyana,GUY,2013,1901616
Guyana,GUY,2014,1974896
Guyana,GUY,2015,1963904
Guyana,GUY,2016,2209158
Guyana,GUY,2017,2158096
Guyana,GUY,2018,2319312
Guyana,GUY,2019,2645206
Guyana,GUY,2020,3100269
Guyana,GUY,2021,2932778
Guyana,GUY,2022,4396635
Guyana,GUY,2023,4378933
Guyana,GUY,2024,4510330
Haiti,HTI,1965,303934
Haiti,HTI,1966,303963
Haiti,HTI,1967,259995.02
Haiti,HTI,1968,263630
Haiti,HTI,1969,314896
Haiti,HTI,1970,384482
Haiti,HTI,1971,402743
Haiti,HTI,1972,391721
Haiti,HTI,1973,420914
Haiti,HTI,1974,472091
Haiti,HTI,1975,483024
Haiti,HTI,1976,672081
Haiti,HTI,1977,703943
Haiti,HTI,1978,750329
Haiti,HTI,1979,749511
Haiti,HTI,1980,744568
Haiti,HTI,1981,758342
Haiti,HTI,1982,816683
Haiti,HTI,1983,885320
Haiti,HTI,1984,902327
Haiti,HTI,1985,928422
Haiti,HTI,1986,829080
Haiti,HTI,1987,897548
Haiti,HTI,1988,1006320
Haiti,HTI,1989,1021837.94
Haiti,HTI,1990,993752
Haiti,HTI,1991,974190
Haiti,HTI,1992,886651
Haiti,HTI,1993,683106
Haiti,HTI,1994,183200
Haiti,HTI,1995,875696
Haiti,HTI,1996,1018592
Haiti,HTI,1997,1348352
Haiti,HTI,1998,1234768
Haiti,HTI,1999,1271408
Haiti,HTI,2000,1634144
Haiti,HTI,2001,1466420
Haiti,HTI,2002,1777726
Haiti,HTI,2003,1692084
Haiti,HTI,2004,1643023
Haiti,HTI,2005,1714766
Haiti,HTI,2006,1745753
Haiti,HTI,2007,1766459
Haiti,HTI,2008,1753709
Haiti,HTI,2009,1880965
Haiti,HTI,2010,2129435
Haiti,HTI,2011,2271659
Haiti,HTI,2012,2262254
Haiti,HTI,2013,2703215
Haiti,HTI,2014,2698433
Haiti,HTI,2015,2654465
Haiti,HTI,2016,2976897
Haiti,HTI,2017,3133482
Haiti,HTI,2018,3400954
Haiti,HTI,2019,3118826
Haiti,HTI,2020,3265386
Haiti,HTI,2021,3507210
Haiti,HTI,2022,2870341
Haiti,HTI,2023,2864751
Haiti,HTI,2024,2970693
Honduras,HND,1965,750734
Honduras,HND,1966,805664
Honduras,HND,1967,875250
Honduras,HND,1968,1223241
Honduras,HND,1969,1175609
Honduras,HND,1970,1388032
Honduras,HND,1971,1328811
Honduras,HND,1972,1533102
Honduras,HND,1973,1506141
Honduras,HND,1974,1553346
Honduras,HND,1975,1660773
Honduras,HND,1976,1770583
Honduras,HND,1977,1993395
Honduras,HND,1978,2039442
Honduras,HND,1979,1922810
Honduras,HND,1980,2037957
Honduras,HND,1981,1807843
Honduras,HND,1982,1749493
Honduras,HND,1983,1976452
Honduras,HND,1984,1957357
Honduras,HND,1985,1885699
Honduras,HND,1986,1824977
Honduras,HND,1987,2144191
Honduras,HND,1988,2464967
Honduras,HND,1989,2680274
Honduras,HND,1990,2504658
Honduras,HND,1991,2526966
Honduras,HND,1992,2803312
Honduras,HND,1993,2940777
Honduras,HND,1994,3231039
Honduras,HND,1995,3836235
Honduras,HND,1996,3875521
Honduras,HND,1997,4010334
Honduras,HND,1998,4810582
Honduras,HND,1999,4704557
Honduras,HND,2000,5031508
Honduras,HND,2001,5664895
Honduras,HND,2002,5945282
Honduras,HND,2003,6686778
Honduras,HND,2004,7194159
Honduras,HND,2005,6834857
Honduras,HND,2006,7698208
Honduras,HND,2007,8216418.5
Honduras,HND,2008,8532908
Honduras,HND,2009,8030408
Honduras,HND,2010,8106538
Honduras,HND,2011,8856650
Honduras,HND,2012,9108358
Honduras,HND,2013,9328258
Honduras,HND,2014,9503222
Honduras,HND,2015,10897808
Honduras,HND,2016,9938747
Honduras,HND,2017,10197924
Honduras,HND,2018,9876190
Honduras,HND,2019,10962543
Honduras,HND,2020,9976783
Honduras,HND,2021,11059747
Honduras,HND,2022,11742019
Honduras,HND,2023,12404354
Honduras,HND,2024,12854842
Hong Kong,HKG,1965,4802523
Hong Kong,HKG,1966,5161566
Hong Kong,HKG,1967,6052066
Hong Kong,HKG,1968,6197972
Hong Kong,HKG,1969,7751508
Hong Kong,HKG,1970,8392500
Hong Kong,HKG,1971,9150591
Hong Kong,HKG,1972,9275585
Hong Kong,HKG,1973,9286457
Hong Kong,HKG,1974,10667250
Hong Kong,HKG,1975,11008001
Hong Kong,HKG,1976,12490384
Hong Kong,HKG,1977,14203904
Hong Kong,HKG,1978,15714096
Hong Kong,HKG,1979,15837647
Hong Kong,HKG,1980,16600216
Hong Kong,HKG,1981,18616656
Hong Kong,HKG,1982,19622766
Hong Kong,HKG,1983,20912106
Hong Kong,HKG,1984,22224786
Hong Kong,HKG,1985,22881404
Hong Kong,HKG,1986,25525918
Hong Kong,HKG,1987,28085646
Hong Kong,HKG,1988,29284780
Hong Kong,HKG,1989,30141178
Hong Kong,HKG,1990,27147690
Hong Kong,HKG,1991,28463072
Hong Kong,HKG,1992,32922138
Hong Kong,HKG,1993,34777844
Hong Kong,HKG,1994,31079292
Hong Kong,HKG,1995,31270612
Hong Kong,HKG,1996,28908528
Hong Kong,HKG,1997,30496980
Hong Kong,HKG,1998,38924984
Hong Kong,HKG,1999,42549016
Hong Kong,HKG,2000,39765444
Hong Kong,HKG,2001,37288530
Hong Kong,HKG,2002,39003280
Hong Kong,HKG,2003,42733188
Hong Kong,HKG,2004,41157750
Hong Kong,HKG,2005,43334092
Hong Kong,HKG,2006,41914810
Hong Kong,HKG,2007,43572436
Hong Kong,HKG,2008,42794250
Hong Kong,HKG,2009,41583064
Hong Kong,HKG,2010,40062904
Hong Kong,HKG,2011,43149716
Hong Kong,HKG,2012,42738400
Hong Kong,HKG,2013,44310496
Hong Kong,HKG,2014,45491750
Hong Kong,HKG,2015,42403520
Hong Kong,HKG,2016,43365844
Hong Kong,HKG,2017,42431172
Hong Kong,HKG,2018,42597024
Hong Kong,HKG,2019,41896590
Hong Kong,HKG,2020,33512996
Hong Kong,HKG,2021,33636996
Hong Kong,HKG,2022,30763800
Hong Kong,HKG,2023,32957054
Hong Kong,HKG,2024,33323918
Hungary,HUN,1965,61274436
Hungary,HUN,1966,61709560
Hungary,HUN,1967,58811050
Hungary,HUN,1968,61129844
Hungary,HUN,1969,62380224
Hungary,HUN,1970,69960136
Hungary,HUN,1971,69246664
Hungary,HUN,1972,69384310
Hungary,HUN,1973,73006824
Hungary,HUN,1974,74027600
Hungary,HUN,1975,75300210
Hungary,HUN,1976,79919500
Hungary,HUN,1977,83075160
Hungary,HUN,1978,88039896
Hungary,HUN,1979,86058320
Hungary,HUN,1980,86696860
Hungary,HUN,1981,86437240
Hungary,HUN,1982,86683830
Hungary,HUN,1983,88945736
Hungary,HUN,1984,90664780
Hungary,HUN,1985,85936230
Hungary,HUN,1986,83197760
Hungary,HUN,1987,84114870
Hungary,HUN,1988,78030710
Hungary,HUN,1989,75909400
Hungary,HUN,1990,73427330
Hungary,HUN,1991,69824900
Hungary,HUN,1992,62280756
Hungary,HUN,1993,62991350
Hungary,HUN,1994,61880370
Hungary,HUN,1995,61464130
Hungary,HUN,1996,63083060
Hungary,HUN,1997,61675956
Hungary,HUN,1998,61255404
Hungary,HUN,1999,61575150
Hungary,HUN,2000,58244410
Hungary,HUN,2001,59827756
Hungary,HUN,2002,58841980
Hungary,HUN,2003,61611250
Hungary,HUN,2004,59984924
Hungary,HUN,2005,60142084
Hungary,HUN,2006,59528564
Hungary,HUN,2007,58448584
Hungary,HUN,2008,57184428
Hungary,HUN,2009,51457530
Hungary,HUN,2010,51992716
Hungary,HUN,2011,50156010
Hungary,HUN,2012,46720180
Hungary,HUN,2013,43486532
Hungary,HUN,2014,43638876
Hungary,HUN,2015,46566910
Hungary,HUN,2016,47039120
Hungary,HUN,2017,49423524
Hungary,HUN,2018,49366230
Hungary,HUN,2019,49158950
Hungary,HUN,2020,47105320
Hungary,HUN,2021,48326284
Hungary,HUN,2022,45267340
Hungary,HUN,2023,40343864
Hungary,HUN,2024,40017292
Iceland,ISL,1965,1395538
Iceland,ISL,1966,1494437
Iceland,ISL,1967,1443139
Iceland,ISL,1968,1593425
Iceland,ISL,1969,1263694
Iceland,ISL,1970,1388300
Iceland,ISL,1971,1472206
Iceland,ISL,1972,1482832
Iceland,ISL,1973,1750026
Iceland,ISL,1974,1738479
Iceland,ISL,1975,1613472
Iceland,ISL,1976,1701313
Iceland,ISL,1977,1902662
Iceland,ISL,1978,1920842
Iceland,ISL,1979,1983021
Iceland,ISL,1980,1861846
Iceland,ISL,1981,1748000
Iceland,ISL,1982,1593849
Iceland,ISL,1983,1542530
Iceland,ISL,1984,1809746
Iceland,ISL,1985,1622635
Iceland,ISL,1986,1780225
Iceland,ISL,1987,1845061
Iceland,ISL,1988,1841119
Iceland,ISL,1989,1896457
Iceland,ISL,1990,2221979
Iceland,ISL,1991,2103066
Iceland,ISL,1992,2249322
Iceland,ISL,1993,2400140
Iceland,ISL,1994,2349279
Iceland,ISL,1995,2468948
Iceland,ISL,1996,2523004
Iceland,ISL,1997,2618382
Iceland,ISL,1998,2638281
Iceland,ISL,1999,2840944
Iceland,ISL,2000,2932741
Iceland,ISL,2001,2864992
Iceland,ISL,2002,2991995
Iceland,ISL,2003,2985437
Iceland,ISL,2004,3107170
Iceland,ISL,2005,2976360
Iceland,ISL,2006,3154382
Iceland,ISL,2007,3494320
Iceland,ISL,2008,3811488
Iceland,ISL,2009,3730449
Iceland,ISL,2010,3626637
Iceland,ISL,2011,3503479
Iceland,ISL,2012,3499153
Iceland,ISL,2013,3488797
Iceland,ISL,2014,3445281
Iceland,ISL,2015,3541014
Iceland,ISL,2016,3493663
Iceland,ISL,2017,3610949
Iceland,ISL,2018,3665355
Iceland,ISL,2019,3552640
Iceland,ISL,2020,3338906
Iceland,ISL,2021,3490635
Iceland,ISL,2022,3597685
Iceland,ISL,2023,3508235
Iceland,ISL,2024,3803011
India,IND,1965,153696700
India,IND,1966,159371420
India,IND,1967,159557100
India,IND,1968,174070540
India,IND,1969,177411300
India,IND,1970,181723860
India,IND,1971,191964860
India,IND,1972,203037040
India,IND,1973,209096030
India,IND,1974,215854050
India,IND,1975,234209710
India,IND,1976,244749840
India,IND,1977,258962060
India,IND,1978,263149940
India,IND,1979,276285000
India,IND,1980,291714430
India,IND,1981,314969280
India,IND,1982,325383070
India,IND,1983,352204860
India,IND,1984,361568800
India,IND,1985,397601120
India,IND,1986,426318050
India,IND,1987,455354720
India,IND,1988,491700100
India,IND,1989,540661900
India,IND,1990,577986560
India,IND,1991,615388160
India,IND,1992,655423550
India,IND,1993,677262100
India,IND,1994,714042800
India,IND,1995,760480200
India,IND,1996,823602200
India,IND,1997,857975740
India,IND,1998,875783360
India,IND,1999,961193860
India,IND,2000,987065100
India,IND,2001,1001198400
India,IND,2002,1032750340
India,IND,2003,1068397950
India,IND,2004,1134611000
India,IND,2005,1195393300
India,IND,2006,1293321500
India,IND,2007,1393485200
India,IND,2008,1490366500
India,IND,2009,1613327600
India,IND,2010,1678529500
India,IND,2011,1765694800
India,IND,2012,1926986400
India,IND,2013,1995337200
India,IND,2014,2148052000
India,IND,2015,2231817500
India,IND,2016,2352540200
India,IND,2017,2425721900
India,IND,2018,2595227100
India,IND,2019,2611174700
India,IND,2020,2422732000
India,IND,2021,2675778000
India,IND,2022,2831131600
India,IND,2023,3062756400
India,IND,2024,3193478100
Indonesia,IDN,1965,24668226
Indonesia,IDN,1966,23374952
Indonesia,IDN,1967,24540046
Indonesia,IDN,1968,27562608
Indonesia,IDN,1969,33362214
Indonesia,IDN,1970,35791384
Indonesia,IDN,1971,38955104
Indonesia,IDN,1972,43305892
Indonesia,IDN,1973,49097380
Indonesia,IDN,1974,51225420
Indonesia,IDN,1975,53930784
Indonesia,IDN,1976,61784716
Indonesia,IDN,1977,82410330
Indonesia,IDN,1978,93928460
Indonesia,IDN,1979,95123190
Indonesia,IDN,1980,94853850
Indonesia,IDN,1981,100272300
Indonesia,IDN,1982,105554590
Indonesia,IDN,1983,105149100
Indonesia,IDN,1984,112419730
Indonesia,IDN,1985,121548010
Indonesia,IDN,1986,122108910
Indonesia,IDN,1987,123812710
Indonesia,IDN,1988,132649250
Indonesia,IDN,1989,131586056
Indonesia,IDN,1990,154990690
Indonesia,IDN,1991,174754220
Indonesia,IDN,1992,199298020
Indonesia,IDN,1993,214962850
Indonesia,IDN,1994,219199950
Indonesia,IDN,1995,222225300
Indonesia,IDN,1996,252855740
Indonesia,IDN,1997,279695600
Indonesia,IDN,1998,244315330
Indonesia,IDN,1999,291770660
Indonesia,IDN,2000,281054430
Indonesia,IDN,2001,316759360
Indonesia,IDN,2002,308201300
Indonesia,IDN,2003,339023900
Indonesia,IDN,2004,342708600
Indonesia,IDN,2005,347361280
Indonesia,IDN,2006,346365760
Indonesia,IDN,2007,387577250
Indonesia,IDN,2008,365384030
Indonesia,IDN,2009,398624420
Indonesia,IDN,2010,445370080
Indonesia,IDN,2011,500457660
Indonesia,IDN,2012,515769600
Indonesia,IDN,2013,493435140
Indonesia,IDN,2014,498028800
Indonesia,IDN,2015,551160060
Indonesia,IDN,2016,547968900
Indonesia,IDN,2017,570928200
Indonesia,IDN,2018,607378370
Indonesia,IDN,2019,665049340
Indonesia,IDN,2020,623304000
Indonesia,IDN,2021,632946050
Indonesia,IDN,2022,758020500
Indonesia,IDN,2023,762357570
Indonesia,IDN,2024,812220200
Iran,IRN,1965,53718388
Iran,IRN,1966,64103364
Iran,IRN,1967,67880940
Iran,IRN,1968,82329560
Iran,IRN,1969,83038744
Iran,IRN,1970,91787460
Iran,IRN,1971,101627830
Iran,IRN,1972,106015140
Iran,IRN,1973,129475310
Iran,IRN,1974,143771800
Iran,IRN,1975,139213900
Iran,IRN,1976,156490420
Iran,IRN,1977,163806430
Iran,IRN,1978,162288690
Iran,IRN,1979,163137300
Iran,IRN,1980,120695336
Iran,IRN,1981,113273220
Iran,IRN,1982,138132320
Iran,IRN,1983,150028200
Iran,IRN,1984,150400530
Iran,IRN,1985,160485800
Iran,IRN,1986,148304880
Iran,IRN,1987,159340080
Iran,IRN,1988,175958340
Iran,IRN,1989,191114460
Iran,IRN,1990,211074610
Iran,IRN,1991,223042000
Iran,IRN,1992,228193820
Iran,IRN,1993,236992530
Iran,IRN,1994,264821940
Iran,IRN,1995,270875330
Iran,IRN,1996,276620320
Iran,IRN,1997,269262880
Iran,IRN,1998,305641630
Iran,IRN,1999,374452260
Iran,IRN,2000,367213340
Iran,IRN,2001,389912400
Iran,IRN,2002,397031420
Iran,IRN,2003,410966720
Iran,IRN,2004,442119400
Iran,IRN,2005,466795330
Iran,IRN,2006,501014980
Iran,IRN,2007,507771070
Iran,IRN,2008,528528200
Iran,IRN,2009,543405950
Iran,IRN,2010,561496060
Iran,IRN,2011,576365700
Iran,IRN,2012,599278340
Iran,IRN,2013,609996540
Iran,IRN,2014,644227600
Iran,IRN,2015,641958700
Iran,IRN,2016,644680500
Iran,IRN,2017,696407500
Iran,IRN,2018,664523260
Iran,IRN,2019,727268540
Iran,IRN,2020,745595800
Iran,IRN,2021,779525250
Iran,IRN,2022,767178500
Iran,IRN,2023,789675840
Iran,IRN,2024,792631200
Iraq,IRQ,1965,19293088
Iraq,IRQ,1966,27676082
Iraq,IRQ,1967,18372978
Iraq,IRQ,1968,19695680
Iraq,IRQ,1969,22601294
Iraq,IRQ,1970,23883784
Iraq,IRQ,1971,28831858
Iraq,IRQ,1972,29520482
Iraq,IRQ,1973,30612708
Iraq,IRQ,1974,30909492
Iraq,IRQ,1975,33120258
Iraq,IRQ,1976,48746876
Iraq,IRQ,1977,43656004
Iraq,IRQ,1978,42250740
Iraq,IRQ,1979,52908308
Iraq,IRQ,1980,45472990
Iraq,IRQ,1981,32041828
Iraq,IRQ,1982,30537960
Iraq,IRQ,1983,38652030
Iraq,IRQ,1984,40071040
Iraq,IRQ,1985,44529812
Iraq,IRQ,1986,47596268
Iraq,IRQ,1987,52683630
Iraq,IRQ,1988,67698500
Iraq,IRQ,1989,72973680
Iraq,IRQ,1990,49683310
Iraq,IRQ,1991,45505268
Iraq,IRQ,1992,59019990
Iraq,IRQ,1993,63263100
Iraq,IRQ,1994,76572620
Iraq,IRQ,1995,79841260
Iraq,IRQ,1996,74822970
Iraq,IRQ,1997,76296350
Iraq,IRQ,1998,80983930
Iraq,IRQ,1999,82416240
Iraq,IRQ,2000,83721656
Iraq,IRQ,2001,96802000
Iraq,IRQ,2002,97090500
Iraq,IRQ,2003,101424340
Iraq,IRQ,2004,113015840
Iraq,IRQ,2005,114281864
Iraq,IRQ,2006,98838120
Iraq,IRQ,2007,61361420
Iraq,IRQ,2008,94335400
Iraq,IRQ,2009,105211460
Iraq,IRQ,2010,113983430
Iraq,IRQ,2011,123525610
Iraq,IRQ,2012,134039550
Iraq,IRQ,2013,141704380
Iraq,IRQ,2014,137512700
Iraq,IRQ,2015,142530000
Iraq,IRQ,2016,153132140
Iraq,IRQ,2017,167472350
Iraq,IRQ,2018,186156450
Iraq,IRQ,2019,191777620
Iraq,IRQ,2020,172098030
Iraq,IRQ,2021,193115150
Iraq,IRQ,2022,217643900
Iraq,IRQ,2023,227909700
Iraq,IRQ,2024,233635500
Ireland,IRL,1965,13717431
Ireland,IRL,1966,15094724
Ireland,IRL,1967,16394835
Ireland,IRL,1968,17798046
Ireland,IRL,1969,18494394
Ireland,IRL,1970,19390076
Ireland,IRL,1971,22476182
Ireland,IRL,1972,22036418
Ireland,IRL,1973,22846356
Ireland,IRL,1974,23293276
Ireland,IRL,1975,22051382
Ireland,IRL,1976,22289698
Ireland,IRL,1977,23565180
Ireland,IRL,1978,23575976
Ireland,IRL,1979,27399212
Ireland,IRL,1980,26275082
Ireland,IRL,1981,26061508
Ireland,IRL,1982,25566268
Ireland,IRL,1983,25725018
Ireland,IRL,1984,25549450
Ireland,IRL,1985,26746140
Ireland,IRL,1986,28550302
Ireland,IRL,1987,30226336
Ireland,IRL,1988,29883636
Ireland,IRL,1989,30061098
Ireland,IRL,1990,32945302
Ireland,IRL,1991,33675164
Ireland,IRL,1992,33496132
Ireland,IRL,1993,33717148
Ireland,IRL,1994,34838990
Ireland,IRL,1995,35853360
Ireland,IRL,1996,37469464
Ireland,IRL,1997,38804936
Ireland,IRL,1998,40708444
Ireland,IRL,1999,42440316
Ireland,IRL,2000,45249516
Ireland,IRL,2001,47607710
Ireland,IRL,2002,46081388
Ireland,IRL,2003,45683964
Ireland,IRL,2004,46166736
Ireland,IRL,2005,48152990
Ireland,IRL,2006,47597384
Ireland,IRL,2007,47658190
Ireland,IRL,2008,47361076
Ireland,IRL,2009,42177070
Ireland,IRL,2010,41790900
Ireland,IRL,2011,38054388
Ireland,IRL,2012,38223920
Ireland,IRL,2013,37278704
Ireland,IRL,2014,36849876
Ireland,IRL,2015,38715396
Ireland,IRL,2016,40369024
Ireland,IRL,2017,39040450
Ireland,IRL,2018,38922364
Ireland,IRL,2019,37199836
Ireland,IRL,2020,35052570
Ireland,IRL,2021,37473684
Ireland,IRL,2022,36675670
Ireland,IRL,2023,33567940
Ireland,IRL,2024,33310624
Israel,ISR,1965,12928839
Israel,ISR,1966,13581386
Israel,ISR,1967,13527913
Israel,ISR,1968,13794168
Israel,ISR,1969,14800936
Israel,ISR,1970,16559357
Israel,ISR,1971,16218946
Israel,ISR,1972,16890886
Israel,ISR,1973,19261170
Israel,ISR,1974,19368960
Israel,ISR,1975,19540482
Israel,ISR,1976,19496744
Israel,ISR,1977,19765916
Israel,ISR,1978,21031664
Israel,ISR,1979,20864376
Israel,ISR,1980,20984618
Israel,ISR,1981,21017606
Israel,ISR,1982,23854860
Israel,ISR,1983,23709024
Israel,ISR,1984,23498480
Israel,ISR,1985,24613012
Israel,ISR,1986,26348256
Israel,ISR,1987,27068916
Israel,ISR,1988,29702602
Israel,ISR,1989,31394252
Israel,ISR,1990,35824360
Israel,ISR,1991,36148456
Israel,ISR,1992,42082496
Israel,ISR,1993,44234508
Israel,ISR,1994,47474584
Israel,ISR,1995,49865530
Israel,ISR,1996,51935750
Israel,ISR,1997,54865704
Israel,ISR,1998,56009770
Israel,ISR,1999,54756052
Israel,ISR,2000,59519380
Israel,ISR,2001,63023570
Israel,ISR,2002,59304900
Israel,ISR,2003,62414676
Israel,ISR,2004,58679230
Israel,ISR,2005,56527670
Israel,ISR,2006,62148964
Israel,ISR,2007,62799790
Israel,ISR,2008,67980280
Israel,ISR,2009,63860948
Israel,ISR,2010,68286904
Israel,ISR,2011,68594740
Israel,ISR,2012,74781190
Israel,ISR,2013,63095308
Israel,ISR,2014,60278816
Israel,ISR,2015,62935624
Israel,ISR,2016,61164350
Israel,ISR,2017,58849100
Israel,ISR,2018,59985932
Israel,ISR,2019,58950148
Israel,ISR,2020,59285372
Israel,ISR,2021,58950084
Israel,ISR,2022,62267304
Israel,ISR,2023,55381996
Israel,ISR,2024,52637136
Italy,ITA,1965,189543020
Italy,ITA,1966,213997100
Italy,ITA,1967,234148060
Italy,ITA,1968,249186820
Italy,ITA,1969,269675620
Italy,ITA,1970,296379200
Italy,ITA,1971,311060200
Italy,ITA,1972,328244800
Italy,ITA,1973,353356260
Italy,ITA,1974,358260260
Italy,ITA,1975,341056130
Italy,ITA,1976,365799140
Italy,ITA,1977,354421280
Italy,ITA,1978,371277500
Italy,ITA,1979,385259200
Italy,ITA,1980,386436670
Italy,ITA,1981,375307260
Italy,ITA,1982,366882900
Italy,ITA,1983,358409100
Italy,ITA,1984,364604740
Italy,ITA,1985,368986050
Italy,ITA,1986,363187620
Italy,ITA,1987,380098750
Italy,ITA,1988,385962240
Italy,ITA,1989,404741950
Italy,ITA,1990,438208030
Italy,ITA,1991,437741820
Italy,ITA,1992,437936500
Italy,ITA,1993,430267780
Italy,ITA,1994,424506720
Italy,ITA,1995,448595840
Italy,ITA,1996,442842900
Italy,ITA,1997,448570940
Italy,ITA,1998,460824400
Italy,ITA,1999,465507840
Italy,ITA,2000,469598270
Italy,ITA,2001,469679260
Italy,ITA,2002,477136320
Italy,ITA,2003,495093800
Italy,ITA,2004,500687230
Italy,ITA,2005,501365470
Italy,ITA,2006,496074620
Italy,ITA,2007,489793630
Italy,ITA,2008,478131970
Italy,ITA,2009,424032030
Italy,ITA,2010,435672030
Italy,ITA,2011,423897120
Italy,ITA,2012,403443520
Italy,ITA,2013,369460540
Italy,ITA,2014,349388960
Italy,ITA,2015,361243700
Italy,ITA,2016,358133150
Italy,ITA,2017,352666240
Italy,ITA,2018,349048350
Italy,ITA,2019,339637950
Italy,ITA,2020,302600100
Italy,ITA,2021,335930430
Italy,ITA,2022,340114720
Italy,ITA,2023,312290660
Italy,ITA,2024,301929760
Jamaica,JAM,1965,2988577
Jamaica,JAM,1966,3516015
Jamaica,JAM,1967,3864153
Jamaica,JAM,1968,3878512
Jamaica,JAM,1969,4266897
Jamaica,JAM,1970,4988584
Jamaica,JAM,1971,5747217
Jamaica,JAM,1972,6282311
Jamaica,JAM,1973,8290351
Jamaica,JAM,1974,7594310
Jamaica,JAM,1975,8180667
Jamaica,JAM,1976,7275862
Jamaica,JAM,1977,7440922
Jamaica,JAM,1978,9111866
Jamaica,JAM,1979,8529469
Jamaica,JAM,1980,8445355
Jamaica,JAM,1981,7408473
Jamaica,JAM,1982,6214029
Jamaica,JAM,1983,6444906
Jamaica,JAM,1984,5140603
Jamaica,JAM,1985,5041745
Jamaica,JAM,1986,4547176
Jamaica,JAM,1987,5379035
Jamaica,JAM,1988,4525484
Jamaica,JAM,1989,6724091
Jamaica,JAM,1990,7527165
Jamaica,JAM,1991,7750991
Jamaica,JAM,1992,7708731
Jamaica,JAM,1993,8000958.5
Jamaica,JAM,1994,8188610
Jamaica,JAM,1995,9173406
Jamaica,JAM,1996,9687622
Jamaica,JAM,1997,10068187
Jamaica,JAM,1998,9694035
Jamaica,JAM,1999,9958188
Jamaica,JAM,2000,10313990
Jamaica,JAM,2001,10576440
Jamaica,JAM,2002,10202580
Jamaica,JAM,2003,10667060
Jamaica,JAM,2004,10574223
Jamaica,JAM,2005,10412875
Jamaica,JAM,2006,11573642
Jamaica,JAM,2007,10749231
Jamaica,JAM,2008,10775971
Jamaica,JAM,2009,7937452
Jamaica,JAM,2010,7677295
Jamaica,JAM,2011,8226292.5
Jamaica,JAM,2012,7887181
Jamaica,JAM,2013,8466728
Jamaica,JAM,2014,7675470
Jamaica,JAM,2015,7966219
Jamaica,JAM,2016,8134120
Jamaica,JAM,2017,7768234
Jamaica,JAM,2018,8060650
Jamaica,JAM,2019,9439483
Jamaica,JAM,2020,6865834
Jamaica,JAM,2021,7312535
Jamaica,JAM,2022,7907611
Jamaica,JAM,2023,8068915.5
Jamaica,JAM,2024,8401763
Japan,JPN,1965,386969630
Japan,JPN,1966,419780260
Japan,JPN,1967,489915650
Japan,JPN,1968,562568260
Japan,JPN,1969,653852800
Japan,JPN,1970,769747650
Japan,JPN,1971,799647100
Japan,JPN,1972,861053600
Japan,JPN,1973,914265900
Japan,JPN,1974,914306240
Japan,JPN,1975,869814900
Japan,JPN,1976,909575100
Japan,JPN,1977,935554000
Japan,JPN,1978,905087550
Japan,JPN,1979,957147100
Japan,JPN,1980,948551700
Japan,JPN,1981,930377400
Japan,JPN,1982,900724400
Japan,JPN,1983,884423800
Japan,JPN,1984,940541800
Japan,JPN,1985,915276160
Japan,JPN,1986,914048900
Japan,JPN,1987,902207500
Japan,JPN,1988,984698500
Japan,JPN,1989,1021297860
Japan,JPN,1990,1154853200
Japan,JPN,1991,1166552400
Japan,JPN,1992,1175454300
Japan,JPN,1993,1169328000
Japan,JPN,1994,1223158300
Japan,JPN,1995,1235873200
Japan,JPN,1996,1248690000
Japan,JPN,1997,1240980400
Japan,JPN,1998,1201334400
Japan,JPN,1999,1238121000
Japan,JPN,2000,1260203000
Japan,JPN,2001,1245935200
Japan,JPN,2002,1275420300
Japan,JPN,2003,1283845000
Japan,JPN,2004,1279121500
Japan,JPN,2005,1286412300
Japan,JPN,2006,1263440400
Japan,JPN,2007,1298973600
Japan,JPN,2008,1228686700
Japan,JPN,2009,1160252800
Japan,JPN,2010,1211090300
Japan,JPN,2011,1261180500
Japan,JPN,2012,1302112500
Japan,JPN,2013,1311875600
Japan,JPN,2014,1260272400
Japan,JPN,2015,1219982500
Japan,JPN,2016,1199932900
Japan,JPN,2017,1184391700
Japan,JPN,2018,1138549800
Japan,JPN,2019,1102063000
Japan,JPN,2020,1037284700
Japan,JPN,2021,1058501800
Japan,JPN,2022,1029644900
Japan,JPN,2023,986910140
Japan,JPN,2024,961867300
Jordan,JOR,1965,1420414
Jordan,JOR,1966,1581332
Jordan,JOR,1967,1412997
Jordan,JOR,1968,1503972
Jordan,JOR,1969,1756788
Jordan,JOR,1970,1555684
Jordan,JOR,1971,1654434
Jordan,JOR,1972,1913598
Jordan,JOR,1973,2199568
Jordan,JOR,1974,2225305
Jordan,JOR,1975,2489202
Jordan,JOR,1976,2946837
Jordan,JOR,1977,3158660
Jordan,JOR,1978,3634438
Jordan,JOR,1979,3787321
Jordan,JOR,1980,4714848
Jordan,JOR,1981,5849312
Jordan,JOR,1982,6278894
Jordan,JOR,1983,7342431
Jordan,JOR,1984,8321468.5
Jordan,JOR,1985,8505931
Jordan,JOR,1986,9247445
Jordan,JOR,1987,9619477
Jordan,JOR,1988,9276380
Jordan,JOR,1989,9192353
Jordan,JOR,1990,10590403
Jordan,JOR,1991,9991096
Jordan,JOR,1992,12188864
Jordan,JOR,1993,12008472
Jordan,JOR,1994,13521499
Jordan,JOR,1995,13451244
Jordan,JOR,1996,14073579
Jordan,JOR,1997,14308130
Jordan,JOR,1998,14447417
Jordan,JOR,1999,14467326
Jordan,JOR,2000,15400890
Jordan,JOR,2001,15857936
Jordan,JOR,2002,16707088
Jordan,JOR,2003,17273348
Jordan,JOR,2004,19003282
Jordan,JOR,2005,20790354
Jordan,JOR,2006,20829494
Jordan,JOR,2007,21700136
Jordan,JOR,2008,20987296
Jordan,JOR,2009,21545008
Jordan,JOR,2010,20838342
Jordan,JOR,2011,21409422
Jordan,JOR,2012,24069098
Jordan,JOR,2013,24060996
Jordan,JOR,2014,26164846
Jordan,JOR,2015,25799390
Jordan,JOR,2016,24949460
Jordan,JOR,2017,26079932
Jordan,JOR,2018,25419166
Jordan,JOR,2019,24569784
Jordan,JOR,2020,20621556
Jordan,JOR,2021,21190126
Jordan,JOR,2022,22427682
Jordan,JOR,2023,23119264
Jordan,JOR,2024,23219138
Kazakhstan,KAZ,1965,126268980
Kazakhstan,KAZ,1966,133350820
Kazakhstan,KAZ,1967,139409340
Kazakhstan,KAZ,1968,143288750
Kazakhstan,KAZ,1969,149192270
Kazakhstan,KAZ,1970,156965000
Kazakhstan,KAZ,1971,166437680
Kazakhstan,KAZ,1972,175003420
Kazakhstan,KAZ,1973,182271620
Kazakhstan,KAZ,1974,189074980
Kazakhstan,KAZ,1975,198610240
Kazakhstan,KAZ,1976,206067310
Kazakhstan,KAZ,1977,212882820
Kazakhstan,KAZ,1978,219991650
Kazakhstan,KAZ,1979,221656770
Kazakhstan,KAZ,1980,230263420
Kazakhstan,KAZ,1981,225577980
Kazakhstan,KAZ,1982,229742240
Kazakhstan,KAZ,1983,232791630
Kazakhstan,KAZ,1984,234663020
Kazakhstan,KAZ,1985,253150020
Kazakhstan,KAZ,1986,258133600
Kazakhstan,KAZ,1987,256684910
Kazakhstan,KAZ,1988,273732860
Kazakhstan,KAZ,1989,264606140
Kazakhstan,KAZ,1990,267405360
Kazakhstan,KAZ,1991,260420500
Kazakhstan,KAZ,1992,233523400
Kazakhstan,KAZ,1993,207558720
Kazakhstan,KAZ,1994,174671120
Kazakhstan,KAZ,1995,168467980
Kazakhstan,KAZ,1996,154715700
Kazakhstan,KAZ,1997,147293120
Kazakhstan,KAZ,1998,145621870
Kazakhstan,KAZ,1999,118761624
Kazakhstan,KAZ,2000,142196980
Kazakhstan,KAZ,2001,138036500
Kazakhstan,KAZ,2002,156768220
Kazakhstan,KAZ,2003,175021970
Kazakhstan,KAZ,2004,185475840
Kazakhstan,KAZ,2005,198448540
Kazakhstan,KAZ,2006,219633150
Kazakhstan,KAZ,2007,225712400
Kazakhstan,KAZ,2008,226102380
Kazakhstan,KAZ,2009,223189230
Kazakhstan,KAZ,2010,248092770
Kazakhstan,KAZ,2011,238156960
Kazakhstan,KAZ,2012,245262910
Kazakhstan,KAZ,2013,253532740
Kazakhstan,KAZ,2014,299137340
Kazakhstan,KAZ,2015,303052300
Kazakhstan,KAZ,2016,301738800
Kazakhstan,KAZ,2017,317720420
Kazakhstan,KAZ,2018,329572130
Kazakhstan,KAZ,2019,296039600
Kazakhstan,KAZ,2020,281789200
Kazakhstan,KAZ,2021,244903710
Kazakhstan,KAZ,2022,274345570
Kazakhstan,KAZ,2023,286174900
Kazakhstan,KAZ,2024,287005950
Kenya,KEN,1965,2463914
Kenya,KEN,1966,2680084
Kenya,KEN,1967,2698436
Kenya,KEN,1968,2815420
Kenya,KEN,1969,3126468
Kenya,KEN,1970,3078215
Kenya,KEN,1971,3678457
Kenya,KEN,1972,3864626
Kenya,KEN,1973,3911642
Kenya,KEN,1974,4940146
Kenya,KEN,1975,4964733
Kenya,KEN,1976,4596803
Kenya,KEN,1977,5041415
Kenya,KEN,1978,5308186
Kenya,KEN,1979,5024581
Kenya,KEN,1980,6176564
Kenya,KEN,1981,6504883
Kenya,KEN,1982,4671812
Kenya,KEN,1983,4638105
Kenya,KEN,1984,4298116
Kenya,KEN,1985,3752740
Kenya,KEN,1986,4136123.2
Kenya,KEN,1987,5146062
Kenya,KEN,1988,4761761
Kenya,KEN,1989,5164357
Kenya,KEN,1990,5788842
Kenya,KEN,1991,4804756
Kenya,KEN,1992,5504709
Kenya,KEN,1993,6311647
Kenya,KEN,1994,6522694
Kenya,KEN,1995,7515300
Kenya,KEN,1996,9283094
Kenya,KEN,1997,8226742
Kenya,KEN,1998,9998502
Kenya,KEN,1999,10020533
Kenya,KEN,2000,10384895
Kenya,KEN,2001,9223600
Kenya,KEN,2002,7819113
Kenya,KEN,2003,6716151
Kenya,KEN,2004,7621342
Kenya,KEN,2005,8454166
Kenya,KEN,2006,9566836
Kenya,KEN,2007,9734023
Kenya,KEN,2008,10098609
Kenya,KEN,2009,12184812
Kenya,KEN,2010,11856819
Kenya,KEN,2011,12217645
Kenya,KEN,2012,11245819
Kenya,KEN,2013,12162930
Kenya,KEN,2014,13214406
Kenya,KEN,2015,15212208
Kenya,KEN,2016,16288698
Kenya,KEN,2017,16181103
Kenya,KEN,2018,17002858
Kenya,KEN,2019,18158882
Kenya,KEN,2020,19989572
Kenya,KEN,2021,20589818
Kenya,KEN,2022,20544366
Kenya,KEN,2023,21185722
Kenya,KEN,2024,21225434
Kiribati,KIR,1965,10992
Kiribati,KIR,1966,10992
Kiribati,KIR,1967,21984
Kiribati,KIR,1968,32976
Kiribati,KIR,1969,10992
Kiribati,KIR,1970,21984
Kiribati,KIR,1971,29312
Kiribati,KIR,1972,25648
Kiribati,KIR,1973,36640
Kiribati,KIR,1974,32976
Kiribati,KIR,1975,32976
Kiribati,KIR,1976,32976
Kiribati,KIR,1977,21984
Kiribati,KIR,1978,21984
Kiribati,KIR,1979,25648
Kiribati,KIR,1980,29312
Kiribati,KIR,1981,29312
Kiribati,KIR,1982,25648
Kiribati,KIR,1983,21984
Kiribati,KIR,1984,21984
Kiribati,KIR,1985,21984
Kiribati,KIR,1986,18320
Kiribati,KIR,1987,21984
Kiribati,KIR,1988,21984
Kiribati,KIR,1989,21984
Kiribati,KIR,1990,21984
Kiribati,KIR,1991,21984
Kiribati,KIR,1992,25648
Kiribati,KIR,1993,29312
Kiribati,KIR,1994,29312
Kiribati,KIR,1995,29312
Kiribati,KIR,1996,32976
Kiribati,KIR,1997,29312
Kiribati,KIR,1998,29312
Kiribati,KIR,1999,29312
Kiribati,KIR,2000,36640
Kiribati,KIR,2001,32976
Kiribati,KIR,2002,40304
Kiribati,KIR,2003,40304
Kiribati,KIR,2004,43968
Kiribati,KIR,2005,47632
Kiribati,KIR,2006,51296
Kiribati,KIR,2007,51296
Kiribati,KIR,2008,47632
Kiribati,KIR,2009,47632
Kiribati,KIR,2010,58624
Kiribati,KIR,2011,54960
Kiribati,KIR,2012,54960
Kiribati,KIR,2013,54960
Kiribati,KIR,2014,54960
Kiribati,KIR,2015,58624
Kiribati,KIR,2016,54960
Kiribati,KIR,2017,69616
Kiribati,KIR,2018,69616
Kiribati,KIR,2019,69616
Kiribati,KIR,2020,69616
Kiribati,KIR,2021,69616
Kiribati,KIR,2022,69616
Kiribati,KIR,2023,69287
Kiribati,KIR,2024,72456
Kosovo,OWID_KOS,1994,0
Kosovo,OWID_KOS,1995,0
Kosovo,OWID_KOS,1996,0
Kosovo,OWID_KOS,1997,0
Kosovo,OWID_KOS,1998,0
Kosovo,OWID_KOS,1999,0
Kosovo,OWID_KOS,2000,4807168
Kosovo,OWID_KOS,2001,6093232
Kosovo,OWID_KOS,2002,6060256
Kosovo,OWID_KOS,2003,6437648
Kosovo,OWID_KOS,2004,6616505
Kosovo,OWID_KOS,2005,6435256
Kosovo,OWID_KOS,2006,6488504
Kosovo,OWID_KOS,2007,6801637
Kosovo,OWID_KOS,2008,7358432
Kosovo,OWID_KOS,2009,8109154.5
Kosovo,OWID_KOS,2010,8354617
Kosovo,OWID_KOS,2011,8294393.5
Kosovo,OWID_KOS,2012,7847680
Kosovo,OWID_KOS,2013,7965702
Kosovo,OWID_KOS,2014,7129107
Kosovo,OWID_KOS,2015,8290589.5
Kosovo,OWID_KOS,2016,8793503
Kosovo,OWID_KOS,2017,8022662
Kosovo,OWID_KOS,2018,8044655
Kosovo,OWID_KOS,2019,8385858.5
Kosovo,OWID_KOS,2020,8451526
Kosovo,OWID_KOS,2021,8815831
Kosovo,OWID_KOS,2022,8569356
Kosovo,OWID_KOS,2023,8220213
Kosovo,OWID_KOS,2024,8049940
Kuwait,KWT,1965,35390576
Kuwait,KWT,1966,35123104
Kuwait,KWT,1967,25420832
Kuwait,KWT,1968,23149272
Kuwait,KWT,1969,26809488
Kuwait,KWT,1970,25021456
Kuwait,KWT,1971,27117264
Kuwait,KWT,1972,27611904
Kuwait,KWT,1973,24222704
Kuwait,KWT,1974,19312024
Kuwait,KWT,1975,16812936
Kuwait,KWT,1976,18457578
Kuwait,KWT,1977,17204174
Kuwait,KWT,1978,20979408
Kuwait,KWT,1979,17644994
Kuwait,KWT,1980,24643504
Kuwait,KWT,1981,25178484
Kuwait,KWT,1982,21135610
Kuwait,KWT,1983,21578792
Kuwait,KWT,1984,28329722
Kuwait,KWT,1985,29119912
Kuwait,KWT,1986,35276864
Kuwait,KWT,1987,31428694
Kuwait,KWT,1988,32873398
Kuwait,KWT,1989,35836540
Kuwait,KWT,1990,37863400
Kuwait,KWT,1991,492979420
Kuwait,KWT,1992,29683202
Kuwait,KWT,1993,49162756
Kuwait,KWT,1994,57264612
Kuwait,KWT,1995,56262870
Kuwait,KWT,1996,51768196
Kuwait,KWT,1997,56764860
Kuwait,KWT,1998,52910390
Kuwait,KWT,1999,55085210
Kuwait,KWT,2000,54979880
Kuwait,KWT,2001,59119360
Kuwait,KWT,2002,60113544
Kuwait,KWT,2003,62490804
Kuwait,KWT,2004,65855196
Kuwait,KWT,2005,74615270
Kuwait,KWT,2006,76221900
Kuwait,KWT,2007,77294950
Kuwait,KWT,2008,84442376
Kuwait,KWT,2009,88832100
Kuwait,KWT,2010,89721000
Kuwait,KWT,2011,87150870
Kuwait,KWT,2012,101200580
Kuwait,KWT,2013,83046690
Kuwait,KWT,2014,74993736
Kuwait,KWT,2015,93317470
Kuwait,KWT,2016,104018830
Kuwait,KWT,2017,100010360
Kuwait,KWT,2018,102453010
Kuwait,KWT,2019,104654216
Kuwait,KWT,2020,90102610
Kuwait,KWT,2021,87868850
Kuwait,KWT,2022,115848890
Kuwait,KWT,2023,123168720
Kuwait,KWT,2024,129518650
Kyrgyzstan,KGZ,1965,10835712
Kyrgyzstan,KGZ,1966,11444406
Kyrgyzstan,KGZ,1967,11966843
Kyrgyzstan,KGZ,1968,12302215
Kyrgyzstan,KGZ,1969,12810962
Kyrgyzstan,KGZ,1970,13481653
Kyrgyzstan,KGZ,1971,14306076
Kyrgyzstan,KGZ,1972,15050849
Kyrgyzstan,KGZ,1973,15686771
Kyrgyzstan,KGZ,1974,16284117
Kyrgyzstan,KGZ,1975,17115124
Kyrgyzstan,KGZ,1976,17758716
Kyrgyzstan,KGZ,1977,18349320
Kyrgyzstan,KGZ,1978,18967164
Kyrgyzstan,KGZ,1979,19106486
Kyrgyzstan,KGZ,1980,19847288
Kyrgyzstan,KGZ,1981,19458402
Kyrgyzstan,KGZ,1982,19817096
Kyrgyzstan,KGZ,1983,20087730
Kyrgyzstan,KGZ,1984,20253148
Kyrgyzstan,KGZ,1985,21836838
Kyrgyzstan,KGZ,1986,21823764
Kyrgyzstan,KGZ,1987,21217606
Kyrgyzstan,KGZ,1988,21351716
Kyrgyzstan,KGZ,1989,20729724
Kyrgyzstan,KGZ,1990,19204034
Kyrgyzstan,KGZ,1991,15897467
Kyrgyzstan,KGZ,1992,11041681
Kyrgyzstan,KGZ,1993,8468166
Kyrgyzstan,KGZ,1994,6144479
Kyrgyzstan,KGZ,1995,4506950
Kyrgyzstan,KGZ,1996,5651918
Kyrgyzstan,KGZ,1997,5560681
Kyrgyzstan,KGZ,1998,5900999
Kyrgyzstan,KGZ,1999,4642439
Kyrgyzstan,KGZ,2000,4575258
Kyrgyzstan,KGZ,2001,3856740
Kyrgyzstan,KGZ,2002,4917247
Kyrgyzstan,KGZ,2003,5375527
Kyrgyzstan,KGZ,2004,5808160
Kyrgyzstan,KGZ,2005,5519072
Kyrgyzstan,KGZ,2006,5457268
Kyrgyzstan,KGZ,2007,6522285
Kyrgyzstan,KGZ,2008,7480887
Kyrgyzstan,KGZ,2009,6709287
Kyrgyzstan,KGZ,2010,6355656
Kyrgyzstan,KGZ,2011,7620172
Kyrgyzstan,KGZ,2012,10086689
Kyrgyzstan,KGZ,2013,9733813
Kyrgyzstan,KGZ,2014,10236388
Kyrgyzstan,KGZ,2015,10264781
Kyrgyzstan,KGZ,2016,9621676
Kyrgyzstan,KGZ,2017,9364119
Kyrgyzstan,KGZ,2018,11174909
Kyrgyzstan,KGZ,2019,9046661
Kyrgyzstan,KGZ,2020,8348490.5
Kyrgyzstan,KGZ,2021,10338292
Kyrgyzstan,KGZ,2022,11512894
Kyrgyzstan,KGZ,2023,11144427
Kyrgyzstan,KGZ,2024,11770158
Laos,LAO,1965,179536
Laos,LAO,1966,234496
Laos,LAO,1967,318768
Laos,LAO,1968,168544
Laos,LAO,1969,318768
Laos,LAO,1970,571584
Laos,LAO,1971,421360
Laos,LAO,1972,487312
Laos,LAO,1973,516623.97
Laos,LAO,1974,293120
Laos,LAO,1975,252815.98
Laos,LAO,1976,223504
Laos,LAO,1977,230832
Laos,LAO,1978,230832
Laos,LAO,1979,223504
Laos,LAO,1980,186864
Laos,LAO,1981,150224
Laos,LAO,1982,157552
Laos,LAO,1983,179536
Laos,LAO,1984,183200
Laos,LAO,1985,205184
Laos,LAO,1986,208848
Laos,LAO,1987,212512
Laos,LAO,1988,212512
Laos,LAO,1989,230832
Laos,LAO,1990,512960.03
Laos,LAO,1991,545936
Laos,LAO,1992,592750
Laos,LAO,1993,607425
Laos,LAO,1994,630600
Laos,LAO,1995,670880
Laos,LAO,1996,753378
Laos,LAO,1997,792409
Laos,LAO,1998,820068
Laos,LAO,1999,845680
Laos,LAO,2000,960400
Laos,LAO,2001,1059169
Laos,LAO,2002,1165768
Laos,LAO,2003,1220964
Laos,LAO,2004,1282484
Laos,LAO,2005,1337012
Laos,LAO,2006,1757335
Laos,LAO,2007,1835724
Laos,LAO,2008,2131341
Laos,LAO,2009,2667456
Laos,LAO,2010,3000849
Laos,LAO,2011,3096824
Laos,LAO,2012,3328366
Laos,LAO,2013,4198311
Laos,LAO,2014,4383017
Laos,LAO,2015,9184793
Laos,LAO,2016,16406527
Laos,LAO,2017,19624934
Laos,LAO,2018,20481498
Laos,LAO,2019,18339868
Laos,LAO,2020,18293558
Laos,LAO,2021,21836638
Laos,LAO,2022,22548782
Laos,LAO,2023,24157068
Laos,LAO,2024,24399926
Latvia,LVA,1965,12674038
Latvia,LVA,1966,13386594
Latvia,LVA,1967,14002162
Latvia,LVA,1968,14399615
Latvia,LVA,1969,14999000
Latvia,LVA,1970,15779262
Latvia,LVA,1971,16752617
Latvia,LVA,1972,17636198
Latvia,LVA,1973,18392770
Latvia,LVA,1974,19106046
Latvia,LVA,1975,20093566
Latvia,LVA,1976,20867690
Latvia,LVA,1977,21580524
Latvia,LVA,1978,22326238
Latvia,LVA,1979,22509984
Latvia,LVA,1980,23394948
Latvia,LVA,1981,22964624
Latvia,LVA,1982,23396512
Latvia,LVA,1983,23736738
Latvia,LVA,1984,23951808
Latvia,LVA,1985,25819072
Latvia,LVA,1986,23608822
Latvia,LVA,1987,19294130
Latvia,LVA,1988,18865442
Latvia,LVA,1989,17943096
Latvia,LVA,1990,19661604
Latvia,LVA,1991,17919586
Latvia,LVA,1992,14193533
Latvia,LVA,1993,11921674
Latvia,LVA,1994,10370181
Latvia,LVA,1995,9133941
Latvia,LVA,1996,9211659
Latvia,LVA,1997,8679916
Latvia,LVA,1998,8306022.5
Latvia,LVA,1999,7717860
Latvia,LVA,2000,7081630
Latvia,LVA,2001,7496506
Latvia,LVA,2002,7520418
Latvia,LVA,2003,7726040
Latvia,LVA,2004,7731198
Latvia,LVA,2005,7810764
Latvia,LVA,2006,8310115
Latvia,LVA,2007,8637233
Latvia,LVA,2008,8198058
Latvia,LVA,2009,7456196
Latvia,LVA,2010,8554521
Latvia,LVA,2011,7808430
Latvia,LVA,2012,7519718
Latvia,LVA,2013,7368746
Latvia,LVA,2014,7172200
Latvia,LVA,2015,7262421
Latvia,LVA,2016,7210682
Latvia,LVA,2017,7215320
Latvia,LVA,2018,7843189
Latvia,LVA,2019,7633452
Latvia,LVA,2020,6999268
Latvia,LVA,2021,7218349
Latvia,LVA,2022,6607997
Latvia,LVA,2023,6589883
Latvia,LVA,2024,6461889
Lebanon,LBN,1965,3311998
Lebanon,LBN,1966,3622932
Lebanon,LBN,1967,3564635
Lebanon,LBN,1968,3693317
Lebanon,LBN,1969,4344116
Lebanon,LBN,1970,3940725
Lebanon,LBN,1971,5300639
Lebanon,LBN,1972,5653358
Lebanon,LBN,1973,7066733
Lebanon,LBN,1974,7087861
Lebanon,LBN,1975,6265099
Lebanon,LBN,1976,5924023
Lebanon,LBN,1977,5385509
Lebanon,LBN,1978,5495880
Lebanon,LBN,1979,5785207
Lebanon,LBN,1980,5889758
Lebanon,LBN,1981,5844246
Lebanon,LBN,1982,5719422
Lebanon,LBN,1983,6942200
Lebanon,LBN,1984,6713183
Lebanon,LBN,1985,7764934
Lebanon,LBN,1986,7478448
Lebanon,LBN,1987,7670364
Lebanon,LBN,1988,7345655
Lebanon,LBN,1989,7720771
Lebanon,LBN,1990,7868195
Lebanon,LBN,1991,8115152.5
Lebanon,LBN,1992,9726913
Lebanon,LBN,1993,10354905
Lebanon,LBN,1994,11110825
Lebanon,LBN,1995,12254741
Lebanon,LBN,1996,12752780
Lebanon,LBN,1997,15098693
Lebanon,LBN,1998,16286495
Lebanon,LBN,1999,16429672
Lebanon,LBN,2000,15466264
Lebanon,LBN,2001,16406607
Lebanon,LBN,2002,16243744
Lebanon,LBN,2003,18529028
Lebanon,LBN,2004,17208414
Lebanon,LBN,2005,16650190
Lebanon,LBN,2006,14792376
Lebanon,LBN,2007,13746087
Lebanon,LBN,2008,17417774
Lebanon,LBN,2009,20957556
Lebanon,LBN,2010,19996596
Lebanon,LBN,2011,20264128
Lebanon,LBN,2012,22332032
Lebanon,LBN,2013,22163742
Lebanon,LBN,2014,23992028
Lebanon,LBN,2015,25731236
Lebanon,LBN,2016,26437870
Lebanon,LBN,2017,27820720
Lebanon,LBN,2018,25812102
Lebanon,LBN,2019,25141072
Lebanon,LBN,2020,23693950
Lebanon,LBN,2021,19474380
Lebanon,LBN,2022,15360705
Lebanon,LBN,2023,15558805
Lebanon,LBN,2024,15649973
Lesotho,LSO,1990,1472928
Lesotho,LSO,1991,1527888
Lesotho,LSO,1992,1586512
Lesotho,LSO,1993,1630480
Lesotho,LSO,1994,1674448
Lesotho,LSO,1995,1707424
Lesotho,LSO,1996,1736736
Lesotho,LSO,1997,1769712
Lesotho,LSO,1998,1802688
Lesotho,LSO,1999,1824672
Lesotho,LSO,2000,1850320
Lesotho,LSO,2001,1872304
Lesotho,LSO,2002,1905280
Lesotho,LSO,2003,1930928
Lesotho,LSO,2004,1978560
Lesotho,LSO,2005,2011535.9
Lesotho,LSO,2006,2033520
Lesotho,LSO,2007,2073823.9
Lesotho,LSO,2008,2121456
Lesotho,LSO,2009,2216720
Lesotho,LSO,2010,2275344
Lesotho,LSO,2011,2758992
Lesotho,LSO,2012,2791968
Lesotho,LSO,2013,2125120
Lesotho,LSO,2014,2242368
Lesotho,LSO,2015,2044512
Lesotho,LSO,2016,2026192
Lesotho,LSO,2017,2286336
Lesotho,LSO,2018,2165424
Lesotho,LSO,2019,2187408
Lesotho,LSO,2020,1985888
Lesotho,LSO,2021,3096080
Lesotho,LSO,2022,2551344
Lesotho,LSO,2023,2493633
Lesotho,LSO,2024,2571767
Liberia,LBR,1965,556928
Liberia,LBR,1966,611888
Liberia,LBR,1967,611888
Liberia,LBR,1968,882816
Liberia,LBR,1969,1271111
Liberia,LBR,1970,1450587
Liberia,LBR,1971,1523867
Liberia,LBR,1972,1505547
Liberia,LBR,1973,1479899
Liberia,LBR,1974,1721723
Liberia,LBR,1975,1483563
Liberia,LBR,1976,1475601
Liberia,LBR,1977,1471362
Liberia,LBR,1978,1503152
Liberia,LBR,1979,1941899
Liberia,LBR,1980,2037558.1
Liberia,LBR,1981,1934943
Liberia,LBR,1982,597408
Liberia,LBR,1983,706518
Liberia,LBR,1984,695432
Liberia,LBR,1985,716084
Liberia,LBR,1986,722879
Liberia,LBR,1987,758462
Liberia,LBR,1988,809184
Liberia,LBR,1989,659594
Liberia,LBR,1990,456132
Liberia,LBR,1991,374548
Liberia,LBR,1992,391658
Liberia,LBR,1993,417301
Liberia,LBR,1994,415256
Liberia,LBR,1995,416069
Liberia,LBR,1996,427462
Liberia,LBR,1997,446187
Liberia,LBR,1998,473047
Liberia,LBR,1999,376138
Liberia,LBR,2000,402433
Liberia,LBR,2001,413754
Liberia,LBR,2002,432027
Liberia,LBR,2003,460659
Liberia,LBR,2004,542808
Liberia,LBR,2005,650572
Liberia,LBR,2006,669070
Liberia,LBR,2007,628785
Liberia,LBR,2008,530796
Liberia,LBR,2009,521983.03
Liberia,LBR,2010,709268
Liberia,LBR,2011,822404
Liberia,LBR,2012,915015
Liberia,LBR,2013,874265
Liberia,LBR,2014,733526
Liberia,LBR,2015,698691
Liberia,LBR,2016,646650
Liberia,LBR,2017,667364
Liberia,LBR,2018,608632
Liberia,LBR,2019,931662
Liberia,LBR,2020,776749
Liberia,LBR,2021,782557
Liberia,LBR,2022,863766
Liberia,LBR,2023,834001
Liberia,LBR,2024,859369
Libya,LBY,1965,1014928
Libya,LBY,1966,2627088
Libya,LBY,1967,18492208
Libya,LBY,1968,30114416
Libya,LBY,1969,35522212
Libya,LBY,1970,32305104
Libya,LBY,1971,21628296
Libya,LBY,1972,15220018
Libya,LBY,1973,14575065
Libya,LBY,1974,9337575
Libya,LBY,1975,11568416
Libya,LBY,1976,17887864
Libya,LBY,1977,20198250
Libya,LBY,1978,21155382
Libya,LBY,1979,25926382
Libya,LBY,1980,26780556
Libya,LBY,1981,28667964
Libya,LBY,1982,30565102
Libya,LBY,1983,30146018
Libya,LBY,1984,28276210
Libya,LBY,1985,31002176
Libya,LBY,1986,33895492
Libya,LBY,1987,32348262
Libya,LBY,1988,36160364
Libya,LBY,1989,37068520
Libya,LBY,1990,36513784
Libya,LBY,1991,42619850
Libya,LBY,1992,37024420
Libya,LBY,1993,38708330
Libya,LBY,1994,51359944
Libya,LBY,1995,54595650
Libya,LBY,1996,53951944
Libya,LBY,1997,51778956
Libya,LBY,1998,51652640
Libya,LBY,1999,50259920
Libya,LBY,2000,53238540
Libya,LBY,2001,53113610
Libya,LBY,2002,52524996
Libya,LBY,2003,55480620
Libya,LBY,2004,56853804
Libya,LBY,2005,55985500
Libya,LBY,2006,51450012
Libya,LBY,2007,44391884
Libya,LBY,2008,49699240
Libya,LBY,2009,51626750
Libya,LBY,2010,59147924
Libya,LBY,2011,53542210
Libya,LBY,2012,61606492
Libya,LBY,2013,51343916
Libya,LBY,2014,68348400
Libya,LBY,2015,60866180
Libya,LBY,2016,57378880
Libya,LBY,2017,67092250
Libya,LBY,2018,62644524
Libya,LBY,2019,73778310
Libya,LBY,2020,36110628
Libya,LBY,2021,56312464
Libya,LBY,2022,58974004
Libya,LBY,2023,64219084
Libya,LBY,2024,65260070
Liechtenstein,LIE,1965,62467
Liechtenstein,LIE,1966,61096
Liechtenstein,LIE,1967,60649
Liechtenstein,LIE,1968,73834
Liechtenstein,LIE,1969,87555
Liechtenstein,LIE,1970,110996
Liechtenstein,LIE,1971,116195
Liechtenstein,LIE,1972,107516
Liechtenstein,LIE,1973,134552
Liechtenstein,LIE,1974,109170
Liechtenstein,LIE,1975,137450
Liechtenstein,LIE,1976,133660
Liechtenstein,LIE,1977,152267
Liechtenstein,LIE,1978,151880
Liechtenstein,LIE,1979,130660.99
Liechtenstein,LIE,1980,157815
Liechtenstein,LIE,1981,148209
Liechtenstein,LIE,1982,103785
Liechtenstein,LIE,1983,130692.01
Liechtenstein,LIE,1984,136431
Liechtenstein,LIE,1985,170211
Liechtenstein,LIE,1986,195124
Liechtenstein,LIE,1987,135103
Liechtenstein,LIE,1988,179001
Liechtenstein,LIE,1989,187125
Liechtenstein,LIE,1990,198971
Liechtenstein,LIE,1991,206329
Liechtenstein,LIE,1992,206950
Liechtenstein,LIE,1993,215034
Liechtenstein,LIE,1994,201111
Liechtenstein,LIE,1995,204202
Liechtenstein,LIE,1996,205960
Liechtenstein,LIE,1997,218373
Liechtenstein,LIE,1998,229235
Liechtenstein,LIE,1999,226562
Liechtenstein,LIE,2000,216857
Liechtenstein,LIE,2001,214668
Liechtenstein,LIE,2002,220015
Liechtenstein,LIE,2003,229349
Liechtenstein,LIE,2004,229383
Liechtenstein,LIE,2005,228962
Liechtenstein,LIE,2006,231089
Liechtenstein,LIE,2007,200734
Liechtenstein,LIE,2008,219470
Liechtenstein,LIE,2009,205338
Liechtenstein,LIE,2010,190783
Liechtenstein,LIE,2011,176727
Liechtenstein,LIE,2012,185263
Liechtenstein,LIE,2013,192493
Liechtenstein,LIE,2014,161186
Liechtenstein,LIE,2015,159668
Liechtenstein,LIE,2016,149653
Liechtenstein,LIE,2017,155476
Liechtenstein,LIE,2018,142573
Liechtenstein,LIE,2019,148655
Liechtenstein,LIE,2020,141605
Liechtenstein,LIE,2021,145595
Liechtenstein,LIE,2022,128336
Liechtenstein,LIE,2023,131221
Liechtenstein,LIE,2024,131624
Lithuania,LTU,1965,19603964
Lithuania,LTU,1966,20706378
Lithuania,LTU,1967,21673964
Lithuania,LTU,1968,22304778
Lithuania,LTU,1969,23247304
Lithuania,LTU,1970,24462224
Lithuania,LTU,1971,26009888
Lithuania,LTU,1972,27418106
Lithuania,LTU,1973,28633444
Lithuania,LTU,1974,29785214
Lithuania,LTU,1975,31358656
Lithuania,LTU,1976,32584964
Lithuania,LTU,1977,33721788
Lithuania,LTU,1978,34921790
Lithuania,LTU,1979,35219756
Lithuania,LTU,1980,36613720
Lithuania,LTU,1981,35991404
Lithuania,LTU,1982,36680820
Lithuania,LTU,1983,37242828
Lithuania,LTU,1984,37600516
Lithuania,LTU,1985,40510932
Lithuania,LTU,1986,36062584
Lithuania,LTU,1987,36071370
Lithuania,LTU,1988,36467444
Lithuania,LTU,1989,36816680
Lithuania,LTU,1990,35737676
Lithuania,LTU,1991,37820376
Lithuania,LTU,1992,21168442
Lithuania,LTU,1993,16319714
Lithuania,LTU,1994,15767042
Lithuania,LTU,1995,15057343
Lithuania,LTU,1996,15739963
Lithuania,LTU,1997,15162846
Lithuania,LTU,1998,15997053
Lithuania,LTU,1999,13449596
Lithuania,LTU,2000,11843035
Lithuania,LTU,2001,12593737
Lithuania,LTU,2002,12666029
Lithuania,LTU,2003,12659431
Lithuania,LTU,2004,13254143
Lithuania,LTU,2005,13862545
Lithuania,LTU,2006,14195265
Lithuania,LTU,2007,15473504
Lithuania,LTU,2008,14918791
Lithuania,LTU,2009,12829125
Lithuania,LTU,2010,13801892
Lithuania,LTU,2011,13959649
Lithuania,LTU,2012,14054137
Lithuania,LTU,2013,13148174
Lithuania,LTU,2014,12845803
Lithuania,LTU,2015,13045220
Lithuania,LTU,2016,13101518
Lithuania,LTU,2017,13277398
Lithuania,LTU,2018,13414424
Lithuania,LTU,2019,13647340
Lithuania,LTU,2020,13499604
Lithuania,LTU,2021,13778095
Lithuania,LTU,2022,12895064
Lithuania,LTU,2023,12507402
Lithuania,LTU,2024,12541509
Luxembourg,LUX,1965,12203860
Luxembourg,LUX,1966,11617682
Luxembourg,LUX,1967,11361292
Luxembourg,LUX,1968,12266300
Luxembourg,LUX,1969,13189539
Luxembourg,LUX,1970,13742651
Luxembourg,LUX,1971,13197676
Luxembourg,LUX,1972,13500482
Luxembourg,LUX,1973,14179017
Luxembourg,LUX,1974,14427709
Luxembourg,LUX,1975,11867550
Luxembourg,LUX,1976,11865494
Luxembourg,LUX,1977,10957610
Luxembourg,LUX,1978,11884497
Luxembourg,LUX,1979,12162284
Luxembourg,LUX,1980,11077174
Luxembourg,LUX,1981,9489622
Luxembourg,LUX,1982,8931505
Luxembourg,LUX,1983,8371279.5
Luxembourg,LUX,1984,9007821
Luxembourg,LUX,1985,9240506
Luxembourg,LUX,1986,9114821
Luxembourg,LUX,1987,8812367
Luxembourg,LUX,1988,9103279
Luxembourg,LUX,1989,9849941
Luxembourg,LUX,1990,11809167
Luxembourg,LUX,1991,12420411
Luxembourg,LUX,1992,12189432
Luxembourg,LUX,1993,12338294
Luxembourg,LUX,1994,11523991
Luxembourg,LUX,1995,9134483
Luxembourg,LUX,1996,9185693
Luxembourg,LUX,1997,8547978
Luxembourg,LUX,1998,7656827
Luxembourg,LUX,1999,8119314
Luxembourg,LUX,2000,8702319
Luxembourg,LUX,2001,9205365
Luxembourg,LUX,2002,9978491
Luxembourg,LUX,2003,10450939
Luxembourg,LUX,2004,11815994
Luxembourg,LUX,2005,12075892
Luxembourg,LUX,2006,11905623
Luxembourg,LUX,2007,11302203
Luxembourg,LUX,2008,11166763
Luxembourg,LUX,2009,10619787
Luxembourg,LUX,2010,11190507
Luxembourg,LUX,2011,11089509
Luxembourg,LUX,2012,10857971
Luxembourg,LUX,2013,10323408
Luxembourg,LUX,2014,9806854
Luxembourg,LUX,2015,9333977
Luxembourg,LUX,2016,9077205
Luxembourg,LUX,2017,9251006
Luxembourg,LUX,2018,9556162
Luxembourg,LUX,2019,9749969
Luxembourg,LUX,2020,8069083
Luxembourg,LUX,2021,8409505
Luxembourg,LUX,2022,7274379
Luxembourg,LUX,2023,6840733
Luxembourg,LUX,2024,7039783
Macao,MAC,1965,131904
Macao,MAC,1966,150224
Macao,MAC,1967,164880
Macao,MAC,1968,168544
Macao,MAC,1969,168544
Macao,MAC,1970,205184
Macao,MAC,1971,227168
Macao,MAC,1972,230832
Macao,MAC,1973,223504
Macao,MAC,1974,267472
Macao,MAC,1975,296784
Macao,MAC,1976,252815.98
Macao,MAC,1977,307776
Macao,MAC,1978,414032
Macao,MAC,1979,414032
Macao,MAC,1980,527616
Macao,MAC,1981,534944
Macao,MAC,1982,483648
Macao,MAC,1983,681504
Macao,MAC,1984,604560
Macao,MAC,1985,732800
Macao,MAC,1986,875696
Macao,MAC,1987,970960
Macao,MAC,1988,963632
Macao,MAC,1989,1029584.06
Macao,MAC,1990,901344
Macao,MAC,1991,967296
Macao,MAC,1992,978288
Macao,MAC,1993,1102864
Macao,MAC,1994,1179808
Macao,MAC,1995,1124848
Macao,MAC,1996,1300720
Macao,MAC,1997,1366672
Macao,MAC,1998,1443616
Macao,MAC,1999,1425296
Macao,MAC,2000,1527888
Macao,MAC,2001,1560864
Macao,MAC,2002,1388656
Macao,MAC,2003,1421632
Macao,MAC,2004,1582848
Macao,MAC,2005,1681776
Macao,MAC,2006,1454608
Macao,MAC,2007,1363008
Macao,MAC,2008,1128512
Macao,MAC,2009,1894288
Macao,MAC,2010,1234768
Macao,MAC,2011,1293392
Macao,MAC,2012,1132176
Macao,MAC,2013,989280
Macao,MAC,2014,1293392
Macao,MAC,2015,1773376
Macao,MAC,2016,1780704
Macao,MAC,2017,1927264
Macao,MAC,2018,1242096
Macao,MAC,2019,1212784
Macao,MAC,2020,1033247.94
Macao,MAC,2021,1029584.06
Macao,MAC,2022,1048775
Macao,MAC,2023,1042865.06
Macao,MAC,2024,1056328
Madagascar,MDG,1965,556779
Madagascar,MDG,1966,578704
Madagascar,MDG,1967,842482
Madagascar,MDG,1968,912069
Madagascar,MDG,1969,849751
Madagascar,MDG,1970,970663
Madagascar,MDG,1971,1025624.06
Madagascar,MDG,1972,1285797
Madagascar,MDG,1973,1073256
Madagascar,MDG,1974,1186898
Madagascar,MDG,1975,1692530
Madagascar,MDG,1976,992234
Madagascar,MDG,1977,845601
Madagascar,MDG,1978,1017215.94
Madagascar,MDG,1979,1130237
Madagascar,MDG,1980,1613940
Madagascar,MDG,1981,1024539.94
Madagascar,MDG,1982,1013337
Madagascar,MDG,1983,650391
Madagascar,MDG,1984,866372
Madagascar,MDG,1985,1053031
Madagascar,MDG,1986,1137097
Madagascar,MDG,1987,1282418
Madagascar,MDG,1988,1285795
Madagascar,MDG,1989,925801
Madagascar,MDG,1990,944296
Madagascar,MDG,1991,1024866
Madagascar,MDG,1992,1002845.06
Madagascar,MDG,1993,1028456
Madagascar,MDG,1994,1152219
Madagascar,MDG,1995,1192441
Madagascar,MDG,1996,1249003
Madagascar,MDG,1997,1535182
Madagascar,MDG,1998,1619053
Madagascar,MDG,1999,1766354
Madagascar,MDG,2000,1955170
Madagascar,MDG,2001,1746684
Madagascar,MDG,2002,1232145
Madagascar,MDG,2003,1699386
Madagascar,MDG,2004,1804376
Madagascar,MDG,2005,1741218
Madagascar,MDG,2006,1674711
Madagascar,MDG,2007,1727691
Madagascar,MDG,2008,1787286
Madagascar,MDG,2009,1699051
Madagascar,MDG,2010,1871714
Madagascar,MDG,2011,2329853
Madagascar,MDG,2012,2660200
Madagascar,MDG,2013,3060920
Madagascar,MDG,2014,2971004
Madagascar,MDG,2015,3121228
Madagascar,MDG,2016,3256796
Madagascar,MDG,2017,3803787
Madagascar,MDG,2018,3604454
Madagascar,MDG,2019,4146515
Madagascar,MDG,2020,3788076
Madagascar,MDG,2021,4246076
Madagascar,MDG,2022,4209640
Madagascar,MDG,2023,4446771
Madagascar,MDG,2024,4528381
Malawi,MWI,1965,347961
Malawi,MWI,1966,428510
Malawi,MWI,1967,366222
Malawi,MWI,1968,388148
Malawi,MWI,1969,380756
Malawi,MWI,1970,454069
Malawi,MWI,1971,501672.03
Malawi,MWI,1972,545572
Malawi,MWI,1973,571115
Malawi,MWI,1974,549090
Malawi,MWI,1975,578272
Malawi,MWI,1976,581989
Malawi,MWI,1977,636859
Malawi,MWI,1978,669734
Malawi,MWI,1979,636722
Malawi,MWI,1980,710076
Malawi,MWI,1981,603851
Malawi,MWI,1982,593091
Malawi,MWI,1983,574535
Malawi,MWI,1984,556183
Malawi,MWI,1985,556311
Malawi,MWI,1986,552455
Malawi,MWI,1987,545095
Malawi,MWI,1988,541487
Malawi,MWI,1989,563351
Malawi,MWI,1990,736906
Malawi,MWI,1991,787355
Malawi,MWI,1992,787089
Malawi,MWI,1993,878576
Malawi,MWI,1994,901750
Malawi,MWI,1995,903090
Malawi,MWI,1996,919530
Malawi,MWI,1997,918222
Malawi,MWI,1998,901754
Malawi,MWI,1999,893264
Malawi,MWI,2000,853982
Malawi,MWI,2001,777288
Malawi,MWI,2002,856235
Malawi,MWI,2003,914835
Malawi,MWI,2004,901678
Malawi,MWI,2005,845319
Malawi,MWI,2006,851328
Malawi,MWI,2007,919179
Malawi,MWI,2008,998705
Malawi,MWI,2009,1017604.94
Malawi,MWI,2010,972162
Malawi,MWI,2011,1033844
Malawi,MWI,2012,1040751
Malawi,MWI,2013,1120229
Malawi,MWI,2014,1015111
Malawi,MWI,2015,1049909
Malawi,MWI,2016,1172440
Malawi,MWI,2017,1193033
Malawi,MWI,2018,1690049
Malawi,MWI,2019,1695354
Malawi,MWI,2020,1868050
Malawi,MWI,2021,1682495
Malawi,MWI,2022,1801388
Malawi,MWI,2023,1852568
Malawi,MWI,2024,1881479
Malaysia,MYS,1965,8380229
Malaysia,MYS,1966,9834393
Malaysia,MYS,1967,10127602
Malaysia,MYS,1968,10530226
Malaysia,MYS,1969,9137758
Malaysia,MYS,1970,14585889
Malaysia,MYS,1971,16662594
Malaysia,MYS,1972,17900626
Malaysia,MYS,1973,17505126
Malaysia,MYS,1974,19044680
Malaysia,MYS,1975,19445158
Malaysia,MYS,1976,23897642
Malaysia,MYS,1977,22620840
Malaysia,MYS,1978,23260444
Malaysia,MYS,1979,27305936
Malaysia,MYS,1980,28032596
Malaysia,MYS,1981,30877660
Malaysia,MYS,1982,30641940
Malaysia,MYS,1983,38048304
Malaysia,MYS,1984,34794430
Malaysia,MYS,1985,36329770
Malaysia,MYS,1986,40101890
Malaysia,MYS,1987,40877684
Malaysia,MYS,1988,42869204
Malaysia,MYS,1989,50083868
Malaysia,MYS,1990,54269364
Malaysia,MYS,1991,65785132
Malaysia,MYS,1992,72961016
Malaysia,MYS,1993,86612380
Malaysia,MYS,1994,87497430
Malaysia,MYS,1995,109595210
Malaysia,MYS,1996,110108470
Malaysia,MYS,1997,118471340
Malaysia,MYS,1998,109781690
Malaysia,MYS,1999,103986550
Malaysia,MYS,2000,122881384
Malaysia,MYS,2001,130890050
Malaysia,MYS,2002,132035230
Malaysia,MYS,2003,153384340
Malaysia,MYS,2004,169674400
Malaysia,MYS,2005,169978320
Malaysia,MYS,2006,170166450
Malaysia,MYS,2007,175454450
Malaysia,MYS,2008,192847060
Malaysia,MYS,2009,192122740
Malaysia,MYS,2010,199346400
Malaysia,MYS,2011,203452770
Malaysia,MYS,2012,212993630
Malaysia,MYS,2013,241671090
Malaysia,MYS,2014,245053380
Malaysia,MYS,2015,235941760
Malaysia,MYS,2016,237293890
Malaysia,MYS,2017,244457090
Malaysia,MYS,2018,262647070
Malaysia,MYS,2019,277672900
Malaysia,MYS,2020,262158820
Malaysia,MYS,2021,273332160
Malaysia,MYS,2022,281883800
Malaysia,MYS,2023,276296770
Malaysia,MYS,2024,290223840
Maldives,MDV,1971,3664
Maldives,MDV,1972,3664
Maldives,MDV,1973,3664
Maldives,MDV,1974,3664
Maldives,MDV,1975,7328
Maldives,MDV,1976,10992
Maldives,MDV,1977,14656
Maldives,MDV,1978,21984
Maldives,MDV,1979,29312
Maldives,MDV,1980,43968
Maldives,MDV,1981,47632
Maldives,MDV,1982,47632
Maldives,MDV,1983,51296
Maldives,MDV,1984,58624
Maldives,MDV,1985,65952
Maldives,MDV,1986,80608
Maldives,MDV,1987,80608
Maldives,MDV,1988,95264
Maldives,MDV,1989,124576
Maldives,MDV,1990,168544
Maldives,MDV,1991,153888
Maldives,MDV,1992,230832
Maldives,MDV,1993,194192
Maldives,MDV,1994,197856
Maldives,MDV,1995,249152
Maldives,MDV,1996,289456
Maldives,MDV,1997,329760
Maldives,MDV,1998,300448
Maldives,MDV,1999,421360
Maldives,MDV,2000,450672
Maldives,MDV,2001,461664
Maldives,MDV,2002,589904
Maldives,MDV,2003,509296
Maldives,MDV,2004,663184
Maldives,MDV,2005,600896
Maldives,MDV,2006,743792
Maldives,MDV,2007,780432
Maldives,MDV,2008,839056
Maldives,MDV,2009,883024
Maldives,MDV,2010,930656
Maldives,MDV,2011,985616
Maldives,MDV,2012,1110192
Maldives,MDV,2013,1095536
Maldives,MDV,2014,1319040
Maldives,MDV,2015,1282400
Maldives,MDV,2016,1432624
Maldives,MDV,2017,1513232
Maldives,MDV,2018,1736736
Maldives,MDV,2019,1993216
Maldives,MDV,2020,1678112
Maldives,MDV,2021,1996880
Maldives,MDV,2022,2215800
Maldives,MDV,2023,2205334
Maldives,MDV,2024,2306210
Mali,MLI,1965,197856
Mali,MLI,1966,190528
Mali,MLI,1967,223504
Mali,MLI,1968,197856
Mali,MLI,1969,161216
Mali,MLI,1970,201520
Mali,MLI,1971,227168
Mali,MLI,1972,245488
Mali,MLI,1973,267294
Mali,MLI,1974,303934
Mali,MLI,1975,340544
Mali,MLI,1976,340257
Mali,MLI,1977,413473
Mali,MLI,1978,394948
Mali,MLI,1979,427912
Mali,MLI,1980,391343
Mali,MLI,1981,394884
Mali,MLI,1982,365132
Mali,MLI,1983,416621
Mali,MLI,1984,434818
Mali,MLI,1985,405383
Mali,MLI,1986,379612
Mali,MLI,1987,357505
Mali,MLI,1988,383030
Mali,MLI,1989,415882
Mali,MLI,1990,422243
Mali,MLI,1991,425894
Mali,MLI,1992,462522
Mali,MLI,1993,502812.97
Mali,MLI,1994,548393
Mali,MLI,1995,595200
Mali,MLI,1996,646081
Mali,MLI,1997,723001
Mali,MLI,1998,930656
Mali,MLI,1999,970960
Mali,MLI,2000,1066224
Mali,MLI,2001,1161488
Mali,MLI,2002,1209120
Mali,MLI,2003,1245760
Mali,MLI,2004,1414304
Mali,MLI,2005,1458272
Mali,MLI,2006,1535216
Mali,MLI,2007,1784368
Mali,MLI,2008,1956576
Mali,MLI,2009,1886960
Mali,MLI,2010,2088480
Mali,MLI,2011,2279008
Mali,MLI,2012,2436560
Mali,MLI,2013,2743394
Mali,MLI,2014,3139313
Mali,MLI,2015,3399103
Mali,MLI,2016,4286165
Mali,MLI,2017,4766551
Mali,MLI,2018,5198325
Mali,MLI,2019,5594037
Mali,MLI,2020,6330056
Mali,MLI,2021,7393170
Mali,MLI,2022,7019715
Mali,MLI,2023,6743016
Mali,MLI,2024,6978840
Malta,MLT,1965,472656
Malta,MLT,1966,414032
Malta,MLT,1967,520288
Malta,MLT,1968,637536
Malta,MLT,1969,652192
Malta,MLT,1970,663184
Malta,MLT,1971,659520
Malta,MLT,1972,839056
Malta,MLT,1973,806080
Malta,MLT,1974,743792
Malta,MLT,1975,666848
Malta,MLT,1976,762112
Malta,MLT,1977,802416
Malta,MLT,1978,934320
Malta,MLT,1979,905008
Malta,MLT,1980,1022256
Malta,MLT,1981,1143168
Malta,MLT,1982,1311712
Malta,MLT,1983,996608
Malta,MLT,1984,1363008
Malta,MLT,1985,1198128
Malta,MLT,1986,1483920
Malta,MLT,1987,1853984
Malta,MLT,1988,2011535.9
Malta,MLT,1989,2169088
Malta,MLT,1990,2427410
Malta,MLT,1991,2271858
Malta,MLT,1992,2293611
Malta,MLT,1993,2885604
Malta,MLT,1994,2658364
Malta,MLT,1995,2452147
Malta,MLT,1996,2533966
Malta,MLT,1997,2556266
Malta,MLT,1998,2524950
Malta,MLT,1999,2572876
Malta,MLT,2000,2468170
Malta,MLT,2001,2736578
Malta,MLT,2002,2747250
Malta,MLT,2003,2960865
Malta,MLT,2004,2849102
Malta,MLT,2005,2649810
Malta,MLT,2006,2655351
Malta,MLT,2007,2727800
Malta,MLT,2008,2721287
Malta,MLT,2009,2560864
Malta,MLT,2010,2619259
Malta,MLT,2011,2608196
Malta,MLT,2012,2749059
Malta,MLT,2013,2429647
Malta,MLT,2014,2417320
Malta,MLT,2015,1697468
Malta,MLT,2016,1375879
Malta,MLT,2017,1537206
Malta,MLT,2018,1547703
Malta,MLT,2019,1649196
Malta,MLT,2020,1600889
Malta,MLT,2021,1611409
Malta,MLT,2022,1774245
Malta,MLT,2023,1768002
Malta,MLT,2024,1728766
Marshall Islands,MHL,1992,76944
Marshall Islands,MHL,1993,80608
Marshall Islands,MHL,1994,84272
Marshall Islands,MHL,1995,87936
Marshall Islands,MHL,1996,91600
Marshall Islands,MHL,1997,91600
Marshall Islands,MHL,1998,91600
Marshall Islands,MHL,1999,91600
Marshall Islands,MHL,2000,98928
Marshall Islands,MHL,2001,102592
Marshall Islands,MHL,2002,109920
Marshall Islands,MHL,2003,109920
Marshall Islands,MHL,2004,113584
Marshall Islands,MHL,2005,113584
Marshall Islands,MHL,2006,120912
Marshall Islands,MHL,2007,128240.01
Marshall Islands,MHL,2008,128240.01
Marshall Islands,MHL,2009,131904
Marshall Islands,MHL,2010,135568
Marshall Islands,MHL,2011,135568
Marshall Islands,MHL,2012,135568
Marshall Islands,MHL,2013,139232
Marshall Islands,MHL,2014,139232
Marshall Islands,MHL,2015,142896
Marshall Islands,MHL,2016,142896
Marshall Islands,MHL,2017,146560
Marshall Islands,MHL,2018,146560
Marshall Islands,MHL,2019,146560
Marshall Islands,MHL,2020,146560
Marshall Islands,MHL,2021,146560
Marshall Islands,MHL,2022,148424
Marshall Islands,MHL,2023,147722
Marshall Islands,MHL,2024,154480
Mauritania,MRT,1965,161216
Mauritania,MRT,1966,179536
Mauritania,MRT,1967,197856
Mauritania,MRT,1968,234496
Mauritania,MRT,1969,274800
Mauritania,MRT,1970,428688
Mauritania,MRT,1971,399376
Mauritania,MRT,1972,447008
Mauritania,MRT,1973,468992
Mauritania,MRT,1974,483648
Mauritania,MRT,1975,509296
Mauritania,MRT,1976,516623.97
Mauritania,MRT,1977,556928
Mauritania,MRT,1978,582576
Mauritania,MRT,1979,604560
Mauritania,MRT,1980,630208
Mauritania,MRT,1981,633709
Mauritania,MRT,1982,883024
Mauritania,MRT,1983,937984
Mauritania,MRT,1984,872032
Mauritania,MRT,1985,655856
Mauritania,MRT,1986,373728
Mauritania,MRT,1987,3242640
Mauritania,MRT,1988,3184016
Mauritania,MRT,1989,2802960
Mauritania,MRT,1990,853518
Mauritania,MRT,1991,868368
Mauritania,MRT,1992,905008
Mauritania,MRT,1993,926799
Mauritania,MRT,1994,959409
Mauritania,MRT,1995,1014928
Mauritania,MRT,1996,1062560
Mauritania,MRT,1997,1077216
Mauritania,MRT,1998,1073552
Mauritania,MRT,1999,1095536
Mauritania,MRT,2000,1113856
Mauritania,MRT,2001,1172480
Mauritania,MRT,2002,1249424
Mauritania,MRT,2003,1286064
Mauritania,MRT,2004,1384992
Mauritania,MRT,2005,1433674
Mauritania,MRT,2006,1550078
Mauritania,MRT,2007,1757602
Mauritania,MRT,2008,1830772
Mauritania,MRT,2009,2012298.1
Mauritania,MRT,2010,2093519.9
Mauritania,MRT,2011,2226577
Mauritania,MRT,2012,2447571
Mauritania,MRT,2013,2168855
Mauritania,MRT,2014,2562746
Mauritania,MRT,2015,3002486
Mauritania,MRT,2016,2623861
Mauritania,MRT,2017,3581137
Mauritania,MRT,2018,4444432
Mauritania,MRT,2019,4613280
Mauritania,MRT,2020,4781520
Mauritania,MRT,2021,4499685
Mauritania,MRT,2022,5267432
Mauritania,MRT,2023,5036898
Mauritania,MRT,2024,5238679
Mauritius,MUS,1965,304112
Mauritius,MUS,1966,274800
Mauritius,MUS,1967,498304
Mauritius,MUS,1968,637536
Mauritius,MUS,1969,571584
Mauritius,MUS,1970,498304
Mauritius,MUS,1971,395712
Mauritius,MUS,1972,688832
Mauritius,MUS,1973,677840
Mauritius,MUS,1974,692496
Mauritius,MUS,1975,589904
Mauritius,MUS,1976,619216
Mauritius,MUS,1977,641200
Mauritius,MUS,1978,630208
Mauritius,MUS,1979,659520
Mauritius,MUS,1980,589904
Mauritius,MUS,1981,542272
Mauritius,MUS,1982,501968.03
Mauritius,MUS,1983,597232
Mauritius,MUS,1984,626544
Mauritius,MUS,1985,707152
Mauritius,MUS,1986,798752
Mauritius,MUS,1987,930656
Mauritius,MUS,1988,853712
Mauritius,MUS,1989,1051568
Mauritius,MUS,1990,1461936
Mauritius,MUS,1991,1520560
Mauritius,MUS,1992,1707424
Mauritius,MUS,1993,1773376
Mauritius,MUS,1994,1623152
Mauritius,MUS,1995,1828336
Mauritius,MUS,1996,1949248
Mauritius,MUS,1997,1996880
Mauritius,MUS,1998,2169088
Mauritius,MUS,1999,2425568
Mauritius,MUS,2000,2689376
Mauritius,MUS,2001,2861584
Mauritius,MUS,2002,2883568
Mauritius,MUS,2003,3059440
Mauritius,MUS,2004,3088752
Mauritius,MUS,2005,3293936
Mauritius,MUS,2006,3627360
Mauritius,MUS,2007,3685984
Mauritius,MUS,2008,3766592
Mauritius,MUS,2009,3707968
Mauritius,MUS,2010,3913152
Mauritius,MUS,2011,3916816
Mauritius,MUS,2012,3964448
Mauritius,MUS,2013,4067040
Mauritius,MUS,2014,4206272
Mauritius,MUS,2015,4209936
Mauritius,MUS,2016,4341840
Mauritius,MUS,2017,4539696
Mauritius,MUS,2018,4455424
Mauritius,MUS,2019,4525040
Mauritius,MUS,2020,3799568
Mauritius,MUS,2021,3968112
Mauritius,MUS,2022,4316741
Mauritius,MUS,2023,4587621
Mauritius,MUS,2024,4673616
Mexico,MEX,1965,75167900
Mexico,MEX,1966,80844570
Mexico,MEX,1967,90005530
Mexico,MEX,1968,93887230
Mexico,MEX,1969,102176184
Mexico,MEX,1970,113950680
Mexico,MEX,1971,126182310
Mexico,MEX,1972,132260760
Mexico,MEX,1973,144040500
Mexico,MEX,1974,154701440
Mexico,MEX,1975,164103730
Mexico,MEX,1976,183693500
Mexico,MEX,1977,192337710
Mexico,MEX,1978,222047580
Mexico,MEX,1979,240175380
Mexico,MEX,1980,267644690
Mexico,MEX,1981,283586700
Mexico,MEX,1982,303763700
Mexico,MEX,1983,277430430
Mexico,MEX,1984,276491070
Mexico,MEX,1985,287181100
Mexico,MEX,1986,293219400
Mexico,MEX,1987,305790180
Mexico,MEX,1988,305418270
Mexico,MEX,1989,323215970
Mexico,MEX,1990,316745800
Mexico,MEX,1991,329831040
Mexico,MEX,1992,332453400
Mexico,MEX,1993,337721920
Mexico,MEX,1994,351533920
Mexico,MEX,1995,330905300
Mexico,MEX,1996,341543740
Mexico,MEX,1997,362465900
Mexico,MEX,1998,381101800
Mexico,MEX,1999,386036350
Mexico,MEX,2000,391435260
Mexico,MEX,2001,407484670
Mexico,MEX,2002,410301060
Mexico,MEX,2003,435968700
Mexico,MEX,2004,438588450
Mexico,MEX,2005,463435520
Mexico,MEX,2006,474522560
Mexico,MEX,2007,473595230
Mexico,MEX,2008,472981280
Mexico,MEX,2009,460290180
Mexico,MEX,2010,456408960
Mexico,MEX,2011,483301600
Mexico,MEX,2012,501492300
Mexico,MEX,2013,495411550
Mexico,MEX,2014,484044500
Mexico,MEX,2015,479433730
Mexico,MEX,2016,478827740
Mexico,MEX,2017,464406620
Mexico,MEX,2018,468420600
Mexico,MEX,2019,468235840
Mexico,MEX,2020,428936830
Mexico,MEX,2021,446837570
Mexico,MEX,2022,453799100
Mexico,MEX,2023,458253860
Mexico,MEX,2024,460987650
Micronesia (country),FSM,1992,135568
Micronesia (country),FSM,1993,142896
Micronesia (country),FSM,1994,153888
Micronesia (country),FSM,1995,175872
Micronesia (country),FSM,1996,183200
Micronesia (country),FSM,1997,194192
Micronesia (country),FSM,1998,205184
Micronesia (country),FSM,1999,190528
Micronesia (country),FSM,2000,179536
Micronesia (country),FSM,2001,164880
Micronesia (country),FSM,2002,150224
Micronesia (country),FSM,2003,161216
Micronesia (country),FSM,2004,142896
Micronesia (country),FSM,2005,113584
Micronesia (country),FSM,2006,113584
Micronesia (country),FSM,2007,128240.01
Micronesia (country),FSM,2008,113584
Micronesia (country),FSM,2009,146560
Micronesia (country),FSM,2010,102592
Micronesia (country),FSM,2011,117248
Micronesia (country),FSM,2012,128240.01
Micronesia (country),FSM,2013,135568
Micronesia (country),FSM,2014,139232
Micronesia (country),FSM,2015,142896
Micronesia (country),FSM,2016,142896
Micronesia (country),FSM,2017,142896
Micronesia (country),FSM,2018,142896
Micronesia (country),FSM,2019,142896
Micronesia (country),FSM,2020,142896
Micronesia (country),FSM,2021,142896
Micronesia (country),FSM,2022,144721
Micronesia (country),FSM,2023,144037
Micronesia (country),FSM,2024,150626
Moldova,MDA,1965,19690952
Moldova,MDA,1966,20811612
Moldova,MDA,1967,21776314
Moldova,MDA,1968,22400960
Moldova,MDA,1969,23336846
Moldova,MDA,1970,24561556
Moldova,MDA,1971,26071974
Moldova,MDA,1972,27441056
Moldova,MDA,1973,28616774
Moldova,MDA,1974,29726302
Moldova,MDA,1975,31261738
Moldova,MDA,1976,32462128
Moldova,MDA,1977,33569308
Moldova,MDA,1978,34719340
Moldova,MDA,1979,34994692
Moldova,MDA,1980,36366290
Moldova,MDA,1981,35704140
Moldova,MDA,1982,36359716
Moldova,MDA,1983,36892380
Moldova,MDA,1984,37226016
Moldova,MDA,1985,40105370
Moldova,MDA,1986,39112270
Moldova,MDA,1987,37497816
Moldova,MDA,1988,39037332
Moldova,MDA,1989,38141160
Moldova,MDA,1990,36505456
Moldova,MDA,1991,29617870
Moldova,MDA,1992,20978112
Moldova,MDA,1993,15845813
Moldova,MDA,1994,12426964
Moldova,MDA,1995,11405406
Moldova,MDA,1996,11687090
Moldova,MDA,1997,7301343
Moldova,MDA,1998,6443838
Moldova,MDA,1999,4684538
Moldova,MDA,2000,3572952
Moldova,MDA,2001,3786589
Moldova,MDA,2002,4051736
Moldova,MDA,2003,4404268
Moldova,MDA,2004,4613424
Moldova,MDA,2005,4937548
Moldova,MDA,2006,5029747
Moldova,MDA,2007,4978554
Moldova,MDA,2008,5190380
Moldova,MDA,2009,4539512
Moldova,MDA,2010,4830905
Moldova,MDA,2011,4944974
Moldova,MDA,2012,4765682
Moldova,MDA,2013,4899358
Moldova,MDA,2014,4755152
Moldova,MDA,2015,4785084
Moldova,MDA,2016,4907333
Moldova,MDA,2017,5090404
Moldova,MDA,2018,5351240
Moldova,MDA,2019,5378353
Moldova,MDA,2020,5113134
Moldova,MDA,2021,5760043
Moldova,MDA,2022,5173479
Moldova,MDA,2023,5329303
Moldova,MDA,2024,5326843
Mongolia,MNG,1965,1956576
Mongolia,MNG,1966,1952912
Mongolia,MNG,1967,2150560
Mongolia,MNG,1968,2480231
Mongolia,MNG,1969,2681751
Mongolia,MNG,1970,2846542
Mongolia,MNG,1971,3032441
Mongolia,MNG,1972,3275977
Mongolia,MNG,1973,3472096
Mongolia,MNG,1974,3740771
Mongolia,MNG,1975,4054571.2
Mongolia,MNG,1976,4390020
Mongolia,MNG,1977,4960706
Mongolia,MNG,1978,5763810
Mongolia,MNG,1979,6277336
Mongolia,MNG,1980,6855166
Mongolia,MNG,1981,6614668
Mongolia,MNG,1982,6712307
Mongolia,MNG,1983,6969065
Mongolia,MNG,1984,6424712
Mongolia,MNG,1985,8997952
Mongolia,MNG,1986,9595142
Mongolia,MNG,1987,10482516
Mongolia,MNG,1988,11492876
Mongolia,MNG,1989,10459013
Mongolia,MNG,1990,9791058
Mongolia,MNG,1991,11959794
Mongolia,MNG,1992,10942613
Mongolia,MNG,1993,9193024
Mongolia,MNG,1994,7864772
Mongolia,MNG,1995,7837062
Mongolia,MNG,1996,7935414
Mongolia,MNG,1997,7615103
Mongolia,MNG,1998,7621516
Mongolia,MNG,1999,7487592
Mongolia,MNG,2000,7431864
Mongolia,MNG,2001,7803958
Mongolia,MNG,2002,8196567.5
Mongolia,MNG,2003,7934596
Mongolia,MNG,2004,8501100
Mongolia,MNG,2005,8515106
Mongolia,MNG,2006,9281176
Mongolia,MNG,2007,11957832
Mongolia,MNG,2008,11917791
Mongolia,MNG,2009,13030046
Mongolia,MNG,2010,13772353
Mongolia,MNG,2011,21367836
Mongolia,MNG,2012,34996204
Mongolia,MNG,2013,43478044
Mongolia,MNG,2014,29629786
Mongolia,MNG,2015,23278636
Mongolia,MNG,2016,25629114
Mongolia,MNG,2017,34138988
Mongolia,MNG,2018,45319308
Mongolia,MNG,2019,47118988
Mongolia,MNG,2020,42477500
Mongolia,MNG,2021,35971700
Mongolia,MNG,2022,40443170
Mongolia,MNG,2023,44183664
Mongolia,MNG,2024,44693890
Montenegro,MNE,1965,835352
Montenegro,MNE,1966,827762
Montenegro,MNE,1967,836105
Montenegro,MNE,1968,894249
Montenegro,MNE,1969,927242
Montenegro,MNE,1970,1211630
Montenegro,MNE,1971,1305904
Montenegro,MNE,1972,1223924
Montenegro,MNE,1973,1462148
Montenegro,MNE,1974,1468546
Montenegro,MNE,1975,1532461
Montenegro,MNE,1976,1581636
Montenegro,MNE,1977,1538232
Montenegro,MNE,1978,1718876
Montenegro,MNE,1979,1869537
Montenegro,MNE,1980,1838301
Montenegro,MNE,1981,2000567
Montenegro,MNE,1982,1837925
Montenegro,MNE,1983,1979115
Montenegro,MNE,1984,2087188
Montenegro,MNE,1985,2129087
Montenegro,MNE,1986,2223486
Montenegro,MNE,1987,2170799
Montenegro,MNE,1988,2239983
Montenegro,MNE,1989,2233146
Montenegro,MNE,1990,2209123
Montenegro,MNE,1991,1562945
Montenegro,MNE,1992,1671268
Montenegro,MNE,1993,1457577
Montenegro,MNE,1994,1416060
Montenegro,MNE,1995,1495702
Montenegro,MNE,1996,1749554
Montenegro,MNE,1997,1881161
Montenegro,MNE,1998,1980069
Montenegro,MNE,1999,1365453
Montenegro,MNE,2000,1515511
Montenegro,MNE,2001,1627038
Montenegro,MNE,2002,1740464
Montenegro,MNE,2003,1863251
Montenegro,MNE,2004,2034068.1
Montenegro,MNE,2005,1934177
Montenegro,MNE,2006,2062832.1
Montenegro,MNE,2007,2055504.1
Montenegro,MNE,2008,2605104
Montenegro,MNE,2009,1681776
Montenegro,MNE,2010,2421904
Montenegro,MNE,2011,2407248
Montenegro,MNE,2012,2213056
Montenegro,MNE,2013,2150768
Montenegro,MNE,2014,2106800
Montenegro,MNE,2015,2238704
Montenegro,MNE,2016,2015199.9
Montenegro,MNE,2017,2103136
Montenegro,MNE,2018,2403584
Montenegro,MNE,2019,2476864
Montenegro,MNE,2020,2403584
Montenegro,MNE,2021,2410912
Montenegro,MNE,2022,2495184
Montenegro,MNE,2023,2406849
Montenegro,MNE,2024,2376258
Montserrat,MSR,1965,3664
Montserrat,MSR,1966,7328
Montserrat,MSR,1967,7328
Montserrat,MSR,1968,7328
Montserrat,MSR,1969,7328
Montserrat,MSR,1970,14656
Montserrat,MSR,1971,14656
Montserrat,MSR,1972,14656
Montserrat,MSR,1973,14656
Montserrat,MSR,1974,14656
Montserrat,MSR,1975,10992
Montserrat,MSR,1976,10992
Montserrat,MSR,1977,25648
Montserrat,MSR,1978,25648
Montserrat,MSR,1979,25648
Montserrat,MSR,1980,14656
Montserrat,MSR,1981,18320
Montserrat,MSR,1982,18320
Montserrat,MSR,1983,21984
Montserrat,MSR,1984,21984
Montserrat,MSR,1985,25648
Montserrat,MSR,1986,29312
Montserrat,MSR,1987,29312
Montserrat,MSR,1988,29312
Montserrat,MSR,1989,29312
Montserrat,MSR,1990,29312
Montserrat,MSR,1991,29312
Montserrat,MSR,1992,29312
Montserrat,MSR,1993,29312
Montserrat,MSR,1994,32976
Montserrat,MSR,1995,32976
Montserrat,MSR,1996,36640
Montserrat,MSR,1997,32976
Montserrat,MSR,1998,29312
Montserrat,MSR,1999,36640
Montserrat,MSR,2000,25648
Montserrat,MSR,2001,25648
Montserrat,MSR,2002,43968
Montserrat,MSR,2003,36640
Montserrat,MSR,2004,47632
Montserrat,MSR,2005,40304
Montserrat,MSR,2006,40304
Montserrat,MSR,2007,40304
Montserrat,MSR,2008,43968
Montserrat,MSR,2009,43968
Montserrat,MSR,2010,58624
Montserrat,MSR,2011,36640
Montserrat,MSR,2012,40304
Montserrat,MSR,2013,51296
Montserrat,MSR,2014,43968
Montserrat,MSR,2015,51296
Montserrat,MSR,2016,29312
Montserrat,MSR,2017,25648
Montserrat,MSR,2018,29312
Montserrat,MSR,2019,25648
Montserrat,MSR,2020,21984
Montserrat,MSR,2021,21984
Montserrat,MSR,2022,25648
Montserrat,MSR,2023,25596
Montserrat,MSR,2024,26579
Morocco,MAR,1965,4254388
Morocco,MAR,1966,5459547
Morocco,MAR,1967,5408251
Morocco,MAR,1968,5620228
Morocco,MAR,1969,5817401
Morocco,MAR,1970,7282020
Morocco,MAR,1971,8186280.5
Morocco,MAR,1972,8027626
Morocco,MAR,1973,9612593
Morocco,MAR,1974,11098529
Morocco,MAR,1975,11065450
Morocco,MAR,1976,11489691
Morocco,MAR,1977,12624541
Morocco,MAR,1978,12991673
Morocco,MAR,1979,15850193
Morocco,MAR,1980,15817737
Morocco,MAR,1981,15718117
Morocco,MAR,1982,16904630
Morocco,MAR,1983,17626518
Morocco,MAR,1984,17645234
Morocco,MAR,1985,17681776
Morocco,MAR,1986,18683950
Morocco,MAR,1987,19904884
Morocco,MAR,1988,20930808
Morocco,MAR,1989,22660664
Morocco,MAR,1990,22297998
Morocco,MAR,1991,23688164
Morocco,MAR,1992,24736784
Morocco,MAR,1993,26782156
Morocco,MAR,1994,28123800
Morocco,MAR,1995,28750270
Morocco,MAR,1996,29524522
Morocco,MAR,1997,29977578
Morocco,MAR,1998,30881156
Morocco,MAR,1999,31989332
Morocco,MAR,2000,33199036
Morocco,MAR,2001,36808930
Morocco,MAR,2002,37309516
Morocco,MAR,2003,36570124
Morocco,MAR,2004,42225556
Morocco,MAR,2005,44660772
Morocco,MAR,2006,46249416
Morocco,MAR,2007,48912716
Morocco,MAR,2008,51372324
Morocco,MAR,2009,50859732
Morocco,MAR,2010,54365200
Morocco,MAR,2011,54867636
Morocco,MAR,2012,56953540
Morocco,MAR,2013,56606420
Morocco,MAR,2014,57174916
Morocco,MAR,2015,58498840
Morocco,MAR,2016,58457476
Morocco,MAR,2017,61103764
Morocco,MAR,2018,62314932
Morocco,MAR,2019,68743490
Morocco,MAR,2020,64541824
Morocco,MAR,2021,70275310
Morocco,MAR,2022,69779460
Morocco,MAR,2023,68961176
Morocco,MAR,2024,69062344
Mozambique,MOZ,1965,2003317.1
Mozambique,MOZ,1966,2124199
Mozambique,MOZ,1967,1871294
Mozambique,MOZ,1968,2776153
Mozambique,MOZ,1969,3237758
Mozambique,MOZ,1970,2980891
Mozambique,MOZ,1971,3611010
Mozambique,MOZ,1972,3295698
Mozambique,MOZ,1973,3558942
Mozambique,MOZ,1974,3145504
Mozambique,MOZ,1975,2882439
Mozambique,MOZ,1976,2555417
Mozambique,MOZ,1977,2706439
Mozambique,MOZ,1978,2865849
Mozambique,MOZ,1979,2634568
Mozambique,MOZ,1980,3198489
Mozambique,MOZ,1981,2479035
Mozambique,MOZ,1982,2523930
Mozambique,MOZ,1983,1954480
Mozambique,MOZ,1984,1510863
Mozambique,MOZ,1985,1134944
Mozambique,MOZ,1986,977139
Mozambique,MOZ,1987,976747
Mozambique,MOZ,1988,1006193.06
Mozambique,MOZ,1989,1034531
Mozambique,MOZ,1990,1025375.94
Mozambique,MOZ,1991,941464
Mozambique,MOZ,1992,1027205.94
Mozambique,MOZ,1993,1140326
Mozambique,MOZ,1994,1098034
Mozambique,MOZ,1995,1130973
Mozambique,MOZ,1996,1091814
Mozambique,MOZ,1997,1170237
Mozambique,MOZ,1998,1111895
Mozambique,MOZ,1999,1168343
Mozambique,MOZ,2000,1321945
Mozambique,MOZ,2001,1553994
Mozambique,MOZ,2002,1537057
Mozambique,MOZ,2003,1855517
Mozambique,MOZ,2004,1863973
Mozambique,MOZ,2005,1769698
Mozambique,MOZ,2006,1915622
Mozambique,MOZ,2007,2188943
Mozambique,MOZ,2008,2179852
Mozambique,MOZ,2009,2439006
Mozambique,MOZ,2010,2637635
Mozambique,MOZ,2011,3106628
Mozambique,MOZ,2012,3051742
Mozambique,MOZ,2013,3578664
Mozambique,MOZ,2014,8118426.5
Mozambique,MOZ,2015,6730549
Mozambique,MOZ,2016,8547749
Mozambique,MOZ,2017,6905362
Mozambique,MOZ,2018,7010116
Mozambique,MOZ,2019,7097435
Mozambique,MOZ,2020,6340353
Mozambique,MOZ,2021,7722039
Mozambique,MOZ,2022,9295686
Mozambique,MOZ,2023,9093456
Mozambique,MOZ,2024,8612630
Myanmar,MMR,1965,2725481
Myanmar,MMR,1966,2806059
Myanmar,MMR,1967,3615833
Myanmar,MMR,1968,2926823
Myanmar,MMR,1969,3212585
Myanmar,MMR,1970,4612293
Myanmar,MMR,1971,5099486
Myanmar,MMR,1972,4894302
Myanmar,MMR,1973,4106571.2
Myanmar,MMR,1974,4670917
Myanmar,MMR,1975,4582922
Myanmar,MMR,1976,4892791
Myanmar,MMR,1977,5165654
Myanmar,MMR,1978,5146074
Myanmar,MMR,1979,5086024
Myanmar,MMR,1980,5508783
Myanmar,MMR,1981,5622979
Myanmar,MMR,1982,5579515
Myanmar,MMR,1983,5753767
Myanmar,MMR,1984,6548548
Myanmar,MMR,1985,6675517
Myanmar,MMR,1986,6756346
Myanmar,MMR,1987,4943397
Myanmar,MMR,1988,4086656
Myanmar,MMR,1989,4425299
Myanmar,MMR,1990,4235719
Myanmar,MMR,1991,4137416
Myanmar,MMR,1992,4841915
Myanmar,MMR,1993,5303029
Myanmar,MMR,1994,6173965
Myanmar,MMR,1995,6892622
Myanmar,MMR,1996,7187982
Myanmar,MMR,1997,7419640
Myanmar,MMR,1998,8046166.5
Myanmar,MMR,1999,8933607
Myanmar,MMR,2000,10219368
Myanmar,MMR,2001,8855704
Myanmar,MMR,2002,9328067
Myanmar,MMR,2003,9997118
Myanmar,MMR,2004,12565488
Myanmar,MMR,2005,11547761
Myanmar,MMR,2006,12817119
Myanmar,MMR,2007,12844723
Myanmar,MMR,2008,9772056
Myanmar,MMR,2009,10210863
Myanmar,MMR,2010,13125187
Myanmar,MMR,2011,15122017
Myanmar,MMR,2012,11825691
Myanmar,MMR,2013,12714823
Myanmar,MMR,2014,15849346
Myanmar,MMR,2015,21879816
Myanmar,MMR,2016,21144082
Myanmar,MMR,2017,23633410
Myanmar,MMR,2018,34016840
Myanmar,MMR,2019,33616924
Myanmar,MMR,2020,34587800
Myanmar,MMR,2021,29284832
Myanmar,MMR,2022,31638664
Myanmar,MMR,2023,31792970
Myanmar,MMR,2024,31603438
Namibia,NAM,1991,1044240
Namibia,NAM,1992,1139504
Namibia,NAM,1993,1374000
Namibia,NAM,1994,1557183
Namibia,NAM,1995,1619488
Namibia,NAM,1996,1718416
Namibia,NAM,1997,1813724
Namibia,NAM,1998,1864976
Namibia,NAM,1999,1740400
Namibia,NAM,2000,1718416
Namibia,NAM,2001,2231376
Namibia,NAM,2002,1971232
Namibia,NAM,2003,2092144
Namibia,NAM,2004,2238704
Namibia,NAM,2005,2531824
Namibia,NAM,2006,2524496
Namibia,NAM,2007,2326640
Namibia,NAM,2008,2857920
Namibia,NAM,2009,2660064
Namibia,NAM,2010,2788304
Namibia,NAM,2011,2785549
Namibia,NAM,2012,3194064
Namibia,NAM,2013,3003744
Namibia,NAM,2014,3099139
Namibia,NAM,2015,3393660
Namibia,NAM,2016,3582204
Namibia,NAM,2017,3589609
Namibia,NAM,2018,3635037
Namibia,NAM,2019,3730077
Namibia,NAM,2020,3440421
Namibia,NAM,2021,3607799
Namibia,NAM,2022,3413848
Namibia,NAM,2023,3442664
Namibia,NAM,2024,3469112
Nauru,NRU,1965,32976
Nauru,NRU,1966,32976
Nauru,NRU,1967,47632
Nauru,NRU,1968,47632
Nauru,NRU,1969,65952
Nauru,NRU,1970,65952
Nauru,NRU,1971,87936
Nauru,NRU,1972,76944
Nauru,NRU,1973,84272
Nauru,NRU,1974,98928
Nauru,NRU,1975,102592
Nauru,NRU,1976,102592
Nauru,NRU,1977,113584
Nauru,NRU,1978,113584
Nauru,NRU,1979,113584
Nauru,NRU,1980,124576
Nauru,NRU,1981,124576
Nauru,NRU,1982,124576
Nauru,NRU,1983,124576
Nauru,NRU,1984,124576
Nauru,NRU,1985,124576
Nauru,NRU,1986,161216
Nauru,NRU,1987,157552
Nauru,NRU,1988,157552
Nauru,NRU,1989,157552
Nauru,NRU,1990,124576
Nauru,NRU,1991,124576
Nauru,NRU,1992,120912
Nauru,NRU,1993,113584
Nauru,NRU,1994,109920
Nauru,NRU,1995,106256
Nauru,NRU,1996,102592
Nauru,NRU,1997,102592
Nauru,NRU,1998,98928
Nauru,NRU,1999,91600
Nauru,NRU,2000,87936
Nauru,NRU,2001,80608
Nauru,NRU,2002,76944
Nauru,NRU,2003,65952
Nauru,NRU,2004,62288
Nauru,NRU,2005,62288
Nauru,NRU,2006,43968
Nauru,NRU,2007,40304
Nauru,NRU,2008,40304
Nauru,NRU,2009,40304
Nauru,NRU,2010,43968
Nauru,NRU,2011,40304
Nauru,NRU,2012,40304
Nauru,NRU,2013,47632
Nauru,NRU,2014,51296
Nauru,NRU,2015,54960
Nauru,NRU,2016,51296
Nauru,NRU,2017,54960
Nauru,NRU,2018,54960
Nauru,NRU,2019,51296
Nauru,NRU,2020,54960
Nauru,NRU,2021,54960
Nauru,NRU,2022,58984
Nauru,NRU,2023,58705
Nauru,NRU,2024,61390
Nepal,NPL,1965,179536
Nepal,NPL,1966,190528
Nepal,NPL,1967,212512
Nepal,NPL,1968,252815.98
Nepal,NPL,1969,399376
Nepal,NPL,1970,227168
Nepal,NPL,1971,197856
Nepal,NPL,1972,267472
Nepal,NPL,1973,421360
Nepal,NPL,1974,424875
Nepal,NPL,1975,351714
Nepal,NPL,1976,281839
Nepal,NPL,1977,336399
Nepal,NPL,1978,328981
Nepal,NPL,1979,512359.97
Nepal,NPL,1980,541295
Nepal,NPL,1981,453186
Nepal,NPL,1982,442361
Nepal,NPL,1983,492418
Nepal,NPL,1984,701424
Nepal,NPL,1985,676018
Nepal,NPL,1986,697014
Nepal,NPL,1987,860680
Nepal,NPL,1988,975970
Nepal,NPL,1989,893564
Nepal,NPL,1990,721436
Nepal,NPL,1991,1026311.06
Nepal,NPL,1992,1232929
Nepal,NPL,1993,1397333
Nepal,NPL,1994,1619432
Nepal,NPL,1995,2308915
Nepal,NPL,1996,2352779
Nepal,NPL,1997,2641111
Nepal,NPL,1998,2223327
Nepal,NPL,1999,3191083
Nepal,NPL,2000,3037431
Nepal,NPL,2001,3236078
Nepal,NPL,2002,2596383
Nepal,NPL,2003,2810383
Nepal,NPL,2004,2582410
Nepal,NPL,2005,2986772
Nepal,NPL,2006,2456469
Nepal,NPL,2007,2570341
Nepal,NPL,2008,3355316
Nepal,NPL,2009,4126129.2
Nepal,NPL,2010,4827968
Nepal,NPL,2011,5216765
Nepal,NPL,2012,5470253
Nepal,NPL,2013,6217840
Nepal,NPL,2014,7587670
Nepal,NPL,2015,6904651
Nepal,NPL,2016,10088048
Nepal,NPL,2017,12421580
Nepal,NPL,2018,14038992
Nepal,NPL,2019,12750490
Nepal,NPL,2020,15630800
Nepal,NPL,2021,15486231
Nepal,NPL,2022,17608968
Nepal,NPL,2023,18347820
Nepal,NPL,2024,18776082
Netherlands,NLD,1965,100414580
Netherlands,NLD,1966,103564780
Netherlands,NLD,1967,106689430
Netherlands,NLD,1968,113452820
Netherlands,NLD,1969,115805730
Netherlands,NLD,1970,141810580
Netherlands,NLD,1971,140669760
Netherlands,NLD,1972,157499020
Netherlands,NLD,1973,165263500
Netherlands,NLD,1974,159988820
Netherlands,NLD,1975,152529100
Netherlands,NLD,1976,169130820
Netherlands,NLD,1977,163609310
Netherlands,NLD,1978,169793040
Netherlands,NLD,1979,187007090
Netherlands,NLD,1980,176635440
Netherlands,NLD,1981,164113470
Netherlands,NLD,1982,133490750
Netherlands,NLD,1983,137361000
Netherlands,NLD,1984,144072860
Netherlands,NLD,1985,146980000
Netherlands,NLD,1986,144014380
Netherlands,NLD,1987,151484030
Netherlands,NLD,1988,145602780
Netherlands,NLD,1989,161664200
Netherlands,NLD,1990,163032750
Netherlands,NLD,1991,171469150
Netherlands,NLD,1992,171277390
Netherlands,NLD,1993,171185020
Netherlands,NLD,1994,171951920
Netherlands,NLD,1995,173482380
Netherlands,NLD,1996,182542600
Netherlands,NLD,1997,175466190
Netherlands,NLD,1998,176396200
Netherlands,NLD,1999,171053000
Netherlands,NLD,2000,172153890
Netherlands,NLD,2001,177464220
Netherlands,NLD,2002,176738240
Netherlands,NLD,2003,180168660
Netherlands,NLD,2004,182090420
Netherlands,NLD,2005,178129760
Netherlands,NLD,2006,173279360
Netherlands,NLD,2007,173028180
Netherlands,NLD,2008,175903660
Netherlands,NLD,2009,170433400
Netherlands,NLD,2010,182478750
Netherlands,NLD,2011,169346110
Netherlands,NLD,2012,165751870
Netherlands,NLD,2013,164925380
Netherlands,NLD,2014,157502820
Netherlands,NLD,2015,163958100
Netherlands,NLD,2016,164811760
Netherlands,NLD,2017,162295740
Netherlands,NLD,2018,158264260
Netherlands,NLD,2019,152727100
Netherlands,NLD,2020,136974140
Netherlands,NLD,2021,139885680
Netherlands,NLD,2022,127503144
Netherlands,NLD,2023,117016380
Netherlands,NLD,2024,114784730
New Caledonia,NCL,1965,1231104
New Caledonia,NCL,1966,1509568
New Caledonia,NCL,1967,1472928
New Caledonia,NCL,1968,1839328
New Caledonia,NCL,1969,1557200
New Caledonia,NCL,1970,2392592
New Caledonia,NCL,1971,2418240
New Caledonia,NCL,1972,1703760
New Caledonia,NCL,1973,2597568
New Caledonia,NCL,1974,2780709
New Caledonia,NCL,1975,2527922
New Caledonia,NCL,1976,2388422
New Caledonia,NCL,1977,2138972
New Caledonia,NCL,1978,1541285
New Caledonia,NCL,1979,1639872
New Caledonia,NCL,1980,1998603
New Caledonia,NCL,1981,1390324
New Caledonia,NCL,1982,1261786
New Caledonia,NCL,1983,1151198
New Caledonia,NCL,1984,1202153
New Caledonia,NCL,1985,1450955
New Caledonia,NCL,1986,1400822
New Caledonia,NCL,1987,1454488
New Caledonia,NCL,1988,1501239
New Caledonia,NCL,1989,1639444
New Caledonia,NCL,1990,1576355
New Caledonia,NCL,1991,1758709
New Caledonia,NCL,1992,1575469
New Caledonia,NCL,1993,1831821
New Caledonia,NCL,1994,1974764
New Caledonia,NCL,1995,2066711.9
New Caledonia,NCL,1996,2183915
New Caledonia,NCL,1997,1817470
New Caledonia,NCL,1998,1810016
New Caledonia,NCL,1999,2055504.1
New Caledonia,NCL,2000,2224040
New Caledonia,NCL,2001,1876642
New Caledonia,NCL,2002,2392238
New Caledonia,NCL,2003,2725557
New Caledonia,NCL,2004,2514913
New Caledonia,NCL,2005,2806102
New Caledonia,NCL,2006,2710306
New Caledonia,NCL,2007,2926788
New Caledonia,NCL,2008,2847959
New Caledonia,NCL,2009,3035808
New Caledonia,NCL,2010,3657625
New Caledonia,NCL,2011,3694428
New Caledonia,NCL,2012,3705562
New Caledonia,NCL,2013,3970129
New Caledonia,NCL,2014,5009068
New Caledonia,NCL,2015,4876909
New Caledonia,NCL,2016,5481737
New Caledonia,NCL,2017,5583765
New Caledonia,NCL,2018,5913008
New Caledonia,NCL,2019,5672867
New Caledonia,NCL,2020,5109173
New Caledonia,NCL,2021,4536780
New Caledonia,NCL,2022,5115597
New Caledonia,NCL,2023,5068005
New Caledonia,NCL,2024,5286637
New Zealand,NZL,1965,13685286
New Zealand,NZL,1966,14000272
New Zealand,NZL,1967,13626782
New Zealand,NZL,1968,13473102
New Zealand,NZL,1969,14257049
New Zealand,NZL,1970,14179986
New Zealand,NZL,1971,15049003
New Zealand,NZL,1972,16189594
New Zealand,NZL,1973,18200338
New Zealand,NZL,1974,18759972
New Zealand,NZL,1975,18270304
New Zealand,NZL,1976,19248512
New Zealand,NZL,1977,20313414
New Zealand,NZL,1978,18024024
New Zealand,NZL,1979,16494432
New Zealand,NZL,1980,17482464
New Zealand,NZL,1981,16560961
New Zealand,NZL,1982,18270238
New Zealand,NZL,1983,17998090
New Zealand,NZL,1984,19336614
New Zealand,NZL,1985,21857954
New Zealand,NZL,1986,22945982
New Zealand,NZL,1987,24165260
New Zealand,NZL,1988,25445732
New Zealand,NZL,1989,25453206
New Zealand,NZL,1990,25490110
New Zealand,NZL,1991,26169858
New Zealand,NZL,1992,28153966
New Zealand,NZL,1993,27745960
New Zealand,NZL,1994,27885176
New Zealand,NZL,1995,27989446
New Zealand,NZL,1996,29287784
New Zealand,NZL,1997,31261426
New Zealand,NZL,1998,29837288
New Zealand,NZL,1999,31442578
New Zealand,NZL,2000,32221126
New Zealand,NZL,2001,34356280
New Zealand,NZL,2002,34519210
New Zealand,NZL,2003,36219564
New Zealand,NZL,2004,35805760
New Zealand,NZL,2005,37401250
New Zealand,NZL,2006,37304428
New Zealand,NZL,2007,36382660
New Zealand,NZL,2008,37485452
New Zealand,NZL,2009,34594220
New Zealand,NZL,2010,34786920
New Zealand,NZL,2011,34241144
New Zealand,NZL,2012,35918250
New Zealand,NZL,2013,35219212
New Zealand,NZL,2014,35399336
New Zealand,NZL,2015,35805096
New Zealand,NZL,2016,34134956
New Zealand,NZL,2017,35661264
New Zealand,NZL,2018,35686796
New Zealand,NZL,2019,36710612
New Zealand,NZL,2020,34108960
New Zealand,NZL,2021,34596516
New Zealand,NZL,2022,31965866
New Zealand,NZL,2023,31559814
New Zealand,NZL,2024,32479432
Nicaragua,NIC,1965,780165
Nicaragua,NIC,1966,959641
Nicaragua,NIC,1967,1080494
Nicaragua,NIC,1968,1230688
Nicaragua,NIC,1969,1285618
Nicaragua,NIC,1970,1402807
Nicaragua,NIC,1971,1505429
Nicaragua,NIC,1972,1604357
Nicaragua,NIC,1973,1827563
Nicaragua,NIC,1974,1948297
Nicaragua,NIC,1975,1926551
Nicaragua,NIC,1976,2222080
Nicaragua,NIC,1977,2832921
Nicaragua,NIC,1978,2627214
Nicaragua,NIC,1979,1709111
Nicaragua,NIC,1980,2022022
Nicaragua,NIC,1981,2134433
Nicaragua,NIC,1982,2110403
Nicaragua,NIC,1983,1996346
Nicaragua,NIC,1984,1845649
Nicaragua,NIC,1985,1984408
Nicaragua,NIC,1986,2255072
Nicaragua,NIC,1987,2430471
Nicaragua,NIC,1988,2239470
Nicaragua,NIC,1989,1467548
Nicaragua,NIC,1990,2042579.9
Nicaragua,NIC,1991,1984461
Nicaragua,NIC,1992,2370025
Nicaragua,NIC,1993,2279613
Nicaragua,NIC,1994,2514102
Nicaragua,NIC,1995,2750504
Nicaragua,NIC,1996,2841622
Nicaragua,NIC,1997,3107987
Nicaragua,NIC,1998,3385655
Nicaragua,NIC,1999,3590062
Nicaragua,NIC,2000,3709726
Nicaragua,NIC,2001,3909472
Nicaragua,NIC,2002,3975589
Nicaragua,NIC,2003,4310426
Nicaragua,NIC,2004,4362256
Nicaragua,NIC,2005,4253188
Nicaragua,NIC,2006,4406583
Nicaragua,NIC,2007,4539816
Nicaragua,NIC,2008,4353261
Nicaragua,NIC,2009,4432131
Nicaragua,NIC,2010,4453063
Nicaragua,NIC,2011,4788554
Nicaragua,NIC,2012,4533836
Nicaragua,NIC,2013,4585682
Nicaragua,NIC,2014,4719788
Nicaragua,NIC,2015,5408233
Nicaragua,NIC,2016,5378534
Nicaragua,NIC,2017,5440822
Nicaragua,NIC,2018,5177981
Nicaragua,NIC,2019,5208109
Nicaragua,NIC,2020,4641018
Nicaragua,NIC,2021,5132574
Nicaragua,NIC,2022,5131236
Nicaragua,NIC,2023,5428299
Nicaragua,NIC,2024,5630346
Niger,NER,1965,91600
Niger,NER,1966,135509
Niger,NER,1967,131815
Niger,NER,1968,161127
Niger,NER,1969,190439
Niger,NER,1970,216057
Niger,NER,1971,230371
Niger,NER,1972,252013
Niger,NER,1973,326897
Niger,NER,1974,288341
Niger,NER,1975,332509
Niger,NER,1976,330710
Niger,NER,1977,363259
Niger,NER,1978,413413
Niger,NER,1979,475987
Niger,NER,1980,566275
Niger,NER,1981,680342
Niger,NER,1982,742202
Niger,NER,1983,957925
Niger,NER,1984,986810
Niger,NER,1985,990022
Niger,NER,1986,894383
Niger,NER,1987,992855
Niger,NER,1988,983004
Niger,NER,1989,1033957.94
Niger,NER,1990,598802
Niger,NER,1991,566288
Niger,NER,1992,520943
Niger,NER,1993,602075
Niger,NER,1994,577108
Niger,NER,1995,558041
Niger,NER,1996,638863
Niger,NER,1997,647858
Niger,NER,1998,696173
Niger,NER,1999,681637
Niger,NER,2000,683499
Niger,NER,2001,646167
Niger,NER,2002,684661
Niger,NER,2003,743704
Niger,NER,2004,795380
Niger,NER,2005,691319
Niger,NER,2006,670964
Niger,NER,2007,705882
Niger,NER,2008,792046
Niger,NER,2009,952182
Niger,NER,2010,1159981
Niger,NER,2011,1313027
Niger,NER,2012,1851814
Niger,NER,2013,2078361
Niger,NER,2014,2256260
Niger,NER,2015,2198770
Niger,NER,2016,2141519
Niger,NER,2017,2242503
Niger,NER,2018,1803409
Niger,NER,2019,2513365
Niger,NER,2020,3040036
Niger,NER,2021,2588205
Niger,NER,2022,3200732
Niger,NER,2023,3133399
Niger,NER,2024,3169958
Nigeria,NGA,1965,11750129
Nigeria,NGA,1966,12893237
Nigeria,NGA,1967,12824484
Nigeria,NGA,1968,6625858
Nigeria,NGA,1969,12099904
Nigeria,NGA,1970,21519958
Nigeria,NGA,1971,32248070
Nigeria,NGA,1972,41375724
Nigeria,NGA,1973,49513264
Nigeria,NGA,1974,62210356
Nigeria,NGA,1975,47316030
Nigeria,NGA,1976,55156908
Nigeria,NGA,1977,50468170
Nigeria,NGA,1978,48184590
Nigeria,NGA,1979,70142770
Nigeria,NGA,1980,67986780
Nigeria,NGA,1981,65750932
Nigeria,NGA,1982,65309068
Nigeria,NGA,1983,59622080
Nigeria,NGA,1984,69337910
Nigeria,NGA,1985,69561390
Nigeria,NGA,1986,73107380
Nigeria,NGA,1987,58942336
Nigeria,NGA,1988,70347070
Nigeria,NGA,1989,42046410
Nigeria,NGA,1990,38785600
Nigeria,NGA,1991,41841452
Nigeria,NGA,1992,46161516
Nigeria,NGA,1993,44704576
Nigeria,NGA,1994,80360184
Nigeria,NGA,1995,84230400
Nigeria,NGA,1996,97767470
Nigeria,NGA,1997,95648950
Nigeria,NGA,1998,86338210
Nigeria,NGA,1999,84837704
Nigeria,NGA,2000,96831040
Nigeria,NGA,2001,100218150
Nigeria,NGA,2002,89906310
Nigeria,NGA,2003,100029690
Nigeria,NGA,2004,94961840
Nigeria,NGA,2005,101666030
Nigeria,NGA,2006,90097150
Nigeria,NGA,2007,82170030
Nigeria,NGA,2008,86488856
Nigeria,NGA,2009,77031380
Nigeria,NGA,2010,112049800
Nigeria,NGA,2011,126115480
Nigeria,NGA,2012,110124550
Nigeria,NGA,2013,117400790
Nigeria,NGA,2014,123971240
Nigeria,NGA,2015,110524590
Nigeria,NGA,2016,116396000
Nigeria,NGA,2017,112540370
Nigeria,NGA,2018,106785730
Nigeria,NGA,2019,127859300
Nigeria,NGA,2020,124899300
Nigeria,NGA,2021,147776620
Nigeria,NGA,2022,131440936
Nigeria,NGA,2023,129376100
Nigeria,NGA,2024,135824000
Niue,NIU,1970,3664
Niue,NIU,1971,3664
Niue,NIU,1972,3664
Niue,NIU,1973,3664
Niue,NIU,1974,3664
Niue,NIU,1975,3664
Niue,NIU,1976,3664
Niue,NIU,1977,3664
Niue,NIU,1978,3664
Niue,NIU,1979,3664
Niue,NIU,1980,3664
Niue,NIU,1981,3664
Niue,NIU,1982,3664
Niue,NIU,1983,3664
Niue,NIU,1984,3664
Niue,NIU,1985,3664
Niue,NIU,1986,3664
Niue,NIU,1987,3664
Niue,NIU,1988,3664
Niue,NIU,1989,3664
Niue,NIU,1990,7328
Niue,NIU,1991,7328
Niue,NIU,1992,7328
Niue,NIU,1993,7328
Niue,NIU,1994,7328
Niue,NIU,1995,3664
Niue,NIU,1996,3664
Niue,NIU,1997,3664
Niue,NIU,1998,7328
Niue,NIU,1999,7328
Niue,NIU,2000,7328
Niue,NIU,2001,7328
Niue,NIU,2002,7328
Niue,NIU,2003,3664
Niue,NIU,2004,3664
Niue,NIU,2005,3664
Niue,NIU,2006,3664
Niue,NIU,2007,3664
Niue,NIU,2008,7328
Niue,NIU,2009,3664
Niue,NIU,2010,3664
Niue,NIU,2011,3664
Niue,NIU,2012,3664
Niue,NIU,2013,7328
Niue,NIU,2014,7328
Niue,NIU,2015,7328
Niue,NIU,2016,7328
Niue,NIU,2017,7328
Niue,NIU,2018,7328
Niue,NIU,2019,7328
Niue,NIU,2020,7328
Niue,NIU,2021,7328
Niue,NIU,2022,7328
Niue,NIU,2023,7293
Niue,NIU,2024,7627
North Korea,PRK,1965,44222124
North Korea,PRK,1966,47599916
North Korea,PRK,1967,52392036
North Korea,PRK,1968,59268980
North Korea,PRK,1969,64079370
North Korea,PRK,1970,73476320
North Korea,PRK,1971,107453010
North Korea,PRK,1972,89504900
North Korea,PRK,1973,97325340
North Korea,PRK,1974,101611500
North Korea,PRK,1975,107623760
North Korea,PRK,1976,110030860
North Korea,PRK,1977,113665180
North Korea,PRK,1978,108209256
North Korea,PRK,1979,110262984
North Korea,PRK,1980,114082190
North Korea,PRK,1981,114398610
North Korea,PRK,1982,116884770
North Korea,PRK,1983,125163144
North Korea,PRK,1984,134657970
North Korea,PRK,1985,144288370
North Korea,PRK,1986,156835300
North Korea,PRK,1987,175625980
North Korea,PRK,1988,199234110
North Korea,PRK,1989,209252460
North Korea,PRK,1990,118382584
North Korea,PRK,1991,112818820
North Korea,PRK,1992,97985270
North Korea,PRK,1993,89585224
North Korea,PRK,1994,81584010
North Korea,PRK,1995,76085464
North Korea,PRK,1996,66291536
North Korea,PRK,1997,63678850
North Korea,PRK,1998,58749300
North Korea,PRK,1999,64143470
North Korea,PRK,2000,69165050
North Korea,PRK,2001,71668020
North Korea,PRK,2002,68641730
North Korea,PRK,2003,70142750
North Korea,PRK,2004,71721960
North Korea,PRK,2005,75010104
North Korea,PRK,2006,76170210
North Korea,PRK,2007,63478052
North Korea,PRK,2008,70325970
North Korea,PRK,2009,67660150
North Korea,PRK,2010,65355172
North Korea,PRK,2011,47866716
North Korea,PRK,2012,46754656
North Korea,PRK,2013,36144310
North Korea,PRK,2014,39824550
North Korea,PRK,2015,31277754
North Korea,PRK,2016,34236420
North Korea,PRK,2017,69707920
North Korea,PRK,2018,62608284
North Korea,PRK,2019,69512190
North Korea,PRK,2020,65576750
North Korea,PRK,2021,53969788
North Korea,PRK,2022,56289484
North Korea,PRK,2023,62024996
North Korea,PRK,2024,62550270
North Macedonia,MKD,1965,4169194.2
North Macedonia,MKD,1966,4126354.2
North Macedonia,MKD,1967,4169895.2
North Macedonia,MKD,1968,4452561
North Macedonia,MKD,1969,4615270
North Macedonia,MKD,1970,6062912
North Macedonia,MKD,1971,6523842
North Macedonia,MKD,1972,6066006
North Macedonia,MKD,1973,7280150
North Macedonia,MKD,1974,7300244
North Macedonia,MKD,1975,7611223
North Macedonia,MKD,1976,7844489
North Macedonia,MKD,1977,7605898
North Macedonia,MKD,1978,8514796
North Macedonia,MKD,1979,9276815
North Macedonia,MKD,1980,9101291
North Macedonia,MKD,1981,9896738
North Macedonia,MKD,1982,9062760
North Macedonia,MKD,1983,9791704
North Macedonia,MKD,1984,10351730
North Macedonia,MKD,1985,10578751
North Macedonia,MKD,1986,11063710
North Macedonia,MKD,1987,10792861
North Macedonia,MKD,1988,11157818
North Macedonia,MKD,1989,11130195
North Macedonia,MKD,1990,11098236
North Macedonia,MKD,1991,7788779
North Macedonia,MKD,1992,8394224
North Macedonia,MKD,1993,7599232
North Macedonia,MKD,1994,7903248
North Macedonia,MKD,1995,7925232
North Macedonia,MKD,1996,9416480
North Macedonia,MKD,1997,8445520
North Macedonia,MKD,1998,9647242
North Macedonia,MKD,1999,8782695
North Macedonia,MKD,2000,8467603
North Macedonia,MKD,2001,8291524
North Macedonia,MKD,2002,7837296
North Macedonia,MKD,2003,8533328
North Macedonia,MKD,2004,8229344.5
North Macedonia,MKD,2005,8595744
North Macedonia,MKD,2006,8650704
North Macedonia,MKD,2007,9013295
North Macedonia,MKD,2008,8936496
North Macedonia,MKD,2009,8247513
North Macedonia,MKD,2010,8181847.5
North Macedonia,MKD,2011,8822912
North Macedonia,MKD,2012,8456512
North Macedonia,MKD,2013,7452442
North Macedonia,MKD,2014,7166784
North Macedonia,MKD,2015,6719776
North Macedonia,MKD,2016,6606192
North Macedonia,MKD,2017,7090023
North Macedonia,MKD,2018,6653824
North Macedonia,MKD,2019,7624613
North Macedonia,MKD,2020,6979920
North Macedonia,MKD,2021,6518256
North Macedonia,MKD,2022,7352171
North Macedonia,MKD,2023,7338385
North Macedonia,MKD,2024,6619636
Norway,NOR,1965,16389921
Norway,NOR,1966,19540070
Norway,NOR,1967,19304238
Norway,NOR,1968,21113690
Norway,NOR,1969,22193766
Norway,NOR,1970,27978744
Norway,NOR,1971,27166050
Norway,NOR,1972,29395056
Norway,NOR,1973,30491832
Norway,NOR,1974,27690220
Norway,NOR,1975,30602088
Norway,NOR,1976,33332158
Norway,NOR,1977,33309498
Norway,NOR,1978,32624504
Norway,NOR,1979,34625172
Norway,NOR,1980,31777006
Norway,NOR,1981,31804670
Norway,NOR,1982,30912102
Norway,NOR,1983,31947258
Norway,NOR,1984,33810250
Norway,NOR,1985,32285598
Norway,NOR,1986,34785340
Norway,NOR,1987,33207004
Norway,NOR,1988,35591656
Norway,NOR,1989,34147852
Norway,NOR,1990,35009000
Norway,NOR,1991,33466000
Norway,NOR,1992,34402000
Norway,NOR,1993,35948000
Norway,NOR,1994,37863000
Norway,NOR,1995,38469000
Norway,NOR,1996,41540000
Norway,NOR,1997,41644000
Norway,NOR,1998,41838000
Norway,NOR,1999,42609000
Norway,NOR,2000,42131000
Norway,NOR,2001,43519000
Norway,NOR,2002,42571000
Norway,NOR,2003,43919000
Norway,NOR,2004,44257000
Norway,NOR,2005,43279000
Norway,NOR,2006,43859000
Norway,NOR,2007,45605000
Norway,NOR,2008,44692000
Norway,NOR,2009,43098000
Norway,NOR,2010,45659000
Norway,NOR,2011,44775000
Norway,NOR,2012,44258000
Norway,NOR,2013,44539000
Norway,NOR,2014,44975000
Norway,NOR,2015,45523000
Norway,NOR,2016,44708000
Norway,NOR,2017,44197000
Norway,NOR,2018,44472000
Norway,NOR,2019,42866000
Norway,NOR,2020,41275000
Norway,NOR,2021,41058000
Norway,NOR,2022,40833000
Norway,NOR,2023,38869000
Norway,NOR,2024,37183000
Oman,OMN,1965,25648
Oman,OMN,1966,29312
Oman,OMN,1967,135568
Oman,OMN,1968,161216
Oman,OMN,1969,234496
Oman,OMN,1970,234496
Oman,OMN,1971,2092144
Oman,OMN,1972,2088480
Oman,OMN,1973,2110464
Oman,OMN,1974,2333968
Oman,OMN,1975,7251056
Oman,OMN,1976,8320944
Oman,OMN,1977,8500480
Oman,OMN,1978,7789664
Oman,OMN,1979,7716384
Oman,OMN,1980,6041936
Oman,OMN,1981,6012624
Oman,OMN,1982,5730496
Oman,OMN,1983,7525856
Oman,OMN,1984,8053471.5
Oman,OMN,1985,8645560
Oman,OMN,1986,9856971
Oman,OMN,1987,9443774
Oman,OMN,1988,10563666
Oman,OMN,1989,10041137
Oman,OMN,1990,11285067
Oman,OMN,1991,11658472
Oman,OMN,1992,11956003
Oman,OMN,1993,13291398
Oman,OMN,1994,17465970
Oman,OMN,1995,18816350
Oman,OMN,1996,18197204
Oman,OMN,1997,18144510
Oman,OMN,1998,18543088
Oman,OMN,1999,22076124
Oman,OMN,2000,23984356
Oman,OMN,2001,22511740
Oman,OMN,2002,26978980
Oman,OMN,2003,34563364
Oman,OMN,2004,29247372
Oman,OMN,2005,31835340
Oman,OMN,2006,40449716
Oman,OMN,2007,45308412
Oman,OMN,2008,47435624
Oman,OMN,2009,44503908
Oman,OMN,2010,51429150
Oman,OMN,2011,57305132
Oman,OMN,2012,63104910
Oman,OMN,2013,65586984
Oman,OMN,2014,66190040
Oman,OMN,2015,67883224
Oman,OMN,2016,66239816
Oman,OMN,2017,66343720
Oman,OMN,2018,70677940
Oman,OMN,2019,72034904
Oman,OMN,2020,71845150
Oman,OMN,2021,75041400
Oman,OMN,2022,77993790
Oman,OMN,2023,79810640
Oman,OMN,2024,82661976
Pakistan,PAK,1965,16829590
Pakistan,PAK,1966,17125746
Pakistan,PAK,1967,18175904
Pakistan,PAK,1968,20841790
Pakistan,PAK,1969,20213412
Pakistan,PAK,1970,20504408
Pakistan,PAK,1971,19440704
Pakistan,PAK,1972,18903050
Pakistan,PAK,1973,20008478
Pakistan,PAK,1974,21387398
Pakistan,PAK,1975,23187848
Pakistan,PAK,1976,22788524
Pakistan,PAK,1977,24319874
Pakistan,PAK,1978,26050556
Pakistan,PAK,1979,28134454
Pakistan,PAK,1980,31931550
Pakistan,PAK,1981,34232830
Pakistan,PAK,1982,37189620
Pakistan,PAK,1983,40022190
Pakistan,PAK,1984,42557330
Pakistan,PAK,1985,46813544
Pakistan,PAK,1986,49058620
Pakistan,PAK,1987,52988736
Pakistan,PAK,1988,57607376
Pakistan,PAK,1989,60316616
Pakistan,PAK,1990,67827370
Pakistan,PAK,1991,67477100
Pakistan,PAK,1992,72014920
Pakistan,PAK,1993,77175720
Pakistan,PAK,1994,84018296
Pakistan,PAK,1995,83614360
Pakistan,PAK,1996,93542460
Pakistan,PAK,1997,93788160
Pakistan,PAK,1998,96740740
Pakistan,PAK,1999,99389330
Pakistan,PAK,2000,103939720
Pakistan,PAK,2001,105400680
Pakistan,PAK,2002,110566250
Pakistan,PAK,2003,113141820
Pakistan,PAK,2004,124636830
Pakistan,PAK,2005,129947430
Pakistan,PAK,2006,137911580
Pakistan,PAK,2007,148349010
Pakistan,PAK,2008,147901400
Pakistan,PAK,2009,148354980
Pakistan,PAK,2010,147503980
Pakistan,PAK,2011,149488300
Pakistan,PAK,2012,150555070
Pakistan,PAK,2013,148183040
Pakistan,PAK,2014,150809500
Pakistan,PAK,2015,144895550
Pakistan,PAK,2016,176740980
Pakistan,PAK,2017,211980740
Pakistan,PAK,2018,203499680
Pakistan,PAK,2019,190825870
Pakistan,PAK,2020,215509550
Pakistan,PAK,2021,243552350
Pakistan,PAK,2022,211969710
Pakistan,PAK,2023,186860880
Pakistan,PAK,2024,179800380
Palau,PLW,1965,65952
Palau,PLW,1966,65952
Palau,PLW,1967,73280
Palau,PLW,1968,76944
Palau,PLW,1969,131904
Palau,PLW,1970,135568
Palau,PLW,1971,164880
Palau,PLW,1972,172208
Palau,PLW,1973,175872
Palau,PLW,1974,194192
Palau,PLW,1975,194192
Palau,PLW,1976,113584
Palau,PLW,1977,183200
Palau,PLW,1978,109920
Palau,PLW,1979,124576
Palau,PLW,1980,157552
Palau,PLW,1981,157552
Palau,PLW,1982,157552
Palau,PLW,1983,157552
Palau,PLW,1984,157552
Palau,PLW,1985,161216
Palau,PLW,1986,161216
Palau,PLW,1987,161216
Palau,PLW,1988,183200
Palau,PLW,1989,227168
Palau,PLW,1990,234496
Palau,PLW,1991,234496
Palau,PLW,1992,194192
Palau,PLW,1993,194192
Palau,PLW,1994,197856
Palau,PLW,1995,194192
Palau,PLW,1996,197856
Palau,PLW,1997,197856
Palau,PLW,1998,201520
Palau,PLW,1999,201520
Palau,PLW,2000,208848
Palau,PLW,2001,212512
Palau,PLW,2002,212512
Palau,PLW,2003,212512
Palau,PLW,2004,212512
Palau,PLW,2005,223504
Palau,PLW,2006,227168
Palau,PLW,2007,252815.98
Palau,PLW,2008,205184
Palau,PLW,2009,194192
Palau,PLW,2010,208848
Palau,PLW,2011,212512
Palau,PLW,2012,223504
Palau,PLW,2013,227168
Palau,PLW,2014,219840
Palau,PLW,2015,201520
Palau,PLW,2016,208848
Palau,PLW,2017,216176
Palau,PLW,2018,212512
Palau,PLW,2019,216176
Palau,PLW,2020,208848
Palau,PLW,2021,212512
Palau,PLW,2022,217235
Palau,PLW,2023,216209
Palau,PLW,2024,226099
Palestine,PSE,1990,861040
Palestine,PSE,1991,883024
Palestine,PSE,1992,912336
Palestine,PSE,1993,934320
Palestine,PSE,1994,963632
Palestine,PSE,1995,945312
Palestine,PSE,1996,1036911.94
Palestine,PSE,1997,864704
Palestine,PSE,1998,1458272
Palestine,PSE,1999,1366672
Palestine,PSE,2000,1659792
Palestine,PSE,2001,1344688
Palestine,PSE,2002,1154160
Palestine,PSE,2003,1275072
Palestine,PSE,2004,2191072
Palestine,PSE,2005,2737008
Palestine,PSE,2006,2268016
Palestine,PSE,2007,2326640
Palestine,PSE,2008,2051840.1
Palestine,PSE,2009,2088480
Palestine,PSE,2010,2033520
Palestine,PSE,2011,2246032
Palestine,PSE,2012,2194736
Palestine,PSE,2013,2436560
Palestine,PSE,2014,2835936
Palestine,PSE,2015,3000816
Palestine,PSE,2016,3235312
Palestine,PSE,2017,3264624
Palestine,PSE,2018,2956848
Palestine,PSE,2019,3264624
Palestine,PSE,2020,3326912
Palestine,PSE,2021,3634688
Palestine,PSE,2022,4702034
Palestine,PSE,2023,4755358
Palestine,PSE,2024,4780046
Panama,PAN,1965,2124291
Panama,PAN,1966,2106239
Panama,PAN,1967,2150025
Panama,PAN,1968,2600704
Panama,PAN,1969,2384416
Panama,PAN,1970,2677403
Panama,PAN,1971,3078753
Panama,PAN,1972,3502346
Panama,PAN,1973,3959178
Panama,PAN,1974,3840496
Panama,PAN,1975,4765354
Panama,PAN,1976,4617252
Panama,PAN,1977,4579384
Panama,PAN,1978,3913282
Panama,PAN,1979,4190019.2
Panama,PAN,1980,3088200
Panama,PAN,1981,3304108
Panama,PAN,1982,3265476
Panama,PAN,1983,3467277
Panama,PAN,1984,2855398
Panama,PAN,1985,2714502
Panama,PAN,1986,2720436
Panama,PAN,1987,3164139
Panama,PAN,1988,2904736
Panama,PAN,1989,2502445
Panama,PAN,1990,2617690
Panama,PAN,1991,3088691
Panama,PAN,1992,4097877
Panama,PAN,1993,3749194
Panama,PAN,1994,4135693
Panama,PAN,1995,3608348
Panama,PAN,1996,4396612
Panama,PAN,1997,4572321
Panama,PAN,1998,5835110
Panama,PAN,1999,5551975
Panama,PAN,2000,5635844
Panama,PAN,2001,6909412
Panama,PAN,2002,5710004
Panama,PAN,2003,5928724
Panama,PAN,2004,5504644
Panama,PAN,2005,6741980
Panama,PAN,2006,7281958
Panama,PAN,2007,7133544
Panama,PAN,2008,6809098
Panama,PAN,2009,8051362
Panama,PAN,2010,9059720
Panama,PAN,2011,9899392
Panama,PAN,2012,9540322
Panama,PAN,2013,10273632
Panama,PAN,2014,10688621
Panama,PAN,2015,10652060
Panama,PAN,2016,10333790
Panama,PAN,2017,9567928
Panama,PAN,2018,9121047
Panama,PAN,2019,12448774
Panama,PAN,2020,6557340
Panama,PAN,2021,10144616
Panama,PAN,2022,11707350
Panama,PAN,2023,13002121
Panama,PAN,2024,12664428
Papua New Guinea,PNG,1965,304112
Papua New Guinea,PNG,1966,340752
Papua New Guinea,PNG,1967,436016
Papua New Guinea,PNG,1968,501968.03
Papua New Guinea,PNG,1969,556928
Papua New Guinea,PNG,1970,692496
Papua New Guinea,PNG,1971,824400
Papua New Guinea,PNG,1972,1267744
Papua New Guinea,PNG,1973,1344688
Papua New Guinea,PNG,1974,1586512
Papua New Guinea,PNG,1975,1531552
Papua New Guinea,PNG,1976,1571856
Papua New Guinea,PNG,1977,1579184
Papua New Guinea,PNG,1978,1674448
Papua New Guinea,PNG,1979,1795360
Papua New Guinea,PNG,1980,1828336
Papua New Guinea,PNG,1981,1930928
Papua New Guinea,PNG,1982,1945584
Papua New Guinea,PNG,1983,2007872.1
Papua New Guinea,PNG,1984,2044512
Papua New Guinea,PNG,1985,2125120
Papua New Guinea,PNG,1986,2062832.1
Papua New Guinea,PNG,1987,2333968
Papua New Guinea,PNG,1988,2198400
Papua New Guinea,PNG,1989,2033520
Papua New Guinea,PNG,1990,2154432
Papua New Guinea,PNG,1991,2172752
Papua New Guinea,PNG,1992,2191072
Papua New Guinea,PNG,1993,2194736
Papua New Guinea,PNG,1994,2185931
Papua New Guinea,PNG,1995,2051840.1
Papua New Guinea,PNG,1996,2197386
Papua New Guinea,PNG,1997,2611134
Papua New Guinea,PNG,1998,3536205
Papua New Guinea,PNG,1999,2548491
Papua New Guinea,PNG,2000,2937897
Papua New Guinea,PNG,2001,3335971
Papua New Guinea,PNG,2002,3666106
Papua New Guinea,PNG,2003,4053443
Papua New Guinea,PNG,2004,4687092
Papua New Guinea,PNG,2005,4983829
Papua New Guinea,PNG,2006,5050944
Papua New Guinea,PNG,2007,6581091
Papua New Guinea,PNG,2008,5544582
Papua New Guinea,PNG,2009,5264624
Papua New Guinea,PNG,2010,4714717
Papua New Guinea,PNG,2011,5298421
Papua New Guinea,PNG,2012,4372445
Papua New Guinea,PNG,2013,4531958
Papua New Guinea,PNG,2014,6124890
Papua New Guinea,PNG,2015,6316259
Papua New Guinea,PNG,2016,7024071
Papua New Guinea,PNG,2017,6550140
Papua New Guinea,PNG,2018,7595904
Papua New Guinea,PNG,2019,7582732
Papua New Guinea,PNG,2020,7910788
Papua New Guinea,PNG,2021,7873085
Papua New Guinea,PNG,2022,8436025
Papua New Guinea,PNG,2023,8357750
Papua New Guinea,PNG,2024,8345442
Paraguay,PRY,1965,549481
Paraguay,PRY,1966,512841
Paraguay,PRY,1967,487253
Paraguay,PRY,1968,589815
Paraguay,PRY,1969,520138.97
Paraguay,PRY,1970,743435
Paraguay,PRY,1971,633413
Paraguay,PRY,1972,713629
Paraguay,PRY,1973,867239
Paraguay,PRY,1974,950672
Paraguay,PRY,1975,835858
Paraguay,PRY,1976,1029132
Paraguay,PRY,1977,1151783
Paraguay,PRY,1978,1452489
Paraguay,PRY,1979,1324169
Paraguay,PRY,1980,1483883
Paraguay,PRY,1981,1381629
Paraguay,PRY,1982,1361237
Paraguay,PRY,1983,1406113
Paraguay,PRY,1984,1488646
Paraguay,PRY,1985,1547199
Paraguay,PRY,1986,1652100
Paraguay,PRY,1987,1872591
Paraguay,PRY,1988,2138501
Paraguay,PRY,1989,2217889
Paraguay,PRY,1990,2129776
Paraguay,PRY,1991,2097850
Paraguay,PRY,1992,2570868
Paraguay,PRY,1993,2905452
Paraguay,PRY,1994,3393407
Paraguay,PRY,1995,3925149
Paraguay,PRY,1996,3706345
Paraguay,PRY,1997,4091602.8
Paraguay,PRY,1998,4373731
Paraguay,PRY,1999,4362408
Paraguay,PRY,2000,3592481
Paraguay,PRY,2001,3687271
Paraguay,PRY,2002,3853273
Paraguay,PRY,2003,4025905.2
Paraguay,PRY,2004,4057538
Paraguay,PRY,2005,3772472
Paraguay,PRY,2006,3900522
Paraguay,PRY,2007,4041216.8
Paraguay,PRY,2008,4269575
Paraguay,PRY,2009,4524971
Paraguay,PRY,2010,5010840
Paraguay,PRY,2011,5191523
Paraguay,PRY,2012,5159120
Paraguay,PRY,2013,5169061
Paraguay,PRY,2014,5451217
Paraguay,PRY,2015,6045473
Paraguay,PRY,2016,7186516
Paraguay,PRY,2017,7939465
Paraguay,PRY,2018,8503592
Paraguay,PRY,2019,8268412.5
Paraguay,PRY,2020,7443761
Paraguay,PRY,2021,8186967
Paraguay,PRY,2022,7533381
Paraguay,PRY,2023,7645687
Paraguay,PRY,2024,7936718
Peru,PER,1965,11951530
Peru,PER,1966,13241052
Peru,PER,1967,13640338
Peru,PER,1968,14486633
Peru,PER,1969,15285267
Peru,PER,1970,17765824
Peru,PER,1971,18590718
Peru,PER,1972,18147972
Peru,PER,1973,19722846
Peru,PER,1974,21325154
Peru,PER,1975,21927228
Peru,PER,1976,22400364
Peru,PER,1977,23295968
Peru,PER,1978,22412698
Peru,PER,1979,22217276
Peru,PER,1980,24064700
Peru,PER,1981,24026774
Peru,PER,1982,23600102
Peru,PER,1983,20392858
Peru,PER,1984,20632454
Peru,PER,1985,19454626
Peru,PER,1986,21775106
Peru,PER,1987,25693674
Peru,PER,1988,25018144
Peru,PER,1989,21762108
Peru,PER,1990,21400794
Peru,PER,1991,20757894
Peru,PER,1992,20985784
Peru,PER,1993,23884756
Peru,PER,1994,24176558
Peru,PER,1995,25143060
Peru,PER,1996,24717086
Peru,PER,1997,27747166
Peru,PER,1998,28065826
Peru,PER,1999,29562408
Peru,PER,2000,28677526
Peru,PER,2001,25260150
Peru,PER,2002,25591744
Peru,PER,2003,24914172
Peru,PER,2004,28503630
Peru,PER,2005,30321106
Peru,PER,2006,28299266
Peru,PER,2007,34566920
Peru,PER,2008,35572416
Peru,PER,2009,39423844
Peru,PER,2010,42505100
Peru,PER,2011,42326790
Peru,PER,2012,45508680
Peru,PER,2013,42717744
Peru,PER,2014,49388020
Peru,PER,2015,49204056
Peru,PER,2016,52697668
Peru,PER,2017,54726350
Peru,PER,2018,56013570
Peru,PER,2019,58668280
Peru,PER,2020,47236736
Peru,PER,2021,59961856
Peru,PER,2022,64784804
Peru,PER,2023,66064750
Peru,PER,2024,70246650
Philippines,PHL,1965,13964649
Philippines,PHL,1966,16104099
Philippines,PHL,1967,18208880
Philippines,PHL,1968,22222780
Philippines,PHL,1969,22829460
Philippines,PHL,1970,24751418
Philippines,PHL,1971,27551672
Philippines,PHL,1972,26409366
Philippines,PHL,1973,31501326
Philippines,PHL,1974,30492320
Philippines,PHL,1975,32482444
Philippines,PHL,1976,35059840
Philippines,PHL,1977,36664212
Philippines,PHL,1978,37361770
Philippines,PHL,1979,38008588
Philippines,PHL,1980,36836760
Philippines,PHL,1981,34493372
Philippines,PHL,1982,34795250
Philippines,PHL,1983,35189280
Philippines,PHL,1984,30784570
Philippines,PHL,1985,27855376
Philippines,PHL,1986,28969364
Philippines,PHL,1987,32439126
Philippines,PHL,1988,37409076
Philippines,PHL,1989,38834464
Philippines,PHL,1990,40774044
Philippines,PHL,1991,42874456
Philippines,PHL,1992,47771740
Philippines,PHL,1993,48341996
Philippines,PHL,1994,53478676
Philippines,PHL,1995,59219920
Philippines,PHL,1996,60436716
Philippines,PHL,1997,69147080
Philippines,PHL,1998,67378680
Philippines,PHL,1999,67295010
Philippines,PHL,2000,71466690
Philippines,PHL,2001,69798890
Philippines,PHL,2002,69491704
Philippines,PHL,2003,69500720
Philippines,PHL,2004,71998710
Philippines,PHL,2005,72333944
Philippines,PHL,2006,65645516
Philippines,PHL,2007,70009960
Philippines,PHL,2008,76605016
Philippines,PHL,2009,75580700
Philippines,PHL,2010,82245890
Philippines,PHL,2011,82980290
Philippines,PHL,2012,87476270
Philippines,PHL,2013,94825430
Philippines,PHL,2014,100073816
Philippines,PHL,2015,111046296
Philippines,PHL,2016,120215624
Philippines,PHL,2017,133575610
Philippines,PHL,2018,139856770
Philippines,PHL,2019,142601220
Philippines,PHL,2020,131457416
Philippines,PHL,2021,140269500
Philippines,PHL,2022,150963020
Philippines,PHL,2023,160980460
Philippines,PHL,2024,174878000
Poland,POL,1965,246977200
Poland,POL,1966,252423660
Poland,POL,1967,259014370
Poland,POL,1968,275793760
Poland,POL,1969,293372540
Poland,POL,1970,304169120
Poland,POL,1971,312888160
Poland,POL,1972,329510140
Poland,POL,1973,335597200
Poland,POL,1974,346240320
Poland,POL,1975,374783740
Poland,POL,1976,398126080
Poland,POL,1977,417962270
Poland,POL,1978,430877380
Poland,POL,1979,441312400
Poland,POL,1980,463332830
Poland,POL,1981,409004300
Poland,POL,1982,420977760
Poland,POL,1983,421027420
Poland,POL,1984,432474620
Poland,POL,1985,444511580
Poland,POL,1986,451856000
Poland,POL,1987,463736300
Poland,POL,1988,444240900
Poland,POL,1989,422243800
Poland,POL,1990,376341540
Poland,POL,1991,373366000
Poland,POL,1992,364282660
Poland,POL,1993,364957820
Poland,POL,1994,359990980
Poland,POL,1995,362482900
Poland,POL,1996,377118620
Poland,POL,1997,367199100
Poland,POL,1998,338980030
Poland,POL,1999,329204300
Poland,POL,2000,317306200
Poland,POL,2001,313267100
Poland,POL,2002,305852400
Poland,POL,2003,318732700
Poland,POL,2004,323620770
Poland,POL,2005,322576860
Poland,POL,2006,336387230
Poland,POL,2007,335734660
Poland,POL,2008,329428450
Poland,POL,2009,315886300
Poland,POL,2010,334027520
Poland,POL,2011,333406080
Poland,POL,2012,325777700
Poland,POL,2013,321757150
Poland,POL,2014,309415360
Poland,POL,2015,312548860
Poland,POL,2016,323300480
Poland,POL,2017,336505100
Poland,POL,2018,335718620
Poland,POL,2019,317444060
Poland,POL,2020,302102430
Poland,POL,2021,330693730
Poland,POL,2022,314891970
Poland,POL,2023,283243460
Poland,POL,2024,272861820
Portugal,PRT,1965,11582457
Portugal,PRT,1966,11835094
Portugal,PRT,1967,12391606
Portugal,PRT,1968,12992354
Portugal,PRT,1969,14592807
Portugal,PRT,1970,15236482
Portugal,PRT,1971,16375965
Portugal,PRT,1972,18307310
Portugal,PRT,1973,19945068
Portugal,PRT,1974,20644926
Portugal,PRT,1975,21275220
Portugal,PRT,1976,22325776
Portugal,PRT,1977,22604974
Portugal,PRT,1978,22584778
Portugal,PRT,1979,24855616
Portugal,PRT,1980,26773498
Portugal,PRT,1981,27000480
Portugal,PRT,1982,28999878
Portugal,PRT,1983,29901626
Portugal,PRT,1984,28793810
Portugal,PRT,1985,27132976
Portugal,PRT,1986,30221142
Portugal,PRT,1987,31198344
Portugal,PRT,1988,32567554
Portugal,PRT,1989,40822224
Portugal,PRT,1990,45310736
Portugal,PRT,1991,46879396
Portugal,PRT,1992,50956710
Portugal,PRT,1993,49468972
Portugal,PRT,1994,50242740
Portugal,PRT,1995,54502868
Portugal,PRT,1996,51799536
Portugal,PRT,1997,54669410
Portugal,PRT,1998,59210880
Portugal,PRT,1999,66878196
Portugal,PRT,2000,65503640
Portugal,PRT,2001,65187332
Portugal,PRT,2002,69582590
Portugal,PRT,2003,64482050
Portugal,PRT,2004,67302350
Portugal,PRT,2005,69639784
Portugal,PRT,2006,64856124
Portugal,PRT,2007,62380100
Portugal,PRT,2008,60009650
Portugal,PRT,2009,57147000
Portugal,PRT,2010,52889936
Portugal,PRT,2011,51783668
Portugal,PRT,2012,49931980
Portugal,PRT,2013,48146200
Portugal,PRT,2014,47942332
Portugal,PRT,2015,52233050
Portugal,PRT,2016,50310916
Portugal,PRT,2017,55165156
Portugal,PRT,2018,51340276
Portugal,PRT,2019,47583050
Portugal,PRT,2020,41738144
Portugal,PRT,2021,40299850
Portugal,PRT,2022,40722496
Portugal,PRT,2023,37622040
Portugal,PRT,2024,35538852
Qatar,QAT,1965,6287424
Qatar,QAT,1966,6272768
Qatar,QAT,1967,6683136
Qatar,QAT,1968,7075184
Qatar,QAT,1969,7166576
Qatar,QAT,1970,7561456
Qatar,QAT,1971,9144304
Qatar,QAT,1972,10775408
Qatar,QAT,1973,12457184
Qatar,QAT,1974,10478535
Qatar,QAT,1975,10947378
Qatar,QAT,1976,10375602
Qatar,QAT,1977,9917441
Qatar,QAT,1978,10521584
Qatar,QAT,1979,14346372
Qatar,QAT,1980,13085990
Qatar,QAT,1981,12847130
Qatar,QAT,1982,12341568
Qatar,QAT,1983,11255085
Qatar,QAT,1984,12315985
Qatar,QAT,1985,12391008
Qatar,QAT,1986,13281165
Qatar,QAT,1987,11485625
Qatar,QAT,1988,11914023
Qatar,QAT,1989,14309990
Qatar,QAT,1990,11427918
Qatar,QAT,1991,17414184
Qatar,QAT,1992,26815866
Qatar,QAT,1993,30720746
Qatar,QAT,1994,32375302
Qatar,QAT,1995,33170074
Qatar,QAT,1996,34472460
Qatar,QAT,1997,42232244
Qatar,QAT,1998,36960010
Qatar,QAT,1999,36324616
Qatar,QAT,2000,40406484
Qatar,QAT,2001,45914396
Qatar,QAT,2002,45174640
Qatar,QAT,2003,46630932
Qatar,QAT,2004,47439570
Qatar,QAT,2005,47681828
Qatar,QAT,2006,59752804
Qatar,QAT,2007,59529844
Qatar,QAT,2008,61870850
Qatar,QAT,2009,65305370
Qatar,QAT,2010,73651180
Qatar,QAT,2011,81809440
Qatar,QAT,2012,93738040
Qatar,QAT,2013,91433490
Qatar,QAT,2014,91641640
Qatar,QAT,2015,93310370
Qatar,QAT,2016,91378344
Qatar,QAT,2017,105656584
Qatar,QAT,2018,102621410
Qatar,QAT,2019,101429576
Qatar,QAT,2020,101329230
Qatar,QAT,2021,104385690
Qatar,QAT,2022,109594410
Qatar,QAT,2023,119544360
Qatar,QAT,2024,125812260
Romania,ROU,1965,78636910
Romania,ROU,1966,84090540
Romania,ROU,1967,92028880
Romania,ROU,1968,100075864
Romania,ROU,1969,111523896
Romania,ROU,1970,119981360
Romania,ROU,1971,125660030
Romania,ROU,1972,132207890
Romania,ROU,1973,144690800
Romania,ROU,1974,150611440
Romania,ROU,1975,161861600
Romania,ROU,1976,174278100
Romania,ROU,1977,177832510
Romania,ROU,1978,193243920
Romania,ROU,1979,195323570
Romania,ROU,1980,195806610
Romania,ROU,1981,197322540
Romania,ROU,1982,194876910
Romania,ROU,1983,199663380
Romania,ROU,1984,188323360
Romania,ROU,1985,193449170
Romania,ROU,1986,201073260
Romania,ROU,1987,211024290
Romania,ROU,1988,211567800
Romania,ROU,1989,212969520
Romania,ROU,1990,176535100
Romania,ROU,1991,142258080
Romania,ROU,1992,132002824
Romania,ROU,1993,122709180
Romania,ROU,1994,120868470
Romania,ROU,1995,125675384
Romania,ROU,1996,129117050
Romania,ROU,1997,118114570
Romania,ROU,1998,104783420
Romania,ROU,1999,88898600
Romania,ROU,2000,93206264
Romania,ROU,2001,98928060
Romania,ROU,2002,99068890
Romania,ROU,2003,103707360
Romania,ROU,2004,103232620
Romania,ROU,2005,101336590
Romania,ROU,2006,104290000
Romania,ROU,2007,108496600
Romania,ROU,2008,106997310
Romania,ROU,2009,87805750
Romania,ROU,2010,84487900
Romania,ROU,2011,92390700
Romania,ROU,2012,89847710
Romania,ROU,2013,78795464
Romania,ROU,2014,79335350
Romania,ROU,2015,78045990
Romania,ROU,2016,76586910
Romania,ROU,2017,79432344
Romania,ROU,2018,79874424
Romania,ROU,2019,76690350
Romania,ROU,2020,73946380
Romania,ROU,2021,77501260
Romania,ROU,2022,73186024
Romania,ROU,2023,67866024
Romania,ROU,2024,68551400
Russia,RUS,1965,1159118800
Russia,RUS,1966,1224087400
Russia,RUS,1967,1279968800
Russia,RUS,1968,1315942400
Russia,RUS,1969,1370467700
Russia,RUS,1970,1441378600
Russia,RUS,1971,1529596300
Russia,RUS,1972,1609329400
Russia,RUS,1973,1677295900
Russia,RUS,1974,1741161700
Russia,RUS,1975,1830213400
Russia,RUS,1976,1900700900
Russia,RUS,1977,1965350500
Russia,RUS,1978,2032849200
Russia,RUS,1979,2049708800
Russia,RUS,1980,2130355200
Russia,RUS,1981,2089791000
Russia,RUS,1982,2129189500
Russia,RUS,1983,2159389000
Russia,RUS,1984,2178563300
Russia,RUS,1985,2349517300
Russia,RUS,1986,2349904400
Russia,RUS,1987,2358795300
Russia,RUS,1988,2437800700
Russia,RUS,1989,2405696800
Russia,RUS,1990,2536283600
Russia,RUS,1991,2407641600
Russia,RUS,1992,1963458400
Russia,RUS,1993,1866524800
Russia,RUS,1994,1646876200
Russia,RUS,1995,1618286200
Russia,RUS,1996,1586632700
Russia,RUS,1997,1481963500
Russia,RUS,1998,1465858700
Russia,RUS,1999,1494087800
Russia,RUS,2000,1480576400
Russia,RUS,2001,1518081400
Russia,RUS,2002,1508329900
Russia,RUS,2003,1539006300
Russia,RUS,2004,1545353200
Russia,RUS,2005,1563980400
Russia,RUS,2006,1623428500
Russia,RUS,2007,1624315400
Russia,RUS,2008,1652731400
Russia,RUS,2009,1545236500
Russia,RUS,2010,1633147500
Russia,RUS,2011,1684989000
Russia,RUS,2012,1700104100
Russia,RUS,2013,1637547000
Russia,RUS,2014,1637311200
Russia,RUS,2015,1635243500
Russia,RUS,2016,1629328400
Russia,RUS,2017,1661012200
Russia,RUS,2018,1709909600
Russia,RUS,2019,1704458600
Russia,RUS,2020,1631901600
Russia,RUS,2021,1674524300
Russia,RUS,2022,1675460900
Russia,RUS,2023,1733134600
Russia,RUS,2024,1780524400
Rwanda,RWA,1965,47632
Rwanda,RWA,1966,43968
Rwanda,RWA,1967,40304
Rwanda,RWA,1968,54960
Rwanda,RWA,1969,58624
Rwanda,RWA,1970,58624
Rwanda,RWA,1971,62288
Rwanda,RWA,1972,65952
Rwanda,RWA,1973,69616
Rwanda,RWA,1974,73280
Rwanda,RWA,1975,175872
Rwanda,RWA,1976,267472
Rwanda,RWA,1977,267472
Rwanda,RWA,1978,289456
Rwanda,RWA,1979,296784
Rwanda,RWA,1980,494640
Rwanda,RWA,1981,600896
Rwanda,RWA,1982,608224
Rwanda,RWA,1983,696160
Rwanda,RWA,1984,633872
Rwanda,RWA,1985,615552
Rwanda,RWA,1986,597232
Rwanda,RWA,1987,611419
Rwanda,RWA,1988,692307
Rwanda,RWA,1989,684247
Rwanda,RWA,1990,523863.97
Rwanda,RWA,1991,472136
Rwanda,RWA,1992,479486
Rwanda,RWA,1993,482945
Rwanda,RWA,1994,462123
Rwanda,RWA,1995,451097
Rwanda,RWA,1996,464039
Rwanda,RWA,1997,482528
Rwanda,RWA,1998,481522
Rwanda,RWA,1999,502407
Rwanda,RWA,2000,515133.03
Rwanda,RWA,2001,518995
Rwanda,RWA,2002,511542.97
Rwanda,RWA,2003,505436
Rwanda,RWA,2004,515760
Rwanda,RWA,2005,513908.03
Rwanda,RWA,2006,514105.97
Rwanda,RWA,2007,542177
Rwanda,RWA,2008,531483
Rwanda,RWA,2009,554835
Rwanda,RWA,2010,580977
Rwanda,RWA,2011,643356
Rwanda,RWA,2012,718466
Rwanda,RWA,2013,778846
Rwanda,RWA,2014,829804
Rwanda,RWA,2015,966782
Rwanda,RWA,2016,1051997
Rwanda,RWA,2017,1169724
Rwanda,RWA,2018,1313075
Rwanda,RWA,2019,1413492
Rwanda,RWA,2020,1394311
Rwanda,RWA,2021,1699049
Rwanda,RWA,2022,1957226
Rwanda,RWA,2023,2016015
Rwanda,RWA,2024,2033550
Saint Helena,SHN,1968,3664
Saint Helena,SHN,1981,7328
Saint Helena,SHN,1982,3664
Saint Helena,SHN,1983,3664
Saint Helena,SHN,1984,3664
Saint Helena,SHN,1985,3664
Saint Helena,SHN,1986,3664
Saint Helena,SHN,1987,3664
Saint Helena,SHN,1988,7328
Saint Helena,SHN,1989,7328
Saint Helena,SHN,1990,7328
Saint Helena,SHN,1991,7328
Saint Helena,SHN,1992,7328
Saint Helena,SHN,1993,10992
Saint Helena,SHN,1994,10992
Saint Helena,SHN,1995,10992
Saint Helena,SHN,1996,10992
Saint Helena,SHN,1997,10992
Saint Helena,SHN,1998,10992
Saint Helena,SHN,1999,10992
Saint Helena,SHN,2000,10992
Saint Helena,SHN,2001,10992
Saint Helena,SHN,2002,10992
Saint Helena,SHN,2003,10992
Saint Helena,SHN,2004,7328
Saint Helena,SHN,2005,10992
Saint Helena,SHN,2006,10992
Saint Helena,SHN,2007,10992
Saint Helena,SHN,2008,10992
Saint Helena,SHN,2009,10992
Saint Helena,SHN,2010,10992
Saint Helena,SHN,2011,10992
Saint Helena,SHN,2012,10992
Saint Helena,SHN,2013,10992
Saint Helena,SHN,2014,10992
Saint Helena,SHN,2015,10992
Saint Helena,SHN,2016,14656
Saint Helena,SHN,2017,10992
Saint Helena,SHN,2018,10992
Saint Helena,SHN,2019,14656
Saint Helena,SHN,2020,10992
Saint Helena,SHN,2021,7328
Saint Helena,SHN,2022,10992
Saint Helena,SHN,2023,10970
Saint Helena,SHN,2024,11391
Saint Kitts and Nevis,KNA,1965,21984
Saint Kitts and Nevis,KNA,1966,21984
Saint Kitts and Nevis,KNA,1967,21984
Saint Kitts and Nevis,KNA,1968,32976
Saint Kitts and Nevis,KNA,1969,25648
Saint Kitts and Nevis,KNA,1970,25648
Saint Kitts and Nevis,KNA,1971,29312
Saint Kitts and Nevis,KNA,1972,29312
Saint Kitts and Nevis,KNA,1973,29312
Saint Kitts and Nevis,KNA,1974,36640
Saint Kitts and Nevis,KNA,1975,32976
Saint Kitts and Nevis,KNA,1976,36640
Saint Kitts and Nevis,KNA,1977,36640
Saint Kitts and Nevis,KNA,1978,32976
Saint Kitts and Nevis,KNA,1979,36640
Saint Kitts and Nevis,KNA,1980,51296
Saint Kitts and Nevis,KNA,1981,54960
Saint Kitts and Nevis,KNA,1982,65952
Saint Kitts and Nevis,KNA,1983,51296
Saint Kitts and Nevis,KNA,1984,51296
Saint Kitts and Nevis,KNA,1985,51296
Saint Kitts and Nevis,KNA,1986,58624
Saint Kitts and Nevis,KNA,1987,54960
Saint Kitts and Nevis,KNA,1988,65952
Saint Kitts and Nevis,KNA,1989,65952
Saint Kitts and Nevis,KNA,1990,106256
Saint Kitts and Nevis,KNA,1991,106256
Saint Kitts and Nevis,KNA,1992,109920
Saint Kitts and Nevis,KNA,1993,113584
Saint Kitts and Nevis,KNA,1994,120912
Saint Kitts and Nevis,KNA,1995,124576
Saint Kitts and Nevis,KNA,1996,131904
Saint Kitts and Nevis,KNA,1997,139232
Saint Kitts and Nevis,KNA,1998,150224
Saint Kitts and Nevis,KNA,1999,157552
Saint Kitts and Nevis,KNA,2000,172208
Saint Kitts and Nevis,KNA,2001,175872
Saint Kitts and Nevis,KNA,2002,194192
Saint Kitts and Nevis,KNA,2003,194192
Saint Kitts and Nevis,KNA,2004,208848
Saint Kitts and Nevis,KNA,2005,194192
Saint Kitts and Nevis,KNA,2006,201520
Saint Kitts and Nevis,KNA,2007,216176
Saint Kitts and Nevis,KNA,2008,216176
Saint Kitts and Nevis,KNA,2009,219840
Saint Kitts and Nevis,KNA,2010,219840
Saint Kitts and Nevis,KNA,2011,227168
Saint Kitts and Nevis,KNA,2012,223504
Saint Kitts and Nevis,KNA,2013,223504
Saint Kitts and Nevis,KNA,2014,227168
Saint Kitts and Nevis,KNA,2015,230832
Saint Kitts and Nevis,KNA,2016,238160
Saint Kitts and Nevis,KNA,2017,241824
Saint Kitts and Nevis,KNA,2018,249152
Saint Kitts and Nevis,KNA,2019,260144
Saint Kitts and Nevis,KNA,2020,241824
Saint Kitts and Nevis,KNA,2021,234496
Saint Kitts and Nevis,KNA,2022,250654.02
Saint Kitts and Nevis,KNA,2023,250147.02
Saint Kitts and Nevis,KNA,2024,259757.02
Saint Lucia,LCA,1965,25648
Saint Lucia,LCA,1966,29312
Saint Lucia,LCA,1967,32976
Saint Lucia,LCA,1968,36640
Saint Lucia,LCA,1969,62288
Saint Lucia,LCA,1970,65952
Saint Lucia,LCA,1971,69616
Saint Lucia,LCA,1972,76944
Saint Lucia,LCA,1973,80608
Saint Lucia,LCA,1974,73280
Saint Lucia,LCA,1975,76944
Saint Lucia,LCA,1976,84272
Saint Lucia,LCA,1977,69616
Saint Lucia,LCA,1978,98928
Saint Lucia,LCA,1979,150224
Saint Lucia,LCA,1980,113584
Saint Lucia,LCA,1981,95264
Saint Lucia,LCA,1982,113584
Saint Lucia,LCA,1983,102592
Saint Lucia,LCA,1984,113584
Saint Lucia,LCA,1985,128240.01
Saint Lucia,LCA,1986,131904
Saint Lucia,LCA,1987,146560
Saint Lucia,LCA,1988,164880
Saint Lucia,LCA,1989,164880
Saint Lucia,LCA,1990,179536
Saint Lucia,LCA,1991,186864
Saint Lucia,LCA,1992,212512
Saint Lucia,LCA,1993,234496
Saint Lucia,LCA,1994,260144
Saint Lucia,LCA,1995,274800
Saint Lucia,LCA,1996,293120
Saint Lucia,LCA,1997,293120
Saint Lucia,LCA,1998,322432
Saint Lucia,LCA,1999,337088
Saint Lucia,LCA,2000,340752
Saint Lucia,LCA,2001,359072
Saint Lucia,LCA,2002,355408
Saint Lucia,LCA,2003,377392
Saint Lucia,LCA,2004,399376
Saint Lucia,LCA,2005,392048
Saint Lucia,LCA,2006,414032
Saint Lucia,LCA,2007,421360
Saint Lucia,LCA,2008,425024
Saint Lucia,LCA,2009,425024
Saint Lucia,LCA,2010,483648
Saint Lucia,LCA,2011,483648
Saint Lucia,LCA,2012,487312
Saint Lucia,LCA,2013,487312
Saint Lucia,LCA,2014,487312
Saint Lucia,LCA,2015,479984
Saint Lucia,LCA,2016,472656
Saint Lucia,LCA,2017,494640
Saint Lucia,LCA,2018,509296
Saint Lucia,LCA,2019,501968.03
Saint Lucia,LCA,2020,487312
Saint Lucia,LCA,2021,505631.97
Saint Lucia,LCA,2022,518094
Saint Lucia,LCA,2023,517045.97
Saint Lucia,LCA,2024,536909
Saint Pierre and Miquelon,SPM,1965,40304
Saint Pierre and Miquelon,SPM,1966,43968
Saint Pierre and Miquelon,SPM,1967,51296
Saint Pierre and Miquelon,SPM,1968,40304
Saint Pierre and Miquelon,SPM,1969,32976
Saint Pierre and Miquelon,SPM,1970,36640
Saint Pierre and Miquelon,SPM,1971,47632
Saint Pierre and Miquelon,SPM,1972,69616
Saint Pierre and Miquelon,SPM,1973,40304
Saint Pierre and Miquelon,SPM,1974,43968
Saint Pierre and Miquelon,SPM,1975,32976
Saint Pierre and Miquelon,SPM,1976,47632
Saint Pierre and Miquelon,SPM,1977,36640
Saint Pierre and Miquelon,SPM,1978,32976
Saint Pierre and Miquelon,SPM,1979,36640
Saint Pierre and Miquelon,SPM,1980,36640
Saint Pierre and Miquelon,SPM,1981,40304
Saint Pierre and Miquelon,SPM,1982,40304
Saint Pierre and Miquelon,SPM,1983,32976
Saint Pierre and Miquelon,SPM,1984,36640
Saint Pierre and Miquelon,SPM,1985,32976
Saint Pierre and Miquelon,SPM,1986,47632
Saint Pierre and Miquelon,SPM,1987,51296
Saint Pierre and Miquelon,SPM,1988,65952
Saint Pierre and Miquelon,SPM,1989,102592
Saint Pierre and Miquelon,SPM,1990,91600
Saint Pierre and Miquelon,SPM,1991,102592
Saint Pierre and Miquelon,SPM,1992,95264
Saint Pierre and Miquelon,SPM,1993,73280
Saint Pierre and Miquelon,SPM,1994,69616
Saint Pierre and Miquelon,SPM,1995,69616
Saint Pierre and Miquelon,SPM,1996,69616
Saint Pierre and Miquelon,SPM,1997,47632
Saint Pierre and Miquelon,SPM,1998,54960
Saint Pierre and Miquelon,SPM,1999,54960
Saint Pierre and Miquelon,SPM,2000,54960
Saint Pierre and Miquelon,SPM,2001,54960
Saint Pierre and Miquelon,SPM,2002,58624
Saint Pierre and Miquelon,SPM,2003,62288
Saint Pierre and Miquelon,SPM,2004,58624
Saint Pierre and Miquelon,SPM,2005,62288
Saint Pierre and Miquelon,SPM,2006,62288
Saint Pierre and Miquelon,SPM,2007,62288
Saint Pierre and Miquelon,SPM,2008,62288
Saint Pierre and Miquelon,SPM,2009,62288
Saint Pierre and Miquelon,SPM,2010,62288
Saint Pierre and Miquelon,SPM,2011,65952
Saint Pierre and Miquelon,SPM,2012,65952
Saint Pierre and Miquelon,SPM,2013,65952
Saint Pierre and Miquelon,SPM,2014,65952
Saint Pierre and Miquelon,SPM,2015,65952
Saint Pierre and Miquelon,SPM,2016,65952
Saint Pierre and Miquelon,SPM,2017,65952
Saint Pierre and Miquelon,SPM,2018,58624
Saint Pierre and Miquelon,SPM,2019,65952
Saint Pierre and Miquelon,SPM,2020,62288
Saint Pierre and Miquelon,SPM,2021,54960
Saint Pierre and Miquelon,SPM,2022,53383
Saint Pierre and Miquelon,SPM,2023,53275
Saint Pierre and Miquelon,SPM,2024,55322
Saint Vincent and the Grenadines,VCT,1965,14656
Saint Vincent and the Grenadines,VCT,1966,18320
Saint Vincent and the Grenadines,VCT,1967,18320
Saint Vincent and the Grenadines,VCT,1968,21984
Saint Vincent and the Grenadines,VCT,1969,29312
Saint Vincent and the Grenadines,VCT,1970,29312
Saint Vincent and the Grenadines,VCT,1971,29312
Saint Vincent and the Grenadines,VCT,1972,36640
Saint Vincent and the Grenadines,VCT,1973,40304
Saint Vincent and the Grenadines,VCT,1974,32976
Saint Vincent and the Grenadines,VCT,1975,32976
Saint Vincent and the Grenadines,VCT,1976,32976
Saint Vincent and the Grenadines,VCT,1977,32976
Saint Vincent and the Grenadines,VCT,1978,36640
Saint Vincent and the Grenadines,VCT,1979,29312
Saint Vincent and the Grenadines,VCT,1980,36640
Saint Vincent and the Grenadines,VCT,1981,36640
Saint Vincent and the Grenadines,VCT,1982,40304
Saint Vincent and the Grenadines,VCT,1983,47632
Saint Vincent and the Grenadines,VCT,1984,65952
Saint Vincent and the Grenadines,VCT,1985,65952
Saint Vincent and the Grenadines,VCT,1986,65952
Saint Vincent and the Grenadines,VCT,1987,76944
Saint Vincent and the Grenadines,VCT,1988,65952
Saint Vincent and the Grenadines,VCT,1989,76944
Saint Vincent and the Grenadines,VCT,1990,80608
Saint Vincent and the Grenadines,VCT,1991,84272
Saint Vincent and the Grenadines,VCT,1992,84272
Saint Vincent and the Grenadines,VCT,1993,102592
Saint Vincent and the Grenadines,VCT,1994,120912
Saint Vincent and the Grenadines,VCT,1995,128240.01
Saint Vincent and the Grenadines,VCT,1996,131904
Saint Vincent and the Grenadines,VCT,1997,131904
Saint Vincent and the Grenadines,VCT,1998,161216
Saint Vincent and the Grenadines,VCT,1999,164880
Saint Vincent and the Grenadines,VCT,2000,142896
Saint Vincent and the Grenadines,VCT,2001,175872
Saint Vincent and the Grenadines,VCT,2002,186864
Saint Vincent and the Grenadines,VCT,2003,201520
Saint Vincent and the Grenadines,VCT,2004,219840
Saint Vincent and the Grenadines,VCT,2005,219840
Saint Vincent and the Grenadines,VCT,2006,219840
Saint Vincent and the Grenadines,VCT,2007,238160
Saint Vincent and the Grenadines,VCT,2008,219840
Saint Vincent and the Grenadines,VCT,2009,278464
Saint Vincent and the Grenadines,VCT,2010,223504
Saint Vincent and the Grenadines,VCT,2011,216176
Saint Vincent and the Grenadines,VCT,2012,230832
Saint Vincent and the Grenadines,VCT,2013,216176
Saint Vincent and the Grenadines,VCT,2014,256480.02
Saint Vincent and the Grenadines,VCT,2015,234496
Saint Vincent and the Grenadines,VCT,2016,241824
Saint Vincent and the Grenadines,VCT,2017,212512
Saint Vincent and the Grenadines,VCT,2018,241824
Saint Vincent and the Grenadines,VCT,2019,219840
Saint Vincent and the Grenadines,VCT,2020,238160
Saint Vincent and the Grenadines,VCT,2021,234496
Saint Vincent and the Grenadines,VCT,2022,246698
Saint Vincent and the Grenadines,VCT,2023,246199
Saint Vincent and the Grenadines,VCT,2024,255656.98
Samoa,WSM,1965,29312
Samoa,WSM,1966,25648
Samoa,WSM,1967,25648
Samoa,WSM,1968,29312
Samoa,WSM,1969,29312
Samoa,WSM,1970,29312
Samoa,WSM,1971,36640
Samoa,WSM,1972,36640
Samoa,WSM,1973,36640
Samoa,WSM,1974,43968
Samoa,WSM,1975,58624
Samoa,WSM,1976,43968
Samoa,WSM,1977,73280
Samoa,WSM,1978,98928
Samoa,WSM,1979,84272
Samoa,WSM,1980,76944
Samoa,WSM,1981,73280
Samoa,WSM,1982,65952
Samoa,WSM,1983,65952
Samoa,WSM,1984,69616
Samoa,WSM,1985,76944
Samoa,WSM,1986,80608
Samoa,WSM,1987,76944
Samoa,WSM,1988,84272
Samoa,WSM,1989,84272
Samoa,WSM,1990,91600
Samoa,WSM,1991,95264
Samoa,WSM,1992,98928
Samoa,WSM,1993,106256
Samoa,WSM,1994,98928
Samoa,WSM,1995,109920
Samoa,WSM,1996,124576
Samoa,WSM,1997,124576
Samoa,WSM,1998,139232
Samoa,WSM,1999,139232
Samoa,WSM,2000,142896
Samoa,WSM,2001,153888
Samoa,WSM,2002,161216
Samoa,WSM,2003,161216
Samoa,WSM,2004,168544
Samoa,WSM,2005,172208
Samoa,WSM,2006,168544
Samoa,WSM,2007,179536
Samoa,WSM,2008,161216
Samoa,WSM,2009,168544
Samoa,WSM,2010,186864
Samoa,WSM,2011,190528
Samoa,WSM,2012,190528
Samoa,WSM,2013,190528
Samoa,WSM,2014,201520
Samoa,WSM,2015,227168
Samoa,WSM,2016,238160
Samoa,WSM,2017,234496
Samoa,WSM,2018,234496
Samoa,WSM,2019,260144
Samoa,WSM,2020,234496
Samoa,WSM,2021,267472
Samoa,WSM,2022,235959
Samoa,WSM,2023,234845
Samoa,WSM,2024,245587
Sao Tome and Principe,STP,1965,10992
Sao Tome and Principe,STP,1966,10992
Sao Tome and Principe,STP,1967,10992
Sao Tome and Principe,STP,1968,14656
Sao Tome and Principe,STP,1969,14656
Sao Tome and Principe,STP,1970,14656
Sao Tome and Principe,STP,1971,10992
Sao Tome and Principe,STP,1972,10992
Sao Tome and Principe,STP,1973,14656
Sao Tome and Principe,STP,1974,18320
Sao Tome and Principe,STP,1975,18320
Sao Tome and Principe,STP,1976,29312
Sao Tome and Principe,STP,1977,29312
Sao Tome and Principe,STP,1978,32976
Sao Tome and Principe,STP,1979,32976
Sao Tome and Principe,STP,1980,40304
Sao Tome and Principe,STP,1981,43968
Sao Tome and Principe,STP,1982,47632
Sao Tome and Principe,STP,1983,54960
Sao Tome and Principe,STP,1984,51296
Sao Tome and Principe,STP,1985,54960
Sao Tome and Principe,STP,1986,51296
Sao Tome and Principe,STP,1987,51296
Sao Tome and Principe,STP,1988,47632
Sao Tome and Principe,STP,1989,47632
Sao Tome and Principe,STP,1990,47632
Sao Tome and Principe,STP,1991,47632
Sao Tome and Principe,STP,1992,47632
Sao Tome and Principe,STP,1993,47632
Sao Tome and Principe,STP,1994,47632
Sao Tome and Principe,STP,1995,47632
Sao Tome and Principe,STP,1996,47632
Sao Tome and Principe,STP,1997,47632
Sao Tome and Principe,STP,1998,47632
Sao Tome and Principe,STP,1999,47632
Sao Tome and Principe,STP,2000,51296
Sao Tome and Principe,STP,2001,51296
Sao Tome and Principe,STP,2002,54960
Sao Tome and Principe,STP,2003,62288
Sao Tome and Principe,STP,2004,73280
Sao Tome and Principe,STP,2005,76944
Sao Tome and Principe,STP,2006,80608
Sao Tome and Principe,STP,2007,80608
Sao Tome and Principe,STP,2008,84272
Sao Tome and Principe,STP,2009,91600
Sao Tome and Principe,STP,2010,106256
Sao Tome and Principe,STP,2011,98928
Sao Tome and Principe,STP,2012,109920
Sao Tome and Principe,STP,2013,109920
Sao Tome and Principe,STP,2014,128240.01
Sao Tome and Principe,STP,2015,135568
Sao Tome and Principe,STP,2016,146560
Sao Tome and Principe,STP,2017,139232
Sao Tome and Principe,STP,2018,139232
Sao Tome and Principe,STP,2019,146560
Sao Tome and Principe,STP,2020,142896
Sao Tome and Principe,STP,2021,142896
Sao Tome and Principe,STP,2022,135568
Sao Tome and Principe,STP,2023,139838
Sao Tome and Principe,STP,2024,141779
Saudi Arabia,SAU,1965,4216254
Saudi Arabia,SAU,1966,6407326
Saudi Arabia,SAU,1967,25485478
Saudi Arabia,SAU,1968,29079118
Saudi Arabia,SAU,1969,35270950
Saudi Arabia,SAU,1970,45251332
Saudi Arabia,SAU,1971,59756500
Saudi Arabia,SAU,1972,70281290
Saudi Arabia,SAU,1973,95052930
Saudi Arabia,SAU,1974,98700960
Saudi Arabia,SAU,1975,83259630
Saudi Arabia,SAU,1976,101458120
Saudi Arabia,SAU,1977,118068504
Saudi Arabia,SAU,1978,115021370
Saudi Arabia,SAU,1979,138000320
Saudi Arabia,SAU,1980,169233940
Saudi Arabia,SAU,1981,175292940
Saudi Arabia,SAU,1982,157874140
Saudi Arabia,SAU,1983,160813400
Saudi Arabia,SAU,1984,155490100
Saudi Arabia,SAU,1985,172393710
Saudi Arabia,SAU,1986,204570510
Saudi Arabia,SAU,1987,190414300
Saudi Arabia,SAU,1988,202208000
Saudi Arabia,SAU,1989,203375440
Saudi Arabia,SAU,1990,181971100
Saudi Arabia,SAU,1991,244533900
Saudi Arabia,SAU,1992,276011360
Saudi Arabia,SAU,1993,297754200
Saudi Arabia,SAU,1994,291208500
Saudi Arabia,SAU,1995,274604480
Saudi Arabia,SAU,1996,269498400
Saudi Arabia,SAU,1997,227148660
Saudi Arabia,SAU,1998,218914960
Saudi Arabia,SAU,1999,237716380
Saudi Arabia,SAU,2000,309639140
Saudi Arabia,SAU,2001,324373630
Saudi Arabia,SAU,2002,346930500
Saudi Arabia,SAU,2003,351227680
Saudi Arabia,SAU,2004,407702300
Saudi Arabia,SAU,2005,412234430
Saudi Arabia,SAU,2006,444977280
Saudi Arabia,SAU,2007,423314080
Saudi Arabia,SAU,2008,469430400
Saudi Arabia,SAU,2009,503969660
Saudi Arabia,SAU,2010,555639740
Saudi Arabia,SAU,2011,540235840
Saudi Arabia,SAU,2012,605712260
Saudi Arabia,SAU,2013,583177900
Saudi Arabia,SAU,2014,585109100
Saudi Arabia,SAU,2015,624547000
Saudi Arabia,SAU,2016,641174200
Saudi Arabia,SAU,2017,644486500
Saudi Arabia,SAU,2018,652204160
Saudi Arabia,SAU,2019,708334700
Saudi Arabia,SAU,2020,653564700
Saudi Arabia,SAU,2021,695394500
Saudi Arabia,SAU,2022,666993540
Saudi Arabia,SAU,2023,677441900
Saudi Arabia,SAU,2024,692133500
Senegal,SEN,1965,1692025
Senegal,SEN,1966,1717643
Senegal,SEN,1967,699141
Senegal,SEN,1968,98126
Senegal,SEN,1969,490144
Senegal,SEN,1970,1307067
Senegal,SEN,1971,1351035
Senegal,SEN,1972,1453241
Senegal,SEN,1973,1548683
Senegal,SEN,1974,1848983
Senegal,SEN,1975,2578000
Senegal,SEN,1976,1769696
Senegal,SEN,1977,2237336
Senegal,SEN,1978,2619597
Senegal,SEN,1979,2888139
Senegal,SEN,1980,3336441
Senegal,SEN,1981,3279857
Senegal,SEN,1982,3036573
Senegal,SEN,1983,2611411
Senegal,SEN,1984,3284168
Senegal,SEN,1985,2650504
Senegal,SEN,1986,2636446
Senegal,SEN,1987,2424574
Senegal,SEN,1988,2710809
Senegal,SEN,1989,3661877
Senegal,SEN,1990,2929956
Senegal,SEN,1991,3108070
Senegal,SEN,1992,3165871
Senegal,SEN,1993,3286192
Senegal,SEN,1994,3635729
Senegal,SEN,1995,2990441
Senegal,SEN,1996,3242787
Senegal,SEN,1997,3182368
Senegal,SEN,1998,3333565
Senegal,SEN,1999,3603593
Senegal,SEN,2000,3902052
Senegal,SEN,2001,4258100
Senegal,SEN,2002,4436925
Senegal,SEN,2003,4927512
Senegal,SEN,2004,5238223
Senegal,SEN,2005,5538919
Senegal,SEN,2006,4429718
Senegal,SEN,2007,5195955
Senegal,SEN,2008,4740295
Senegal,SEN,2009,5257668
Senegal,SEN,2010,6862391
Senegal,SEN,2011,7818837
Senegal,SEN,2012,7362129
Senegal,SEN,2013,7852669
Senegal,SEN,2014,8724360
Senegal,SEN,2015,9845416
Senegal,SEN,2016,10012805
Senegal,SEN,2017,10757183
Senegal,SEN,2018,11330392
Senegal,SEN,2019,12711456
Senegal,SEN,2020,10819990
Senegal,SEN,2021,12319014
Senegal,SEN,2022,14132717
Senegal,SEN,2023,14081857
Senegal,SEN,2024,14091846
Serbia,SRB,1965,21759390
Serbia,SRB,1966,21563866
Serbia,SRB,1967,21782550
Serbia,SRB,1968,23300442
Serbia,SRB,1969,24160988
Serbia,SRB,1970,31562372
Serbia,SRB,1971,34011860
Serbia,SRB,1972,31877576
Serbia,SRB,1973,38067372
Serbia,SRB,1974,38223496
Serbia,SRB,1975,39875268
Serbia,SRB,1976,41141396
Serbia,SRB,1977,39997190
Serbia,SRB,1978,44675250
Serbia,SRB,1979,48573390
Serbia,SRB,1980,47741310
Serbia,SRB,1981,51955384
Serbia,SRB,1982,47704096
Serbia,SRB,1983,51364612
Serbia,SRB,1984,54165636
Serbia,SRB,1985,55244290
Serbia,SRB,1986,57680092
Serbia,SRB,1987,56297600
Serbia,SRB,1988,58081636
Serbia,SRB,1989,57896628
Serbia,SRB,1990,57537920
Serbia,SRB,1991,40577030
Serbia,SRB,1992,43635704
Serbia,SRB,1993,37996972
Serbia,SRB,1994,36967044
Serbia,SRB,1995,39046988
Serbia,SRB,1996,45695570
Serbia,SRB,1997,49097884
Serbia,SRB,1998,51690776
Serbia,SRB,1999,35651524
Serbia,SRB,2000,39606468
Serbia,SRB,2001,42540980
Serbia,SRB,2002,45486444
Serbia,SRB,2003,48648700
Serbia,SRB,2004,52942084
Serbia,SRB,2005,50058260
Serbia,SRB,2006,53721016
Serbia,SRB,2007,52159944
Serbia,SRB,2008,51736810
Serbia,SRB,2009,45919810
Serbia,SRB,2010,45694396
Serbia,SRB,2011,48956180
Serbia,SRB,2012,43763544
Serbia,SRB,2013,44576068
Serbia,SRB,2014,37331040
Serbia,SRB,2015,43896996
Serbia,SRB,2016,45192630
Serbia,SRB,2017,45672508
Serbia,SRB,2018,44478060
Serbia,SRB,2019,44444510
Serbia,SRB,2020,45356156
Serbia,SRB,2021,43886132
Serbia,SRB,2022,44462404
Serbia,SRB,2023,42907320
Serbia,SRB,2024,42019440
Seychelles,SYC,1965,7328
Seychelles,SYC,1966,7328
Seychelles,SYC,1967,7328
Seychelles,SYC,1968,7328
Seychelles,SYC,1969,7328
Seychelles,SYC,1970,29312
Seychelles,SYC,1971,32976
Seychelles,SYC,1972,43968
Seychelles,SYC,1973,47632
Seychelles,SYC,1974,54960
Seychelles,SYC,1975,58624
Seychelles,SYC,1976,80608
Seychelles,SYC,1977,84272
Seychelles,SYC,1978,76944
Seychelles,SYC,1979,120912
Seychelles,SYC,1980,95264
Seychelles,SYC,1981,98928
Seychelles,SYC,1982,84272
Seychelles,SYC,1983,98928
Seychelles,SYC,1984,98928
Seychelles,SYC,1985,150224
Seychelles,SYC,1986,164880
Seychelles,SYC,1987,201520
Seychelles,SYC,1988,197856
Seychelles,SYC,1989,234496
Seychelles,SYC,1990,150224
Seychelles,SYC,1991,172208
Seychelles,SYC,1992,172208
Seychelles,SYC,1993,183200
Seychelles,SYC,1994,201520
Seychelles,SYC,1995,197856
Seychelles,SYC,1996,234496
Seychelles,SYC,1997,271136
Seychelles,SYC,1998,289456
Seychelles,SYC,1999,304112
Seychelles,SYC,2000,318768
Seychelles,SYC,2001,340752
Seychelles,SYC,2002,348080
Seychelles,SYC,2003,340752
Seychelles,SYC,2004,377392
Seychelles,SYC,2005,381056
Seychelles,SYC,2006,384720
Seychelles,SYC,2007,403040
Seychelles,SYC,2008,414032
Seychelles,SYC,2009,443344
Seychelles,SYC,2010,439680
Seychelles,SYC,2011,403040
Seychelles,SYC,2012,417696
Seychelles,SYC,2013,414032
Seychelles,SYC,2014,458000
Seychelles,SYC,2015,498304
Seychelles,SYC,2016,553264
Seychelles,SYC,2017,575248
Seychelles,SYC,2018,597232
Seychelles,SYC,2019,589904
Seychelles,SYC,2020,597232
Seychelles,SYC,2021,611888
Seychelles,SYC,2022,628936
Seychelles,SYC,2023,641309
Seychelles,SYC,2024,652571
Sierra Leone,SLE,1965,282128
Sierra Leone,SLE,1966,300448
Sierra Leone,SLE,1967,252815.98
Sierra Leone,SLE,1968,362736
Sierra Leone,SLE,1969,1084544
Sierra Leone,SLE,1970,857376
Sierra Leone,SLE,1971,802416
Sierra Leone,SLE,1972,677840
Sierra Leone,SLE,1973,538608
Sierra Leone,SLE,1974,520288
Sierra Leone,SLE,1975,523952
Sierra Leone,SLE,1976,450672
Sierra Leone,SLE,1977,512960.03
Sierra Leone,SLE,1978,710816
Sierra Leone,SLE,1979,677840
Sierra Leone,SLE,1980,608224
Sierra Leone,SLE,1981,692496
Sierra Leone,SLE,1982,553264
Sierra Leone,SLE,1983,688832
Sierra Leone,SLE,1984,615552
Sierra Leone,SLE,1985,663184
Sierra Leone,SLE,1986,674176
Sierra Leone,SLE,1987,498304
Sierra Leone,SLE,1988,458000
Sierra Leone,SLE,1989,373728
Sierra Leone,SLE,1990,498304
Sierra Leone,SLE,1991,556928
Sierra Leone,SLE,1992,282128
Sierra Leone,SLE,1993,263808
Sierra Leone,SLE,1994,274800
Sierra Leone,SLE,1995,223504
Sierra Leone,SLE,1996,230832
Sierra Leone,SLE,1997,205184
Sierra Leone,SLE,1998,219840
Sierra Leone,SLE,1999,175872
Sierra Leone,SLE,2000,271136
Sierra Leone,SLE,2001,373728
Sierra Leone,SLE,2002,501968.03
Sierra Leone,SLE,2003,538608
Sierra Leone,SLE,2004,520288
Sierra Leone,SLE,2005,432352
Sierra Leone,SLE,2006,575248
Sierra Leone,SLE,2007,487312
Sierra Leone,SLE,2008,505631.97
Sierra Leone,SLE,2009,501968.03
Sierra Leone,SLE,2010,545936
Sierra Leone,SLE,2011,714480
Sierra Leone,SLE,2012,831728
Sierra Leone,SLE,2013,1051568
Sierra Leone,SLE,2014,1128512
Sierra Leone,SLE,2015,1084145
Sierra Leone,SLE,2016,1139504
Sierra Leone,SLE,2017,1095536
Sierra Leone,SLE,2018,1036911.94
Sierra Leone,SLE,2019,1117520
Sierra Leone,SLE,2020,1187136
Sierra Leone,SLE,2021,1483613
Sierra Leone,SLE,2022,1443616
Sierra Leone,SLE,2023,1380435
Sierra Leone,SLE,2024,1434283
Singapore,SGP,1965,2425568
Singapore,SGP,1966,478923
Singapore,SGP,1967,2821280
Singapore,SGP,1968,5133455
Singapore,SGP,1969,6888320
Singapore,SGP,1970,17832688
Singapore,SGP,1971,16275421
Singapore,SGP,1972,21720192
Singapore,SGP,1973,20690608
Singapore,SGP,1974,21427072
Singapore,SGP,1975,23863632
Singapore,SGP,1976,29337648
Singapore,SGP,1977,27611904
Singapore,SGP,1978,32463040
Singapore,SGP,1979,35419820
Singapore,SGP,1980,30433184
Singapore,SGP,1981,25706624
Singapore,SGP,1982,28381510
Singapore,SGP,1983,33397362
Singapore,SGP,1984,31968554
Singapore,SGP,1985,32397088
Singapore,SGP,1986,34100850
Singapore,SGP,1987,31810848
Singapore,SGP,1988,35280656
Singapore,SGP,1989,41003824
Singapore,SGP,1990,43535576
Singapore,SGP,1991,44235470
Singapore,SGP,1992,47441470
Singapore,SGP,1993,49661856
Singapore,SGP,1994,60085936
Singapore,SGP,1995,40545824
Singapore,SGP,1996,48012940
Singapore,SGP,1997,56737040
Singapore,SGP,1998,47412160
Singapore,SGP,1999,49200190
Singapore,SGP,2000,37368720
Singapore,SGP,2001,38525220
Singapore,SGP,2002,40208400
Singapore,SGP,2003,39534044
Singapore,SGP,2004,41000000
Singapore,SGP,2005,39600000
Singapore,SGP,2006,40600000
Singapore,SGP,2007,41100000
Singapore,SGP,2008,40200000
Singapore,SGP,2009,40800000
Singapore,SGP,2010,44400000
Singapore,SGP,2011,47000000
Singapore,SGP,2012,46100000
Singapore,SGP,2013,47000000
Singapore,SGP,2014,47600000
Singapore,SGP,2015,49400000
Singapore,SGP,2016,49100000
Singapore,SGP,2017,50100000
Singapore,SGP,2018,50300000
Singapore,SGP,2019,49000000
Singapore,SGP,2020,46700000
Singapore,SGP,2021,50100000
Singapore,SGP,2022,48933884
Singapore,SGP,2023,51067616
Singapore,SGP,2024,53919460
Sint Maarten (Dutch part),SXM,1965,987233
Sint Maarten (Dutch part),SXM,1966,923167
Sint Maarten (Dutch part),SXM,1967,1137175
Sint Maarten (Dutch part),SXM,1968,1057433
Sint Maarten (Dutch part),SXM,1969,1383898
Sint Maarten (Dutch part),SXM,1970,1547812
Sint Maarten (Dutch part),SXM,1971,1347094
Sint Maarten (Dutch part),SXM,1972,1306201
Sint Maarten (Dutch part),SXM,1973,1448986
Sint Maarten (Dutch part),SXM,1974,1313357
Sint Maarten (Dutch part),SXM,1975,951110
Sint Maarten (Dutch part),SXM,1976,2031716.1
Sint Maarten (Dutch part),SXM,1977,1061181
Sint Maarten (Dutch part),SXM,1978,903742
Sint Maarten (Dutch part),SXM,1979,948043
Sint Maarten (Dutch part),SXM,1980,975646
Sint Maarten (Dutch part),SXM,1981,929301
Sint Maarten (Dutch part),SXM,1982,1039031
Sint Maarten (Dutch part),SXM,1983,533998
Sint Maarten (Dutch part),SXM,1984,1333463
Sint Maarten (Dutch part),SXM,1985,1560761
Sint Maarten (Dutch part),SXM,1986,299203
Sint Maarten (Dutch part),SXM,1987,265998
Sint Maarten (Dutch part),SXM,1988,262028.02
Sint Maarten (Dutch part),SXM,1989,498792
Sint Maarten (Dutch part),SXM,1990,534162
Sint Maarten (Dutch part),SXM,1991,426247
Sint Maarten (Dutch part),SXM,1992,351175
Sint Maarten (Dutch part),SXM,1993,542102
Sint Maarten (Dutch part),SXM,1994,519725.03
Sint Maarten (Dutch part),SXM,1995,514311
Sint Maarten (Dutch part),SXM,1996,481106
Sint Maarten (Dutch part),SXM,1997,503483
Sint Maarten (Dutch part),SXM,1998,27791
Sint Maarten (Dutch part),SXM,1999,208251
Sint Maarten (Dutch part),SXM,2000,552569
Sint Maarten (Dutch part),SXM,2001,562674
Sint Maarten (Dutch part),SXM,2002,542463
Sint Maarten (Dutch part),SXM,2003,542824
Sint Maarten (Dutch part),SXM,2004,569532
Sint Maarten (Dutch part),SXM,2005,564479
Sint Maarten (Dutch part),SXM,2006,588300
Sint Maarten (Dutch part),SXM,2007,662288
Sint Maarten (Dutch part),SXM,2008,637024
Sint Maarten (Dutch part),SXM,2009,651822
Sint Maarten (Dutch part),SXM,2010,448985
Sint Maarten (Dutch part),SXM,2011,572780
Sint Maarten (Dutch part),SXM,2012,699824
Sint Maarten (Dutch part),SXM,2013,714480
Sint Maarten (Dutch part),SXM,2014,725472
Sint Maarten (Dutch part),SXM,2015,743792
Sint Maarten (Dutch part),SXM,2016,747456
Sint Maarten (Dutch part),SXM,2017,703488
Sint Maarten (Dutch part),SXM,2018,685168
Sint Maarten (Dutch part),SXM,2019,688832
Sint Maarten (Dutch part),SXM,2020,652192
Sint Maarten (Dutch part),SXM,2021,681504
Sint Maarten (Dutch part),SXM,2022,692496
Sint Maarten (Dutch part),SXM,2023,691095
Sint Maarten (Dutch part),SXM,2024,717645
Slovakia,SVK,1965,39065960
Slovakia,SVK,1966,38836710
Slovakia,SVK,1967,38742904
Slovakia,SVK,1968,40545964
Slovakia,SVK,1969,43049700
Slovakia,SVK,1970,49369216
Slovakia,SVK,1971,51785710
Slovakia,SVK,1972,52265980
Slovakia,SVK,1973,52475640
Slovakia,SVK,1974,53076050
Slovakia,SVK,1975,55542624
Slovakia,SVK,1976,57714040
Slovakia,SVK,1977,59452210
Slovakia,SVK,1978,59990784
Slovakia,SVK,1979,58425500
Slovakia,SVK,1980,59116172
Slovakia,SVK,1981,58473610
Slovakia,SVK,1982,57917016
Slovakia,SVK,1983,57998390
Slovakia,SVK,1984,59973720
Slovakia,SVK,1985,59167052
Slovakia,SVK,1986,59584010
Slovakia,SVK,1987,58886020
Slovakia,SVK,1988,57919548
Slovakia,SVK,1989,55271864
Slovakia,SVK,1990,61528540
Slovakia,SVK,1991,53333930
Slovakia,SVK,1992,48930976
Slovakia,SVK,1993,46394332
Slovakia,SVK,1994,43803520
Slovakia,SVK,1995,44194172
Slovakia,SVK,1996,44075516
Slovakia,SVK,1997,44147080
Slovakia,SVK,1998,43877524
Slovakia,SVK,1999,43088350
Slovakia,SVK,2000,41187040
Slovakia,SVK,2001,43272724
Slovakia,SVK,2002,42033700
Slovakia,SVK,2003,42359228
Slovakia,SVK,2004,42856560
Slovakia,SVK,2005,42857268
Slovakia,SVK,2006,42639350
Slovakia,SVK,2007,41031852
Slovakia,SVK,2008,41425300
Slovakia,SVK,2009,37681124
Slovakia,SVK,2010,38464356
Slovakia,SVK,2011,38045108
Slovakia,SVK,2012,35961410
Slovakia,SVK,2013,35621708
Slovakia,SVK,2014,33708172
Slovakia,SVK,2015,34527856
Slovakia,SVK,2016,34977550
Slovakia,SVK,2017,36183944
Slovakia,SVK,2018,36184068
Slovakia,SVK,2019,33853190
Slovakia,SVK,2020,31176160
Slovakia,SVK,2021,35251324
Slovakia,SVK,2022,31589464
Slovakia,SVK,2023,30766244
Slovakia,SVK,2024,29090958
Slovenia,SVN,1965,6198301
Slovenia,SVN,1966,6140956
Slovenia,SVN,1967,6202874
Slovenia,SVN,1968,6632873
Slovenia,SVN,1969,6877283
Slovenia,SVN,1970,8992056
Slovenia,SVN,1971,9685128
Slovenia,SVN,1972,9062539
Slovenia,SVN,1973,10827372
Slovenia,SVN,1974,10865980
Slovenia,SVN,1975,11330426
Slovenia,SVN,1976,11684040
Slovenia,SVN,1977,11349432
Slovenia,SVN,1978,12680090
Slovenia,SVN,1979,13789691
Slovenia,SVN,1980,13544972
Slovenia,SVN,1981,14726261
Slovenia,SVN,1982,13509937
Slovenia,SVN,1983,14551781
Slovenia,SVN,1984,15349540
Slovenia,SVN,1985,15657944
Slovenia,SVN,1986,16351864
Slovenia,SVN,1987,15935209
Slovenia,SVN,1988,16514572
Slovenia,SVN,1989,16434435
Slovenia,SVN,1990,15097327
Slovenia,SVN,1991,13976541
Slovenia,SVN,1992,13885939
Slovenia,SVN,1993,14254250
Slovenia,SVN,1994,14639140
Slovenia,SVN,1995,15356992
Slovenia,SVN,1996,16002613
Slovenia,SVN,1997,16512503
Slovenia,SVN,1998,16044565
Slovenia,SVN,1999,15418648
Slovenia,SVN,2000,15059753
Slovenia,SVN,2001,16309183
Slovenia,SVN,2002,16570911
Slovenia,SVN,2003,16278082
Slovenia,SVN,2004,16710709
Slovenia,SVN,2005,16941976
Slovenia,SVN,2006,17184160
Slovenia,SVN,2007,17349082
Slovenia,SVN,2008,18284604
Slovenia,SVN,2009,16209410
Slovenia,SVN,2010,16465506
Slovenia,SVN,2011,16364208
Slovenia,SVN,2012,15765101
Slovenia,SVN,2013,15136785
Slovenia,SVN,2014,13568340
Slovenia,SVN,2015,13658673
Slovenia,SVN,2016,14468012
Slovenia,SVN,2017,14637193
Slovenia,SVN,2018,14563352
Slovenia,SVN,2019,14053007
Slovenia,SVN,2020,12872991
Slovenia,SVN,2021,13076158
Slovenia,SVN,2022,12727840
Slovenia,SVN,2023,12012164
Slovenia,SVN,2024,12751194
Solomon Islands,SLB,1965,25648
Solomon Islands,SLB,1966,25648
Solomon Islands,SLB,1967,32976
Solomon Islands,SLB,1968,36640
Solomon Islands,SLB,1969,36640
Solomon Islands,SLB,1970,40304
Solomon Islands,SLB,1971,47632
Solomon Islands,SLB,1972,54960
Solomon Islands,SLB,1973,65952
Solomon Islands,SLB,1974,65952
Solomon Islands,SLB,1975,58624
Solomon Islands,SLB,1976,62288
Solomon Islands,SLB,1977,80608
Solomon Islands,SLB,1978,62288
Solomon Islands,SLB,1979,109920
Solomon Islands,SLB,1980,102592
Solomon Islands,SLB,1981,135568
Solomon Islands,SLB,1982,120912
Solomon Islands,SLB,1983,142896
Solomon Islands,SLB,1984,142896
Solomon Islands,SLB,1985,150224
Solomon Islands,SLB,1986,153888
Solomon Islands,SLB,1987,161216
Solomon Islands,SLB,1988,153888
Solomon Islands,SLB,1989,161216
Solomon Islands,SLB,1990,146560
Solomon Islands,SLB,1991,153888
Solomon Islands,SLB,1992,161216
Solomon Islands,SLB,1993,172208
Solomon Islands,SLB,1994,183200
Solomon Islands,SLB,1995,190528
Solomon Islands,SLB,1996,197856
Solomon Islands,SLB,1997,205184
Solomon Islands,SLB,1998,212512
Solomon Islands,SLB,1999,219840
Solomon Islands,SLB,2000,227168
Solomon Islands,SLB,2001,238160
Solomon Islands,SLB,2002,245488
Solomon Islands,SLB,2003,256480.02
Solomon Islands,SLB,2004,274800
Solomon Islands,SLB,2005,282128
Solomon Islands,SLB,2006,293120
Solomon Islands,SLB,2007,300448
Solomon Islands,SLB,2008,311440
Solomon Islands,SLB,2009,322432
Solomon Islands,SLB,2010,333424
Solomon Islands,SLB,2011,348080
Solomon Islands,SLB,2012,344416
Solomon Islands,SLB,2013,377392
Solomon Islands,SLB,2014,329760
Solomon Islands,SLB,2015,296784
Solomon Islands,SLB,2016,293120
Solomon Islands,SLB,2017,289456
Solomon Islands,SLB,2018,293120
Solomon Islands,SLB,2019,296784
Solomon Islands,SLB,2020,293120
Solomon Islands,SLB,2021,289456
Solomon Islands,SLB,2022,283097
Solomon Islands,SLB,2023,281760
Solomon Islands,SLB,2024,294648
Somalia,SOM,1965,131904
Somalia,SOM,1966,139232
Somalia,SOM,1967,227168
Somalia,SOM,1968,153888
Somalia,SOM,1969,161216
Somalia,SOM,1970,216176
Somalia,SOM,1971,186864
Somalia,SOM,1972,234496
Somalia,SOM,1973,263808
Somalia,SOM,1974,329760
Somalia,SOM,1975,501968.03
Somalia,SOM,1976,479984
Somalia,SOM,1977,798752
Somalia,SOM,1978,556928
Somalia,SOM,1979,487312
Somalia,SOM,1980,813408
Somalia,SOM,1981,274800
Somalia,SOM,1982,718144
Somalia,SOM,1983,934320
Somalia,SOM,1984,714480
Somalia,SOM,1985,857376
Somalia,SOM,1986,923328
Somalia,SOM,1987,992944
Somalia,SOM,1988,1003656
Somalia,SOM,1989,952072
Somalia,SOM,1990,782197
Somalia,SOM,1991,707587
Somalia,SOM,1992,666088
Somalia,SOM,1993,625768
Somalia,SOM,1994,618425
Somalia,SOM,1995,585433
Somalia,SOM,1996,575248
Somalia,SOM,1997,534944
Somalia,SOM,1998,505631.97
Somalia,SOM,1999,487312
Somalia,SOM,2000,509296
Somalia,SOM,2001,542272
Somalia,SOM,2002,575248
Somalia,SOM,2003,604560
Somalia,SOM,2004,626544
Somalia,SOM,2005,648528
Somalia,SOM,2006,670512
Somalia,SOM,2007,692496
Somalia,SOM,2008,721808
Somalia,SOM,2009,743792
Somalia,SOM,2010,776768
Somalia,SOM,2011,809744
Somalia,SOM,2012,831728
Somalia,SOM,2013,857376
Somalia,SOM,2014,886688
Somalia,SOM,2015,923328
Somalia,SOM,2016,956304
Somalia,SOM,2017,992944
Somalia,SOM,2018,1033247.94
Somalia,SOM,2019,1069888
Somalia,SOM,2020,1139504
Somalia,SOM,2021,1154160
Somalia,SOM,2022,1271408
Somalia,SOM,2023,1296419
Somalia,SOM,2024,1319185
South Africa,ZAF,1965,128140050
South Africa,ZAF,1966,128234936
South Africa,ZAF,1967,133760120
South Africa,ZAF,1968,137953810
South Africa,ZAF,1969,143142850
South Africa,ZAF,1970,149621860
South Africa,ZAF,1971,168407150
South Africa,ZAF,1972,171557120
South Africa,ZAF,1973,173352290
South Africa,ZAF,1974,176547940
South Africa,ZAF,1975,185004800
South Africa,ZAF,1976,192908700
South Africa,ZAF,1977,199738260
South Africa,ZAF,1978,201879550
South Africa,ZAF,1979,218670830
South Africa,ZAF,1980,228201400
South Africa,ZAF,1981,257078910
South Africa,ZAF,1982,280437000
South Africa,ZAF,1983,291905730
South Africa,ZAF,1984,315596640
South Africa,ZAF,1985,323865000
South Africa,ZAF,1986,330500770
South Africa,ZAF,1987,328672000
South Africa,ZAF,1988,342662000
South Africa,ZAF,1989,340714720
South Africa,ZAF,1990,312933900
South Africa,ZAF,1991,326030370
South Africa,ZAF,1992,301329060
South Africa,ZAF,1993,320352640
South Africa,ZAF,1994,338701250
South Africa,ZAF,1995,361711940
South Africa,ZAF,1996,363732320
South Africa,ZAF,1997,385215420
South Africa,ZAF,1998,377273440
South Africa,ZAF,1999,374869020
South Africa,ZAF,2000,378332500
South Africa,ZAF,2001,371602000
South Africa,ZAF,2002,356501150
South Africa,ZAF,2003,404406050
South Africa,ZAF,2004,449321630
South Africa,ZAF,2005,416204860
South Africa,ZAF,2006,446744320
South Africa,ZAF,2007,465033730
South Africa,ZAF,2008,494672540
South Africa,ZAF,2009,474512260
South Africa,ZAF,2010,467352500
South Africa,ZAF,2011,474272770
South Africa,ZAF,2012,461438400
South Africa,ZAF,2013,456188000
South Africa,ZAF,2014,481637860
South Africa,ZAF,2015,457473250
South Africa,ZAF,2016,457049760
South Africa,ZAF,2017,440010270
South Africa,ZAF,2018,453765980
South Africa,ZAF,2019,470727420
South Africa,ZAF,2020,435297660
South Africa,ZAF,2021,439464400
South Africa,ZAF,2022,428782180
South Africa,ZAF,2023,436604200
South Africa,ZAF,2024,439830500
South Korea,KOR,1965,24978308
South Korea,KOR,1966,29982234
South Korea,KOR,1967,35113236
South Korea,KOR,1968,37197144
South Korea,KOR,1969,42468220
South Korea,KOR,1970,53716350
South Korea,KOR,1971,58533736
South Korea,KOR,1972,60247064
South Korea,KOR,1973,72974840
South Korea,KOR,1974,75550730
South Korea,KOR,1975,81665790
South Korea,KOR,1976,93104550
South Korea,KOR,1977,105459704
South Korea,KOR,1978,113119300
South Korea,KOR,1979,132874240
South Korea,KOR,1980,134524430
South Korea,KOR,1981,139589740
South Korea,KOR,1982,140781900
South Korea,KOR,1983,149133600
South Korea,KOR,1984,160700450
South Korea,KOR,1985,168757680
South Korea,KOR,1986,176297250
South Korea,KOR,1987,185358380
South Korea,KOR,1988,210953460
South Korea,KOR,1989,223510380
South Korea,KOR,1990,250510830
South Korea,KOR,1991,275688220
South Korea,KOR,1992,299905440
South Korea,KOR,1993,330173950
South Korea,KOR,1994,355694820
South Korea,KOR,1995,383665470
South Korea,KOR,1996,420996060
South Korea,KOR,1997,444967600
South Korea,KOR,1998,378037800
South Korea,KOR,1999,410518800
South Korea,KOR,2000,439980670
South Korea,KOR,2001,455630660
South Korea,KOR,2002,476064900
South Korea,KOR,2003,485212800
South Korea,KOR,2004,491389440
South Korea,KOR,2005,498688300
South Korea,KOR,2006,503478180
South Korea,KOR,2007,521708740
South Korea,KOR,2008,532650750
South Korea,KOR,2009,537819840
South Korea,KOR,2010,594339140
South Korea,KOR,2011,623442800
South Korea,KOR,2012,627943040
South Korea,KOR,2013,634580700
South Korea,KOR,2014,629366460
South Korea,KOR,2015,634177300
South Korea,KOR,2016,637914050
South Korea,KOR,2017,654537300
South Korea,KOR,2018,670168700
South Korea,KOR,2019,646102200
South Korea,KOR,2020,597634300
South Korea,KOR,2021,616075000
South Korea,KOR,2022,606877250
South Korea,KOR,2023,589178500
South Korea,KOR,2024,583679170
South Sudan,SSD,1965,195272
South Sudan,SSD,1966,212675
South Sudan,SSD,1967,256331
South Sudan,SSD,1968,249842
South Sudan,SSD,1969,336564
South Sudan,SSD,1970,390544
South Sudan,SSD,1971,400868
South Sudan,SSD,1972,432725
South Sudan,SSD,1973,436560
South Sudan,SSD,1974,457208
South Sudan,SSD,1975,340988
South Sudan,SSD,1976,302052
South Sudan,SSD,1977,306182
South Sudan,SSD,1978,276684
South Sudan,SSD,1979,287303
South Sudan,SSD,1980,301462
South Sudan,SSD,1981,292908
South Sudan,SSD,1982,307952
South Sudan,SSD,1983,314441
South Sudan,SSD,1984,281994
South Sudan,SSD,1985,327715
South Sudan,SSD,1986,341873
South Sudan,SSD,1987,269605
South Sudan,SSD,1988,389954
South Sudan,SSD,1989,302347
South Sudan,SSD,1990,419451
South Sudan,SSD,1991,392904
South Sudan,SSD,1992,351313
South Sudan,SSD,1993,242173
South Sudan,SSD,1994,333024
South Sudan,SSD,1995,344233
South Sudan,SSD,1996,355147
South Sudan,SSD,1997,434790
South Sudan,SSD,1998,376975
South Sudan,SSD,1999,408832
South Sudan,SSD,2000,444524
South Sudan,SSD,2001,511483
South Sudan,SSD,2002,651890
South Sudan,SSD,2003,728288
South Sudan,SSD,2004,920315
South Sudan,SSD,2005,881673
South Sudan,SSD,2006,965446
South Sudan,SSD,2007,1134170
South Sudan,SSD,2008,1197884
South Sudan,SSD,2009,1247735
South Sudan,SSD,2010,1269563
South Sudan,SSD,2011,1238590
South Sudan,SSD,2012,1330032
South Sudan,SSD,2013,1443616
South Sudan,SSD,2014,1498576
South Sudan,SSD,2015,1912608
South Sudan,SSD,2016,1703760
South Sudan,SSD,2017,1454608
South Sudan,SSD,2018,1736736
South Sudan,SSD,2019,1769712
South Sudan,SSD,2020,1707424
South Sudan,SSD,2021,1740400
South Sudan,SSD,2022,1634144
South Sudan,SSD,2023,1666291
South Sudan,SSD,2024,1695552
Spain,ESP,1965,71020450
Spain,ESP,1966,77617016
Spain,ESP,1967,86393976
Spain,ESP,1968,97006240
Spain,ESP,1969,96729000
Spain,ESP,1970,116766220
Spain,ESP,1971,128458560
Spain,ESP,1972,144716020
Spain,ESP,1973,154957340
Spain,ESP,1974,172665700
Spain,ESP,1975,181053860
Spain,ESP,1976,197749380
Spain,ESP,1977,194829090
Spain,ESP,1978,199513870
Spain,ESP,1979,202746540
Spain,ESP,1980,213915330
Spain,ESP,1981,206099620
Spain,ESP,1982,208594860
Spain,ESP,1983,203446140
Spain,ESP,1984,197707500
Spain,ESP,1985,199942610
Spain,ESP,1986,189123660
Spain,ESP,1987,189515380
Spain,ESP,1988,197461570
Spain,ESP,1989,224892960
Spain,ESP,1990,229382620
Spain,ESP,1991,239290670
Spain,ESP,1992,247686580
Spain,ESP,1993,239099310
Spain,ESP,1994,251388200
Spain,ESP,1995,265068580
Spain,ESP,1996,252561920
Spain,ESP,1997,264899440
Spain,ESP,1998,273649820
Spain,ESP,1999,297024900
Spain,ESP,2000,309259520
Spain,ESP,2001,311031300
Spain,ESP,2002,331028200
Spain,ESP,2003,335538900
Spain,ESP,2004,352139300
Spain,ESP,2005,367447070
Spain,ESP,2006,358869470
Spain,ESP,2007,366468500
Spain,ESP,2008,335284450
Spain,ESP,2009,296159330
Spain,ESP,2010,282585100
Spain,ESP,2011,283275040
Spain,ESP,2012,277432160
Spain,ESP,2013,252109170
Spain,ESP,2014,253657840
Spain,ESP,2015,270248030
Spain,ESP,2016,259554690
Spain,ESP,2017,273483870
Spain,ESP,2018,268520600
Spain,ESP,2019,250673650
Spain,ESP,2020,211764740
Spain,ESP,2021,228805710
Spain,ESP,2022,234223470
Spain,ESP,2023,215460750
Spain,ESP,2024,220341280
Sri Lanka,LKA,1965,2656043
Sri Lanka,LKA,1966,2659737
Sri Lanka,LKA,1967,2945083
Sri Lanka,LKA,1968,3238085
Sri Lanka,LKA,1969,4315063
Sri Lanka,LKA,1970,3593077
Sri Lanka,LKA,1971,3190437
Sri Lanka,LKA,1972,3531828
Sri Lanka,LKA,1973,3674353
Sri Lanka,LKA,1974,2914425
Sri Lanka,LKA,1975,2877567
Sri Lanka,LKA,1976,2780990
Sri Lanka,LKA,1977,2895595
Sri Lanka,LKA,1978,3409202
Sri Lanka,LKA,1979,3780396
Sri Lanka,LKA,1980,3359822
Sri Lanka,LKA,1981,3972083
Sri Lanka,LKA,1982,4431675
Sri Lanka,LKA,1983,4826210
Sri Lanka,LKA,1984,3822768
Sri Lanka,LKA,1985,3880360
Sri Lanka,LKA,1986,3622832
Sri Lanka,LKA,1987,3988183
Sri Lanka,LKA,1988,3429972
Sri Lanka,LKA,1989,3419502
Sri Lanka,LKA,1990,3802257
Sri Lanka,LKA,1991,4106687
Sri Lanka,LKA,1992,5035799
Sri Lanka,LKA,1993,4912021
Sri Lanka,LKA,1994,5341534
Sri Lanka,LKA,1995,5717072
Sri Lanka,LKA,1996,6862750
Sri Lanka,LKA,1997,7400961
Sri Lanka,LKA,1998,7621323
Sri Lanka,LKA,1999,8381354.5
Sri Lanka,LKA,2000,9990373
Sri Lanka,LKA,2001,10157687
Sri Lanka,LKA,2002,10786742
Sri Lanka,LKA,2003,10761433
Sri Lanka,LKA,2004,11908245
Sri Lanka,LKA,2005,11669749
Sri Lanka,LKA,2006,11502950
Sri Lanka,LKA,2007,11843646
Sri Lanka,LKA,2008,11648252
Sri Lanka,LKA,2009,12572465
Sri Lanka,LKA,2010,12696774
Sri Lanka,LKA,2011,14476176
Sri Lanka,LKA,2012,15389400
Sri Lanka,LKA,2013,14143107
Sri Lanka,LKA,2014,17076016
Sri Lanka,LKA,2015,19178976
Sri Lanka,LKA,2016,22339186
Sri Lanka,LKA,2017,22167978
Sri Lanka,LKA,2018,20136762
Sri Lanka,LKA,2019,21105576
Sri Lanka,LKA,2020,20412408
Sri Lanka,LKA,2021,20823088
Sri Lanka,LKA,2022,18376960
Sri Lanka,LKA,2023,19166020
Sri Lanka,LKA,2024,20825544
Sudan,SDN,1965,2230076
Sudan,SDN,1966,2428788
Sudan,SDN,1967,2927323
Sudan,SDN,1968,2853163
Sudan,SDN,1969,3843599
Sudan,SDN,1970,4460173
Sudan,SDN,1971,4577987
Sudan,SDN,1972,4941925
Sudan,SDN,1973,4985600
Sudan,SDN,1974,5221165
Sudan,SDN,1975,3894011
Sudan,SDN,1976,3448778
Sudan,SDN,1977,3494992
Sudan,SDN,1978,3156393
Sudan,SDN,1979,3276787
Sudan,SDN,1980,3437465
Sudan,SDN,1981,3340071
Sudan,SDN,1982,3509513
Sudan,SDN,1983,3581894
Sudan,SDN,1984,3211361
Sudan,SDN,1985,3731697
Sudan,SDN,1986,3895185
Sudan,SDN,1987,3070497
Sudan,SDN,1988,4443235
Sudan,SDN,1989,3441250
Sudan,SDN,1990,4783365
Sudan,SDN,1991,4480046
Sudan,SDN,1992,4001423
Sudan,SDN,1993,2754720
Sudan,SDN,1994,3837880
Sudan,SDN,1995,3962518
Sudan,SDN,1996,4096000.2
Sudan,SDN,1997,5022669
Sudan,SDN,1998,4372377
Sudan,SDN,1999,4753427
Sudan,SDN,2000,5291619
Sudan,SDN,2001,6017579
Sudan,SDN,2002,7633643
Sudan,SDN,2003,8515383
Sudan,SDN,2004,10866064
Sudan,SDN,2005,10558223
Sudan,SDN,2006,11544718
Sudan,SDN,2007,13563847
Sudan,SDN,2008,14178917
Sudan,SDN,2009,14805259
Sudan,SDN,2010,15070048
Sudan,SDN,2011,14711459
Sudan,SDN,2012,15763022
Sudan,SDN,2013,17374260
Sudan,SDN,2014,13094856
Sudan,SDN,2015,14246501
Sudan,SDN,2016,19737254
Sudan,SDN,2017,20306166
Sudan,SDN,2018,20515954
Sudan,SDN,2019,22007006
Sudan,SDN,2020,19799938
Sudan,SDN,2021,19208158
Sudan,SDN,2022,17528614
Sudan,SDN,2023,17715522
Sudan,SDN,2024,17794800
Suriname,SUR,1965,795088
Suriname,SUR,1966,1095536
Suriname,SUR,1967,1333696
Suriname,SUR,1968,1450944
Suriname,SUR,1969,1520560
Suriname,SUR,1970,1608496
Suriname,SUR,1971,1714544
Suriname,SUR,1972,1743826
Suriname,SUR,1973,2106562
Suriname,SUR,1974,1600990
Suriname,SUR,1975,2018745
Suriname,SUR,1976,1996593
Suriname,SUR,1977,1897639
Suriname,SUR,1978,2392085
Suriname,SUR,1979,2293067
Suriname,SUR,1980,2369837
Suriname,SUR,1981,2028883.9
Suriname,SUR,1982,1871221
Suriname,SUR,1983,1372805
Suriname,SUR,1984,1552621
Suriname,SUR,1985,1596510
Suriname,SUR,1986,1757648
Suriname,SUR,1987,1757569
Suriname,SUR,1988,1874739
Suriname,SUR,1989,1852676
Suriname,SUR,1990,1738322
Suriname,SUR,1991,2024040
Suriname,SUR,1992,2031292.9
Suriname,SUR,1993,2038547
Suriname,SUR,1994,2043128
Suriname,SUR,1995,2061358.9
Suriname,SUR,1996,2083254.1
Suriname,SUR,1997,2105148
Suriname,SUR,1998,2105059
Suriname,SUR,1999,2123290
Suriname,SUR,2000,2192817
Suriname,SUR,2001,2363459
Suriname,SUR,2002,1560797
Suriname,SUR,2003,1538688
Suriname,SUR,2004,1553159
Suriname,SUR,2005,1585950
Suriname,SUR,2006,1740003
Suriname,SUR,2007,1757999
Suriname,SUR,2008,1940942
Suriname,SUR,2009,1989071
Suriname,SUR,2010,2375395
Suriname,SUR,2011,2757942
Suriname,SUR,2012,2493797
Suriname,SUR,2013,3151425
Suriname,SUR,2014,3200926
Suriname,SUR,2015,2713620
Suriname,SUR,2016,2913528
Suriname,SUR,2017,2430184
Suriname,SUR,2018,2093096
Suriname,SUR,2019,2632313
Suriname,SUR,2020,2921822
Suriname,SUR,2021,2646994
Suriname,SUR,2022,2827580
Suriname,SUR,2023,2868587
Suriname,SUR,2024,2987768
Sweden,SWE,1965,62565764
Sweden,SWE,1966,72517360
Sweden,SWE,1967,68929740
Sweden,SWE,1968,77609600
Sweden,SWE,1969,86384710
Sweden,SWE,1970,92287020
Sweden,SWE,1971,84508860
Sweden,SWE,1972,84703224
Sweden,SWE,1973,87289530
Sweden,SWE,1974,79822840
Sweden,SWE,1975,80760184
Sweden,SWE,1976,88240910
Sweden,SWE,1977,85740390
Sweden,SWE,1978,79476536
Sweden,SWE,1979,84868580
Sweden,SWE,1980,71713690
Sweden,SWE,1981,69388504
Sweden,SWE,1982,62256744
Sweden,SWE,1983,58268316
Sweden,SWE,1984,57308090
Sweden,SWE,1985,62364010
Sweden,SWE,1986,62009780
Sweden,SWE,1987,59694708
Sweden,SWE,1988,57425120
Sweden,SWE,1989,55520856
Sweden,SWE,1990,57416508
Sweden,SWE,1991,57663956
Sweden,SWE,1992,57509810
Sweden,SWE,1993,57516756
Sweden,SWE,1994,59997400
Sweden,SWE,1995,59487264
Sweden,SWE,1996,63349024
Sweden,SWE,1997,58355300
Sweden,SWE,1998,58767172
Sweden,SWE,1999,55936620
Sweden,SWE,2000,54892390
Sweden,SWE,2001,55782308
Sweden,SWE,2002,56633796
Sweden,SWE,2003,57220990
Sweden,SWE,2004,56427524
Sweden,SWE,2005,53787480
Sweden,SWE,2006,53650844
Sweden,SWE,2007,52878800
Sweden,SWE,2008,50765440
Sweden,SWE,2009,47143308
Sweden,SWE,2010,53028584
Sweden,SWE,2011,49113770
Sweden,SWE,2012,46606916
Sweden,SWE,2013,45105884
Sweden,SWE,2014,43384748
Sweden,SWE,2015,43310144
Sweden,SWE,2016,43308376
Sweden,SWE,2017,42355424
Sweden,SWE,2018,41856004
Sweden,SWE,2019,40772480
Sweden,SWE,2020,36622220
Sweden,SWE,2021,38567984
Sweden,SWE,2022,36342156
Sweden,SWE,2023,36708596
Sweden,SWE,2024,38096652
Switzerland,CHE,1965,30339928
Switzerland,CHE,1966,31496590
Switzerland,CHE,1967,32527000
Switzerland,CHE,1968,35988656
Switzerland,CHE,1969,38054292
Switzerland,CHE,1970,40251650
Switzerland,CHE,1971,41893804
Switzerland,CHE,1972,42916236
Switzerland,CHE,1973,46204920
Switzerland,CHE,1974,41424548
Switzerland,CHE,1975,39049480
Switzerland,CHE,1976,40434612
Switzerland,CHE,1977,41030724
Switzerland,CHE,1978,42165060
Switzerland,CHE,1979,39858028
Switzerland,CHE,1980,40481760
Switzerland,CHE,1981,38801984
Switzerland,CHE,1982,36574908
Switzerland,CHE,1983,40010620
Switzerland,CHE,1984,39111670
Switzerland,CHE,1985,39762296
Switzerland,CHE,1986,42226090
Switzerland,CHE,1987,40182140
Switzerland,CHE,1988,40639790
Switzerland,CHE,1989,39388520
Switzerland,CHE,1990,44148692
Switzerland,CHE,1991,46130730
Switzerland,CHE,1992,46018068
Switzerland,CHE,1993,43609670
Switzerland,CHE,1994,42667984
Switzerland,CHE,1995,43413744
Switzerland,CHE,1996,44106828
Switzerland,CHE,1997,43046316
Switzerland,CHE,1998,44622480
Switzerland,CHE,1999,44446548
Switzerland,CHE,2000,43620510
Switzerland,CHE,2001,45084900
Switzerland,CHE,2002,43467076
Switzerland,CHE,2003,44650652
Switzerland,CHE,2004,45231136
Switzerland,CHE,2005,45776116
Switzerland,CHE,2006,45364932
Switzerland,CHE,2007,43359412
Switzerland,CHE,2008,44700870
Switzerland,CHE,2009,43525850
Switzerland,CHE,2010,45033684
Switzerland,CHE,2011,40973228
Switzerland,CHE,2012,42242188
Switzerland,CHE,2013,43182930
Switzerland,CHE,2014,39244148
Switzerland,CHE,2015,38756060
Switzerland,CHE,2016,39224776
Switzerland,CHE,2017,38234000
Switzerland,CHE,2018,36945068
Switzerland,CHE,2019,36822244
Switzerland,CHE,2020,34343256
Switzerland,CHE,2021,35902450
Switzerland,CHE,2022,32950562
Switzerland,CHE,2023,31977486
Switzerland,CHE,2024,32071708
Syria,SYR,1965,3672258
Syria,SYR,1966,4910928
Syria,SYR,1967,4603211
Syria,SYR,1968,5953950
Syria,SYR,1969,7232626
Syria,SYR,1970,6649929
Syria,SYR,1971,8874187
Syria,SYR,1972,7756279
Syria,SYR,1973,7885176
Syria,SYR,1974,9654411
Syria,SYR,1975,11171188
Syria,SYR,1976,13741780
Syria,SYR,1977,14644018
Syria,SYR,1978,15199352
Syria,SYR,1979,22515414
Syria,SYR,1980,20768284
Syria,SYR,1981,26592634
Syria,SYR,1982,24440308
Syria,SYR,1983,27895590
Syria,SYR,1984,33009784
Syria,SYR,1985,29568652
Syria,SYR,1986,31266036
Syria,SYR,1987,36136612
Syria,SYR,1988,36859892
Syria,SYR,1989,34475828
Syria,SYR,1990,37264530
Syria,SYR,1991,42424696
Syria,SYR,1992,42803370
Syria,SYR,1993,45521532
Syria,SYR,1994,45956020
Syria,SYR,1995,46391916
Syria,SYR,1996,47445684
Syria,SYR,1997,49605196
Syria,SYR,1998,53496292
Syria,SYR,1999,55534080
Syria,SYR,2000,54526780
Syria,SYR,2001,51342884
Syria,SYR,2002,40726880
Syria,SYR,2003,55377304
Syria,SYR,2004,51691510
Syria,SYR,2005,51161764
Syria,SYR,2006,54039970
Syria,SYR,2007,66972530
Syria,SYR,2008,68084080
Syria,SYR,2009,63261240
Syria,SYR,2010,62057320
Syria,SYR,2011,59078228
Syria,SYR,2012,46338510
Syria,SYR,2013,34256524
Syria,SYR,2014,34869310
Syria,SYR,2015,31115404
Syria,SYR,2016,29162014
Syria,SYR,2017,34473470
Syria,SYR,2018,31771348
Syria,SYR,2019,33491608
Syria,SYR,2020,32344418
Syria,SYR,2021,32508500
Syria,SYR,2022,31423332
Syria,SYR,2023,31673644
Syria,SYR,2024,31778448
Taiwan,TWN,1965,17844806
Taiwan,TWN,1966,19461588
Taiwan,TWN,1967,21969916
Taiwan,TWN,1968,24140614
Taiwan,TWN,1969,26290996
Taiwan,TWN,1970,28734026
Taiwan,TWN,1971,31474938
Taiwan,TWN,1972,35871812
Taiwan,TWN,1973,40244864
Taiwan,TWN,1974,39309716
Taiwan,TWN,1975,43454064
Taiwan,TWN,1976,56100036
Taiwan,TWN,1977,61129988
Taiwan,TWN,1978,71027624
Taiwan,TWN,1979,75765810
Taiwan,TWN,1980,83514630
Taiwan,TWN,1981,75051900
Taiwan,TWN,1982,70034650
Taiwan,TWN,1983,76553360
Taiwan,TWN,1984,77606270
Taiwan,TWN,1985,76449160
Taiwan,TWN,1986,86161976
Taiwan,TWN,1987,90519460
Taiwan,TWN,1988,106379700
Taiwan,TWN,1989,115009890
Taiwan,TWN,1990,124258000
Taiwan,TWN,1991,133631000
Taiwan,TWN,1992,142432000
Taiwan,TWN,1993,154046000
Taiwan,TWN,1994,161564000
Taiwan,TWN,1995,170064000
Taiwan,TWN,1996,178059000
Taiwan,TWN,1997,190782000
Taiwan,TWN,1998,200546000
Taiwan,TWN,1999,208022990
Taiwan,TWN,2000,226934000
Taiwan,TWN,2001,231430990
Taiwan,TWN,2002,238567000
Taiwan,TWN,2003,249129000
Taiwan,TWN,2004,259367000
Taiwan,TWN,2005,266888000
Taiwan,TWN,2006,276552000
Taiwan,TWN,2007,280080000
Taiwan,TWN,2008,266975000
Taiwan,TWN,2009,253028000
Taiwan,TWN,2010,270717980
Taiwan,TWN,2011,276771000
Taiwan,TWN,2012,273282020
Taiwan,TWN,2013,274576000
Taiwan,TWN,2014,276959000
Taiwan,TWN,2015,276264000
Taiwan,TWN,2016,280197000
Taiwan,TWN,2017,285736000
Taiwan,TWN,2018,284151000
Taiwan,TWN,2019,274704000
Taiwan,TWN,2020,272464200
Taiwan,TWN,2021,283820930
Taiwan,TWN,2022,273988830
Taiwan,TWN,2023,267126800
Taiwan,TWN,2024,262344820
Tajikistan,TJK,1965,6183966
Tajikistan,TJK,1966,6531586
Tajikistan,TJK,1967,6833329
Tajikistan,TJK,1968,7028845
Tajikistan,TJK,1969,7322904
Tajikistan,TJK,1970,7703949
Tajikistan,TJK,1971,8190111
Tajikistan,TJK,1972,8632560
Tajikistan,TJK,1973,9014295
Tajikistan,TJK,1974,9376161
Tajikistan,TJK,1975,9872945
Tajikistan,TJK,1976,10261751
Tajikistan,TJK,1977,10621491
Tajikistan,TJK,1978,10997285
Tajikistan,TJK,1979,11093249
Tajikistan,TJK,1980,11535487
Tajikistan,TJK,1981,11339389
Tajikistan,TJK,1982,11557916
Tajikistan,TJK,1983,11738964
Tajikistan,TJK,1984,11856430
Tajikistan,TJK,1985,12778886
Tajikistan,TJK,1986,12349876
Tajikistan,TJK,1987,12017725
Tajikistan,TJK,1988,12968354
Tajikistan,TJK,1989,12856128
Tajikistan,TJK,1990,12306644
Tajikistan,TJK,1991,10015058
Tajikistan,TJK,1992,7332642
Tajikistan,TJK,1993,5152616
Tajikistan,TJK,1994,2345055
Tajikistan,TJK,1995,2434788
Tajikistan,TJK,1996,2823650
Tajikistan,TJK,1997,2150430
Tajikistan,TJK,1998,2496600
Tajikistan,TJK,1999,2518913
Tajikistan,TJK,2000,2236463
Tajikistan,TJK,2001,2287397
Tajikistan,TJK,2002,1872401
Tajikistan,TJK,2003,2071703.9
Tajikistan,TJK,2004,2561510
Tajikistan,TJK,2005,2440518
Tajikistan,TJK,2006,2656229
Tajikistan,TJK,2007,3228767
Tajikistan,TJK,2008,2897018
Tajikistan,TJK,2009,2444954
Tajikistan,TJK,2010,2534786
Tajikistan,TJK,2011,2342442
Tajikistan,TJK,2012,2934480
Tajikistan,TJK,2013,2908285
Tajikistan,TJK,2014,4606222
Tajikistan,TJK,2015,5306567
Tajikistan,TJK,2016,6015884
Tajikistan,TJK,2017,6879488
Tajikistan,TJK,2018,8080877.5
Tajikistan,TJK,2019,8714168
Tajikistan,TJK,2020,9423311
Tajikistan,TJK,2021,9384338
Tajikistan,TJK,2022,10520923
Tajikistan,TJK,2023,10264285
Tajikistan,TJK,2024,10739768
Tanzania,TZA,1965,1161488
Tanzania,TZA,1966,1370129
Tanzania,TZA,1967,1758126
Tanzania,TZA,1968,1651841
Tanzania,TZA,1969,1794677
Tanzania,TZA,1970,1765365
Tanzania,TZA,1971,2461495
Tanzania,TZA,1972,2164473
Tanzania,TZA,1973,3182738
Tanzania,TZA,1974,2303467
Tanzania,TZA,1975,2281601
Tanzania,TZA,1976,2785968
Tanzania,TZA,1977,2007622
Tanzania,TZA,1978,2197332
Tanzania,TZA,1979,2062789.9
Tanzania,TZA,1980,1873642
Tanzania,TZA,1981,2106825
Tanzania,TZA,1982,2148300
Tanzania,TZA,1983,2196304
Tanzania,TZA,1984,2346983
Tanzania,TZA,1985,2337900
Tanzania,TZA,1986,2277593
Tanzania,TZA,1987,2367510
Tanzania,TZA,1988,2271686
Tanzania,TZA,1989,2161598
Tanzania,TZA,1990,2112309
Tanzania,TZA,1991,2255268
Tanzania,TZA,1992,2177588
Tanzania,TZA,1993,2426036
Tanzania,TZA,1994,2063123
Tanzania,TZA,1995,2433890
Tanzania,TZA,1996,2526706
Tanzania,TZA,1997,2824358
Tanzania,TZA,1998,2480937
Tanzania,TZA,1999,2458755
Tanzania,TZA,2000,2571821
Tanzania,TZA,2001,3040810
Tanzania,TZA,2002,3485616
Tanzania,TZA,2003,3687241
Tanzania,TZA,2004,4221283
Tanzania,TZA,2005,5355817
Tanzania,TZA,2006,5876241
Tanzania,TZA,2007,5706146
Tanzania,TZA,2008,5988669
Tanzania,TZA,2009,5807482
Tanzania,TZA,2010,7194109
Tanzania,TZA,2011,8440309
Tanzania,TZA,2012,10367499
Tanzania,TZA,2013,11251474
Tanzania,TZA,2014,10997434
Tanzania,TZA,2015,12782672
Tanzania,TZA,2016,13529452
Tanzania,TZA,2017,13513487
Tanzania,TZA,2018,14233063
Tanzania,TZA,2019,16190849
Tanzania,TZA,2020,15952437
Tanzania,TZA,2021,17677692
Tanzania,TZA,2022,19702384
Tanzania,TZA,2023,20309608
Tanzania,TZA,2024,20018364
Thailand,THA,1965,7444910
Thailand,THA,1966,9471130
Thailand,THA,1967,12156816
Thailand,THA,1968,17083320
Thailand,THA,1969,14548664
Thailand,THA,1970,15362163
Thailand,THA,1971,19212778
Thailand,THA,1972,21771114
Thailand,THA,1973,24357124
Thailand,THA,1974,24116400
Thailand,THA,1975,24253886
Thailand,THA,1976,28564168
Thailand,THA,1977,31877632
Thailand,THA,1978,34760056
Thailand,THA,1979,36395600
Thailand,THA,1980,39750508
Thailand,THA,1981,37540532
Thailand,THA,1982,37357036
Thailand,THA,1983,41784588
Thailand,THA,1984,45154650
Thailand,THA,1985,47865170
Thailand,THA,1986,48969828
Thailand,THA,1987,53814388
Thailand,THA,1988,60731536
Thailand,THA,1989,71695896
Thailand,THA,1990,86563260
Thailand,THA,1991,95044824
Thailand,THA,1992,105513450
Thailand,THA,1993,121855060
Thailand,THA,1994,136870030
Thailand,THA,1995,153650030
Thailand,THA,1996,173565810
Thailand,THA,1997,181202740
Thailand,THA,1998,159704030
Thailand,THA,1999,167234700
Thailand,THA,2000,167352160
Thailand,THA,2001,172266830
Thailand,THA,2002,184665470
Thailand,THA,2003,191087740
Thailand,THA,2004,207330690
Thailand,THA,2005,214325150
Thailand,THA,2006,215824660
Thailand,THA,2007,224082560
Thailand,THA,2008,224248750
Thailand,THA,2009,228836220
Thailand,THA,2010,241018980
Thailand,THA,2011,244878160
Thailand,THA,2012,262347660
Thailand,THA,2013,263753500
Thailand,THA,2014,272487650
Thailand,THA,2015,277098720
Thailand,THA,2016,284045470
Thailand,THA,2017,283347620
Thailand,THA,2018,288304900
Thailand,THA,2019,281877440
Thailand,THA,2020,271923300
Thailand,THA,2021,267141810
Thailand,THA,2022,272573380
Thailand,THA,2023,264733680
Thailand,THA,2024,267760200
Togo,TGO,1965,131904
Togo,TGO,1966,179536
Togo,TGO,1967,197856
Togo,TGO,1968,194192
Togo,TGO,1969,241824
Togo,TGO,1970,274800
Togo,TGO,1971,315104
Togo,TGO,1972,404950
Togo,TGO,1973,411639
Togo,TGO,1974,390468
Togo,TGO,1975,311440
Togo,TGO,1976,322432
Togo,TGO,1977,461664
Togo,TGO,1978,355408
Togo,TGO,1979,1381328
Togo,TGO,1980,794433
Togo,TGO,1981,706484
Togo,TGO,1982,817874
Togo,TGO,1983,623627
Togo,TGO,1984,694581
Togo,TGO,1985,659031
Togo,TGO,1986,847915
Togo,TGO,1987,924976
Togo,TGO,1988,963449
Togo,TGO,1989,1024183.06
Togo,TGO,1990,977644
Togo,TGO,1991,1049806
Togo,TGO,1992,1030496
Togo,TGO,1993,1068807
Togo,TGO,1994,1006679.06
Togo,TGO,1995,1174741
Togo,TGO,1996,1265171
Togo,TGO,1997,878986
Togo,TGO,1998,1289967
Togo,TGO,1999,1850434
Togo,TGO,2000,1331372
Togo,TGO,2001,1158913
Togo,TGO,2002,1322471
Togo,TGO,2003,1804731
Togo,TGO,2004,1743929
Togo,TGO,2005,1721591
Togo,TGO,2006,1500506
Togo,TGO,2007,1516752
Togo,TGO,2008,1522778
Togo,TGO,2009,2535654
Togo,TGO,2010,2595698
Togo,TGO,2011,2503920
Togo,TGO,2012,2215629
Togo,TGO,2013,1635224
Togo,TGO,2014,1490602
Togo,TGO,2015,1798361
Togo,TGO,2016,2292640
Togo,TGO,2017,1911982
Togo,TGO,2018,2033828
Togo,TGO,2019,2363701
Togo,TGO,2020,2751282
Togo,TGO,2021,2620181
Togo,TGO,2022,2738667
Togo,TGO,2023,2671013
Togo,TGO,2024,2753585
Tonga,TON,1965,10992
Tonga,TON,1966,10992
Tonga,TON,1967,14656
Tonga,TON,1968,14656
Tonga,TON,1969,10992
Tonga,TON,1970,25648
Tonga,TON,1971,18320
Tonga,TON,1972,21984
Tonga,TON,1973,25648
Tonga,TON,1974,21984
Tonga,TON,1975,32976
Tonga,TON,1976,29312
Tonga,TON,1977,29312
Tonga,TON,1978,36640
Tonga,TON,1979,40304
Tonga,TON,1980,40304
Tonga,TON,1981,47632
Tonga,TON,1982,43968
Tonga,TON,1983,47632
Tonga,TON,1984,47632
Tonga,TON,1985,47632
Tonga,TON,1986,47632
Tonga,TON,1987,54960
Tonga,TON,1988,69616
Tonga,TON,1989,69616
Tonga,TON,1990,80608
Tonga,TON,1991,87936
Tonga,TON,1992,73280
Tonga,TON,1993,84272
Tonga,TON,1994,87936
Tonga,TON,1995,95264
Tonga,TON,1996,76944
Tonga,TON,1997,95264
Tonga,TON,1998,91600
Tonga,TON,1999,109920
Tonga,TON,2000,98928
Tonga,TON,2001,91600
Tonga,TON,2002,95264
Tonga,TON,2003,117248
Tonga,TON,2004,113584
Tonga,TON,2005,113584
Tonga,TON,2006,128240.01
Tonga,TON,2007,113584
Tonga,TON,2008,106256
Tonga,TON,2009,120912
Tonga,TON,2010,117248
Tonga,TON,2011,106256
Tonga,TON,2012,106256
Tonga,TON,2013,109920
Tonga,TON,2014,106256
Tonga,TON,2015,106256
Tonga,TON,2016,139232
Tonga,TON,2017,142896
Tonga,TON,2018,131904
Tonga,TON,2019,161216
Tonga,TON,2020,139232
Tonga,TON,2021,139232
Tonga,TON,2022,146560
Tonga,TON,2023,145868
Tonga,TON,2024,152540
Trinidad and Tobago,TTO,1965,5191116
Trinidad and Tobago,TTO,1966,4051521.8
Trinidad and Tobago,TTO,1967,4634187
Trinidad and Tobago,TTO,1968,4036866.2
Trinidad and Tobago,TTO,1969,3901179
Trinidad and Tobago,TTO,1970,8990356
Trinidad and Tobago,TTO,1971,8096400.5
Trinidad and Tobago,TTO,1972,8235512.5
Trinidad and Tobago,TTO,1973,9389822
Trinidad and Tobago,TTO,1974,10042043
Trinidad and Tobago,TTO,1975,9613296
Trinidad and Tobago,TTO,1976,15910721
Trinidad and Tobago,TTO,1977,16159107
Trinidad and Tobago,TTO,1978,15311589
Trinidad and Tobago,TTO,1979,16706724
Trinidad and Tobago,TTO,1980,16919052
Trinidad and Tobago,TTO,1981,17242034
Trinidad and Tobago,TTO,1982,18404680
Trinidad and Tobago,TTO,1983,16274252
Trinidad and Tobago,TTO,1984,17502898
Trinidad and Tobago,TTO,1985,20721706
Trinidad and Tobago,TTO,1986,17353368
Trinidad and Tobago,TTO,1987,17487456
Trinidad and Tobago,TTO,1988,15831156
Trinidad and Tobago,TTO,1989,16102804
Trinidad and Tobago,TTO,1990,16978436
Trinidad and Tobago,TTO,1991,16964384
Trinidad and Tobago,TTO,1992,19098254
Trinidad and Tobago,TTO,1993,17405424
Trinidad and Tobago,TTO,1994,15342087
Trinidad and Tobago,TTO,1995,14724661
Trinidad and Tobago,TTO,1996,18448690
Trinidad and Tobago,TTO,1997,18899972
Trinidad and Tobago,TTO,1998,19892260
Trinidad and Tobago,TTO,1999,22580384
Trinidad and Tobago,TTO,2000,24350034
Trinidad and Tobago,TTO,2001,26739746
Trinidad and Tobago,TTO,2002,28682532
Trinidad and Tobago,TTO,2003,32369930
Trinidad and Tobago,TTO,2004,32688362
Trinidad and Tobago,TTO,2005,38204892
Trinidad and Tobago,TTO,2006,42707896
Trinidad and Tobago,TTO,2007,45563610
Trinidad and Tobago,TTO,2008,44442504
Trinidad and Tobago,TTO,2009,44417492
Trinidad and Tobago,TTO,2010,47092348
Trinidad and Tobago,TTO,2011,47043404
Trinidad and Tobago,TTO,2012,46159084
Trinidad and Tobago,TTO,2013,45799308
Trinidad and Tobago,TTO,2014,46865816
Trinidad and Tobago,TTO,2015,45533676
Trinidad and Tobago,TTO,2016,39867356
Trinidad and Tobago,TTO,2017,40296896
Trinidad and Tobago,TTO,2018,40307356
Trinidad and Tobago,TTO,2019,40754536
Trinidad and Tobago,TTO,2020,35043070
Trinidad and Tobago,TTO,2021,36388812
Trinidad and Tobago,TTO,2022,37492890
Trinidad and Tobago,TTO,2023,35535900
Trinidad and Tobago,TTO,2024,34576280
Tunisia,TUN,1965,2460363
Tunisia,TUN,1966,2881636
Tunisia,TUN,1967,3083186
Tunisia,TUN,1968,3592336
Tunisia,TUN,1969,3852094
Tunisia,TUN,1970,3738743
Tunisia,TUN,1971,4217535
Tunisia,TUN,1972,4752795
Tunisia,TUN,1973,4850214
Tunisia,TUN,1974,5428027
Tunisia,TUN,1975,5594051
Tunisia,TUN,1976,5891313
Tunisia,TUN,1977,6819224
Tunisia,TUN,1978,7602934
Tunisia,TUN,1979,8971873
Tunisia,TUN,1980,9783795
Tunisia,TUN,1981,10199789
Tunisia,TUN,1982,9877888
Tunisia,TUN,1983,11920065
Tunisia,TUN,1984,12193431
Tunisia,TUN,1985,12703786
Tunisia,TUN,1986,12861158
Tunisia,TUN,1987,12717348
Tunisia,TUN,1988,13436447
Tunisia,TUN,1989,14272725
Tunisia,TUN,1990,14622028
Tunisia,TUN,1991,16755327
Tunisia,TUN,1992,15843426
Tunisia,TUN,1993,17179850
Tunisia,TUN,1994,16760534
Tunisia,TUN,1995,16623121
Tunisia,TUN,1996,17211026
Tunisia,TUN,1997,17809592
Tunisia,TUN,1998,18292140
Tunisia,TUN,1999,18709196
Tunisia,TUN,2000,19435988
Tunisia,TUN,2001,20260558
Tunisia,TUN,2002,20380038
Tunisia,TUN,2003,21041520
Tunisia,TUN,2004,22144166
Tunisia,TUN,2005,22515908
Tunisia,TUN,2006,22914928
Tunisia,TUN,2007,24725204
Tunisia,TUN,2008,25453210
Tunisia,TUN,2009,25353396
Tunisia,TUN,2010,27899698
Tunisia,TUN,2011,26429208
Tunisia,TUN,2012,28194274
Tunisia,TUN,2013,28773252
Tunisia,TUN,2014,29874574
Tunisia,TUN,2015,31380538
Tunisia,TUN,2016,30971484
Tunisia,TUN,2017,31676916
Tunisia,TUN,2018,31121710
Tunisia,TUN,2019,30578564
Tunisia,TUN,2020,28844812
Tunisia,TUN,2021,31526714
Tunisia,TUN,2022,30784934
Tunisia,TUN,2023,31737824
Tunisia,TUN,2024,32663696
Turkey,TUR,1965,27352956
Turkey,TUR,1966,31505760
Turkey,TUR,1967,33479114
Turkey,TUR,1968,36265490
Turkey,TUR,1969,38752696
Turkey,TUR,1970,42579228
Turkey,TUR,1971,47644330
Turkey,TUR,1972,53735628
Turkey,TUR,1973,59331964
Turkey,TUR,1974,60961276
Turkey,TUR,1975,65463060
Turkey,TUR,1976,73420000
Turkey,TUR,1977,81199930
Turkey,TUR,1978,76814310
Turkey,TUR,1979,75139304
Turkey,TUR,1980,75317610
Turkey,TUR,1981,79321384
Turkey,TUR,1982,86361280
Turkey,TUR,1983,89956500
Turkey,TUR,1984,95093280
Turkey,TUR,1985,105877810
Turkey,TUR,1986,115872344
Turkey,TUR,1987,128747544
Turkey,TUR,1988,125064780
Turkey,TUR,1989,137932800
Turkey,TUR,1990,154572100
Turkey,TUR,1991,161125940
Turkey,TUR,1992,167234000
Turkey,TUR,1993,174291140
Turkey,TUR,1994,170592420
Turkey,TUR,1995,184674720
Turkey,TUR,1996,203097950
Turkey,TUR,1997,215511520
Turkey,TUR,1998,215585820
Turkey,TUR,1999,211238080
Turkey,TUR,2000,232933970
Turkey,TUR,2001,216872480
Turkey,TUR,2002,224319760
Turkey,TUR,2003,239848560
Turkey,TUR,2004,247843060
Turkey,TUR,2005,267710690
Turkey,TUR,2006,285429400
Turkey,TUR,2007,316497400
Turkey,TUR,2008,312628200
Turkey,TUR,2009,318567940
Turkey,TUR,2010,318710340
Turkey,TUR,2011,344214820
Turkey,TUR,2012,358644600
Turkey,TUR,2013,350633570
Turkey,TUR,2014,367271650
Turkey,TUR,2015,387703900
Turkey,TUR,2016,405552260
Turkey,TUR,2017,430621660
Turkey,TUR,2018,423818300
Turkey,TUR,2019,406567740
Turkey,TUR,2020,416328060
Turkey,TUR,2021,457377280
Turkey,TUR,2022,443602700
Turkey,TUR,2023,486944580
Turkey,TUR,2024,513034600
Turkmenistan,TKM,1965,15942327
Turkmenistan,TKM,1966,16843626
Turkmenistan,TKM,1967,17632662
Turkmenistan,TKM,1968,18149118
Turkmenistan,TKM,1969,18916528
Turkmenistan,TKM,1970,19883938
Turkmenistan,TKM,1971,21129266
Turkmenistan,TKM,1972,22248468
Turkmenistan,TKM,1973,23209826
Turkmenistan,TKM,1974,24117380
Turkmenistan,TKM,1975,25369430
Turkmenistan,TKM,1976,26343134
Turkmenistan,TKM,1977,27237472
Turkmenistan,TKM,1978,28178876
Turkmenistan,TKM,1979,28407752
Turkmenistan,TKM,1980,29510400
Turkmenistan,TKM,1981,28975788
Turkmenistan,TKM,1982,29521006
Turkmenistan,TKM,1983,29945186
Turkmenistan,TKM,1984,30215034
Turkmenistan,TKM,1985,32564168
Turkmenistan,TKM,1986,35820760
Turkmenistan,TKM,1987,36389050
Turkmenistan,TKM,1988,37200016
Turkmenistan,TKM,1989,37648692
Turkmenistan,TKM,1990,33361168
Turkmenistan,TKM,1991,30439246
Turkmenistan,TKM,1992,31994180
Turkmenistan,TKM,1993,27516396
Turkmenistan,TKM,1994,34216140
Turkmenistan,TKM,1995,34569176
Turkmenistan,TKM,1996,31654202
Turkmenistan,TKM,1997,31196074
Turkmenistan,TKM,1998,33445510
Turkmenistan,TKM,1999,39796908
Turkmenistan,TKM,2000,39361496
Turkmenistan,TKM,2001,34034184
Turkmenistan,TKM,2002,30130800
Turkmenistan,TKM,2003,40567560
Turkmenistan,TKM,2004,49355104
Turkmenistan,TKM,2005,47928664
Turkmenistan,TKM,2006,49499596
Turkmenistan,TKM,2007,49182930
Turkmenistan,TKM,2008,59438420
Turkmenistan,TKM,2009,52462364
Turkmenistan,TKM,2010,59184068
Turkmenistan,TKM,2011,65155076
Turkmenistan,TKM,2012,66938636
Turkmenistan,TKM,2013,64339644
Turkmenistan,TKM,2014,62799344
Turkmenistan,TKM,2015,63091676
Turkmenistan,TKM,2016,62090924
Turkmenistan,TKM,2017,62956572
Turkmenistan,TKM,2018,61301660
Turkmenistan,TKM,2019,62254216
Turkmenistan,TKM,2020,62904970
Turkmenistan,TKM,2021,91693640
Turkmenistan,TKM,2022,102062830
Turkmenistan,TKM,2023,95420770
Turkmenistan,TKM,2024,81005550
Turks and Caicos Islands,TCA,1990,58624
Turks and Caicos Islands,TCA,1991,62288
Turks and Caicos Islands,TCA,1992,62288
Turks and Caicos Islands,TCA,1993,65952
Turks and Caicos Islands,TCA,1994,69616
Turks and Caicos Islands,TCA,1995,73280
Turks and Caicos Islands,TCA,1996,73280
Turks and Caicos Islands,TCA,1997,84272
Turks and Caicos Islands,TCA,1998,87936
Turks and Caicos Islands,TCA,1999,98928
Turks and Caicos Islands,TCA,2000,106256
Turks and Caicos Islands,TCA,2001,113584
Turks and Caicos Islands,TCA,2002,150224
Turks and Caicos Islands,TCA,2003,153888
Turks and Caicos Islands,TCA,2004,161216
Turks and Caicos Islands,TCA,2005,186864
Turks and Caicos Islands,TCA,2006,216176
Turks and Caicos Islands,TCA,2007,252815.98
Turks and Caicos Islands,TCA,2008,263808
Turks and Caicos Islands,TCA,2009,274800
Turks and Caicos Islands,TCA,2010,282128
Turks and Caicos Islands,TCA,2011,282128
Turks and Caicos Islands,TCA,2012,282128
Turks and Caicos Islands,TCA,2013,285792
Turks and Caicos Islands,TCA,2014,307776
Turks and Caicos Islands,TCA,2015,315104
Turks and Caicos Islands,TCA,2016,326096
Turks and Caicos Islands,TCA,2017,351744
Turks and Caicos Islands,TCA,2018,359072
Turks and Caicos Islands,TCA,2019,362736
Turks and Caicos Islands,TCA,2020,359072
Turks and Caicos Islands,TCA,2021,366400
Turks and Caicos Islands,TCA,2022,365566
Turks and Caicos Islands,TCA,2023,364827
Turks and Caicos Islands,TCA,2024,378842
Tuvalu,TUV,1990,3664
Tuvalu,TUV,1991,3664
Tuvalu,TUV,1992,3664
Tuvalu,TUV,1993,7328
Tuvalu,TUV,1994,3664
Tuvalu,TUV,1995,3664
Tuvalu,TUV,1996,3664
Tuvalu,TUV,1997,7328
Tuvalu,TUV,1998,7328
Tuvalu,TUV,1999,7328
Tuvalu,TUV,2000,7328
Tuvalu,TUV,2001,7328
Tuvalu,TUV,2002,10992
Tuvalu,TUV,2003,10992
Tuvalu,TUV,2004,10992
Tuvalu,TUV,2005,10992
Tuvalu,TUV,2006,10992
Tuvalu,TUV,2007,10992
Tuvalu,TUV,2008,7328
Tuvalu,TUV,2009,10992
Tuvalu,TUV,2010,10992
Tuvalu,TUV,2011,10992
Tuvalu,TUV,2012,10992
Tuvalu,TUV,2013,7328
Tuvalu,TUV,2014,7328
Tuvalu,TUV,2015,7328
Tuvalu,TUV,2016,7328
Tuvalu,TUV,2017,7328
Tuvalu,TUV,2018,10992
Tuvalu,TUV,2019,10992
Tuvalu,TUV,2020,10992
Tuvalu,TUV,2021,10992
Tuvalu,TUV,2022,10992
Tuvalu,TUV,2023,10940
Tuvalu,TUV,2024,11440
Uganda,UGA,1965,626009
Uganda,UGA,1966,732325
Uganda,UGA,1967,809179
Uganda,UGA,1968,981328
Uganda,UGA,1969,1175431
Uganda,UGA,1970,1442843
Uganda,UGA,1971,1437743
Uganda,UGA,1972,1378383
Uganda,UGA,1973,1176441
Uganda,UGA,1974,1189710
Uganda,UGA,1975,1128594
Uganda,UGA,1976,985384
Uganda,UGA,1977,801967
Uganda,UGA,1978,695171
Uganda,UGA,1979,670871
Uganda,UGA,1980,629687
Uganda,UGA,1981,530709
Uganda,UGA,1982,544697
Uganda,UGA,1983,617209
Uganda,UGA,1984,580422
Uganda,UGA,1985,616914
Uganda,UGA,1986,701855
Uganda,UGA,1987,772238
Uganda,UGA,1988,862875
Uganda,UGA,1989,804152
Uganda,UGA,1990,760855
Uganda,UGA,1991,783469
Uganda,UGA,1992,801455
Uganda,UGA,1993,797457
Uganda,UGA,1994,711841
Uganda,UGA,1995,925485
Uganda,UGA,1996,1018092.06
Uganda,UGA,1997,1061946
Uganda,UGA,1998,1208757
Uganda,UGA,1999,1254724
Uganda,UGA,2000,1360870
Uganda,UGA,2001,1417088
Uganda,UGA,2002,1442557
Uganda,UGA,2003,1512745
Uganda,UGA,2004,1607486
Uganda,UGA,2005,2017941
Uganda,UGA,2006,2387050
Uganda,UGA,2007,2706326
Uganda,UGA,2008,2779614
Uganda,UGA,2009,2996134
Uganda,UGA,2010,3569619
Uganda,UGA,2011,3827733
Uganda,UGA,2012,3626987
Uganda,UGA,2013,3754530
Uganda,UGA,2014,4089666
Uganda,UGA,2015,4528549
Uganda,UGA,2016,4817419
Uganda,UGA,2017,5406202
Uganda,UGA,2018,5548649
Uganda,UGA,2019,5761237
Uganda,UGA,2020,5571384
Uganda,UGA,2021,6232327
Uganda,UGA,2022,6128251
Uganda,UGA,2023,6235861
Uganda,UGA,2024,6333810
Ukraine,UKR,1965,367247500
Ukraine,UKR,1966,387781000
Ukraine,UKR,1967,405413340
Ukraine,UKR,1968,416736670
Ukraine,UKR,1969,433970100
Ukraine,UKR,1970,456475800
Ukraine,UKR,1971,484371870
Ukraine,UKR,1972,509616450
Ukraine,UKR,1973,531096600
Ukraine,UKR,1974,551258400
Ukraine,UKR,1975,579427260
Ukraine,UKR,1976,601716160
Ukraine,UKR,1977,622134000
Ukraine,UKR,1978,643431500
Ukraine,UKR,1979,648771300
Ukraine,UKR,1980,674348900
Ukraine,UKR,1981,661273300
Ukraine,UKR,1982,673809200
Ukraine,UKR,1983,683290200
Ukraine,UKR,1984,689314370
Ukraine,UKR,1985,743672700
Ukraine,UKR,1986,740756030
Ukraine,UKR,1987,734118500
Ukraine,UKR,1988,727528300
Ukraine,UKR,1989,683856060
Ukraine,UKR,1990,706525700
Ukraine,UKR,1991,633193860
Ukraine,UKR,1992,589505200
Ukraine,UKR,1993,510495400
Ukraine,UKR,1994,419630270
Ukraine,UKR,1995,390173470
Ukraine,UKR,1996,351834200
Ukraine,UKR,1997,340586000
Ukraine,UKR,1998,328877980
Ukraine,UKR,1999,298635550
Ukraine,UKR,2000,285663500
Ukraine,UKR,2001,303876030
Ukraine,UKR,2002,295900900
Ukraine,UKR,2003,307245380
Ukraine,UKR,2004,310625760
Ukraine,UKR,2005,313512500
Ukraine,UKR,2006,333054200
Ukraine,UKR,2007,336828770
Ukraine,UKR,2008,325983400
Ukraine,UKR,2009,277593340
Ukraine,UKR,2010,294365800
Ukraine,UKR,2011,308376420
Ukraine,UKR,2012,304429900
Ukraine,UKR,2013,297540220
Ukraine,UKR,2014,257703060
Ukraine,UKR,2015,223849810
Ukraine,UKR,2016,234105650
Ukraine,UKR,2017,223287760
Ukraine,UKR,2018,231899980
Ukraine,UKR,2019,222187900
Ukraine,UKR,2020,207100640
Ukraine,UKR,2021,210636080
Ukraine,UKR,2022,143039870
Ukraine,UKR,2023,139325380
Ukraine,UKR,2024,142497860
United Arab Emirates,ARE,1965,21984
United Arab Emirates,ARE,1966,25648
United Arab Emirates,ARE,1967,916000
United Arab Emirates,ARE,1968,1242096
United Arab Emirates,ARE,1969,20507408
United Arab Emirates,ARE,1970,15234912
United Arab Emirates,ARE,1971,21166928
United Arab Emirates,ARE,1972,23434944
United Arab Emirates,ARE,1973,30605392
United Arab Emirates,ARE,1974,31301552
United Arab Emirates,ARE,1975,31045072
United Arab Emirates,ARE,1976,39617840
United Arab Emirates,ARE,1977,38752944
United Arab Emirates,ARE,1978,44769150
United Arab Emirates,ARE,1979,36567700
United Arab Emirates,ARE,1980,36859310
United Arab Emirates,ARE,1981,36810030
United Arab Emirates,ARE,1982,36817668
United Arab Emirates,ARE,1983,35289464
United Arab Emirates,ARE,1984,46306212
United Arab Emirates,ARE,1985,49828110
United Arab Emirates,ARE,1986,47156028
United Arab Emirates,ARE,1987,47605804
United Arab Emirates,ARE,1988,48273984
United Arab Emirates,ARE,1989,54384260
United Arab Emirates,ARE,1990,51907936
United Arab Emirates,ARE,1991,56895576
United Arab Emirates,ARE,1992,58005216
United Arab Emirates,ARE,1993,65832140
United Arab Emirates,ARE,1994,75350420
United Arab Emirates,ARE,1995,72873750
United Arab Emirates,ARE,1996,75836120
United Arab Emirates,ARE,1997,73297510
United Arab Emirates,ARE,1998,80624520
United Arab Emirates,ARE,1999,77844060
United Arab Emirates,ARE,2000,112276810
United Arab Emirates,ARE,2001,101895540
United Arab Emirates,ARE,2002,85213030
United Arab Emirates,ARE,2003,107105830
United Arab Emirates,ARE,2004,112468610
United Arab Emirates,ARE,2005,115273290
United Arab Emirates,ARE,2006,122723180
United Arab Emirates,ARE,2007,134103150
United Arab Emirates,ARE,2008,155030380
United Arab Emirates,ARE,2009,169088110
United Arab Emirates,ARE,2010,185848400
United Arab Emirates,ARE,2011,198518190
United Arab Emirates,ARE,2012,208323570
United Arab Emirates,ARE,2013,214188060
United Arab Emirates,ARE,2014,214530340
United Arab Emirates,ARE,2015,225044830
United Arab Emirates,ARE,2016,227897730
United Arab Emirates,ARE,2017,196492830
United Arab Emirates,ARE,2018,204104800
United Arab Emirates,ARE,2019,204058080
United Arab Emirates,ARE,2020,215266180
United Arab Emirates,ARE,2021,212172960
United Arab Emirates,ARE,2022,207103410
United Arab Emirates,ARE,2023,210425100
United Arab Emirates,ARE,2024,221988080
United Kingdom,GBR,1965,622115260
United Kingdom,GBR,1966,618078340
United Kingdom,GBR,1967,592064300
United Kingdom,GBR,1968,606495600
United Kingdom,GBR,1969,628389900
United Kingdom,GBR,1970,652584700
United Kingdom,GBR,1971,660395600
United Kingdom,GBR,1972,648033600
United Kingdom,GBR,1973,659584400
United Kingdom,GBR,1974,617187260
United Kingdom,GBR,1975,603254400
United Kingdom,GBR,1976,598533300
United Kingdom,GBR,1977,604369000
United Kingdom,GBR,1978,604728060
United Kingdom,GBR,1979,644509200
United Kingdom,GBR,1980,579039040
United Kingdom,GBR,1981,560547140
United Kingdom,GBR,1982,548229400
United Kingdom,GBR,1983,545474100
United Kingdom,GBR,1984,529097200
United Kingdom,GBR,1985,559634600
United Kingdom,GBR,1986,568568640
United Kingdom,GBR,1987,571649300
United Kingdom,GBR,1988,570279040
United Kingdom,GBR,1989,581561500
United Kingdom,GBR,1990,601945100
United Kingdom,GBR,1991,609412700
United Kingdom,GBR,1992,593845950
United Kingdom,GBR,1993,579612540
United Kingdom,GBR,1994,574016900
United Kingdom,GBR,1995,566158900
United Kingdom,GBR,1996,586760700
United Kingdom,GBR,1997,562708160
United Kingdom,GBR,1998,568543700
United Kingdom,GBR,1999,561649600
United Kingdom,GBR,2000,569033660
United Kingdom,GBR,2001,577970560
United Kingdom,GBR,2002,560273200
United Kingdom,GBR,2003,571618750
United Kingdom,GBR,2004,573429760
United Kingdom,GBR,2005,570338370
United Kingdom,GBR,2006,567845600
United Kingdom,GBR,2007,559566460
United Kingdom,GBR,2008,544932400
United Kingdom,GBR,2009,494107700
United Kingdom,GBR,2010,511904580
United Kingdom,GBR,2011,469713300
United Kingdom,GBR,2012,487476770
United Kingdom,GBR,2013,477611260
United Kingdom,GBR,2014,438807070
United Kingdom,GBR,2015,422460800
United Kingdom,GBR,2016,399430140
United Kingdom,GBR,2017,387367140
United Kingdom,GBR,2018,379729760
United Kingdom,GBR,2019,364753280
United Kingdom,GBR,2020,326263200
United Kingdom,GBR,2021,342365570
United Kingdom,GBR,2022,311118000
United Kingdom,GBR,2023,307826140
United Kingdom,GBR,2024,312905540
United States,USA,1965,3399539200
United States,USA,1966,3571417600
United States,USA,1967,3705461000
United States,USA,1968,3840923400
United States,USA,1969,4035156200
United States,USA,1970,4339704300
United States,USA,1971,4365483500
United States,USA,1972,4573033500
United States,USA,1973,4777725000
United States,USA,1974,4608462300
United States,USA,1975,4414455300
United States,USA,1976,4621539000
United States,USA,1977,4749501000
United States,USA,1978,4897339000
United States,USA,1979,4908766000
United States,USA,1980,4730218500
United States,USA,1981,4543633400
United States,USA,1982,4311918600
United States,USA,1983,4346381000
United States,USA,1984,4479379500
United States,USA,1985,4495378400
United States,USA,1986,4498135600
United States,USA,1987,4691930000
United States,USA,1988,4897776000
United States,USA,1989,4960237600
United States,USA,1990,5131760600
United States,USA,1991,5076412400
United States,USA,1992,5178769400
United States,USA,1993,5279520300
United States,USA,1994,5361863000
United States,USA,1995,5425837600
United States,USA,1996,5601094000
United States,USA,1997,5673144000
United States,USA,1998,5736360000
United States,USA,1999,5800281000
United States,USA,2000,6023158000
United States,USA,2001,5903562000
United States,USA,2002,5947819500
United States,USA,2003,6006440000
United States,USA,2004,6111545000
United States,USA,2005,6126903300
United States,USA,2006,6045326300
United States,USA,2007,6121542700
United States,USA,2008,5919221000
United States,USA,2009,5486104000
United States,USA,2010,5669250000
United States,USA,2011,5538973000
United States,USA,2012,5331467300
United States,USA,2013,5473436000
United States,USA,2014,5531385300
United States,USA,2015,5368496600
United States,USA,2016,5245361700
United States,USA,2017,5195417600
United States,USA,2018,5361236500
United States,USA,2019,5235912000
United States,USA,2020,4689954000
United States,USA,2021,5020111000
United States,USA,2022,5055403000
United States,USA,2023,4918406700
United States,USA,2024,4904120000
Uruguay,URY,1965,5516290
Uruguay,URY,1966,5398834
Uruguay,URY,1967,4878754
Uruguay,URY,1968,4878368
Uruguay,URY,1969,5589393
Uruguay,URY,1970,5735803
Uruguay,URY,1971,5801934
Uruguay,URY,1972,6069376
Uruguay,URY,1973,5768719
Uruguay,URY,1974,5677001
Uruguay,URY,1975,5962407
Uruguay,URY,1976,5887946
Uruguay,URY,1977,5641373
Uruguay,URY,1978,5731929
Uruguay,URY,1979,6265830
Uruguay,URY,1980,5823647
Uruguay,URY,1981,5361622
Uruguay,URY,1982,4859712
Uruguay,URY,1983,3807652
Uruguay,URY,1984,3441942
Uruguay,URY,1985,3287839
Uruguay,URY,1986,3169651
Uruguay,URY,1987,3548703
Uruguay,URY,1988,4793143
Uruguay,URY,1989,4862585
Uruguay,URY,1990,3976825
Uruguay,URY,1991,4536652
Uruguay,URY,1992,5151301
Uruguay,URY,1993,4447071
Uruguay,URY,1994,4040712
Uruguay,URY,1995,4565265
Uruguay,URY,1996,5413614
Uruguay,URY,1997,5522419
Uruguay,URY,1998,5650996
Uruguay,URY,1999,6689290
Uruguay,URY,2000,5276982
Uruguay,URY,2001,5040513
Uruguay,URY,2002,4569193
Uruguay,URY,2003,4537120
Uruguay,URY,2004,5574142
Uruguay,URY,2005,5737104
Uruguay,URY,2006,6610993
Uruguay,URY,2007,5959754
Uruguay,URY,2008,8217578
Uruguay,URY,2009,7990301
Uruguay,URY,2010,6321844
Uruguay,URY,2011,7686493
Uruguay,URY,2012,8604564
Uruguay,URY,2013,7490970
Uruguay,URY,2014,6683819
Uruguay,URY,2015,6738132
Uruguay,URY,2016,6520387
Uruguay,URY,2017,6151027
Uruguay,URY,2018,6570397
Uruguay,URY,2019,6408476
Uruguay,URY,2020,6476821
Uruguay,URY,2021,7829208
Uruguay,URY,2022,7500855
Uruguay,URY,2023,7626940
Uruguay,URY,2024,7973270
Uzbekistan,UZB,1965,48565380
Uzbekistan,UZB,1966,51334530
Uzbekistan,UZB,1967,53775972
Uzbekistan,UZB,1968,55395724
Uzbekistan,UZB,1969,57767428
Uzbekistan,UZB,1970,60627710
Uzbekistan,UZB,1971,64491944
Uzbekistan,UZB,1972,67863944
Uzbekistan,UZB,1973,70769010
Uzbekistan,UZB,1974,73506360
Uzbekistan,UZB,1975,77300480
Uzbekistan,UZB,1976,80282970
Uzbekistan,UZB,1977,83002850
Uzbekistan,UZB,1978,85864040
Uzbekistan,UZB,1979,86552840
Uzbekistan,UZB,1980,89878010
Uzbekistan,UZB,1981,88282840
Uzbekistan,UZB,1982,89966470
Uzbekistan,UZB,1983,91260790
Uzbekistan,UZB,1984,92106264
Uzbekistan,UZB,1985,99281900
Uzbekistan,UZB,1986,95237900
Uzbekistan,UZB,1987,97685224
Uzbekistan,UZB,1988,101107220
Uzbekistan,UZB,1989,104126840
Uzbekistan,UZB,1990,103123460
Uzbekistan,UZB,1991,102324080
Uzbekistan,UZB,1992,110990940
Uzbekistan,UZB,1993,115619100
Uzbekistan,UZB,1994,109786616
Uzbekistan,UZB,1995,104804136
Uzbekistan,UZB,1996,108188860
Uzbekistan,UZB,1997,109029016
Uzbekistan,UZB,1998,120976110
Uzbekistan,UZB,1999,123587700
Uzbekistan,UZB,2000,123478480
Uzbekistan,UZB,2001,126222536
Uzbekistan,UZB,2002,132576550
Uzbekistan,UZB,2003,130295820
Uzbekistan,UZB,2004,129099224
Uzbekistan,UZB,2005,121601640
Uzbekistan,UZB,2006,124898800
Uzbekistan,UZB,2007,123822700
Uzbekistan,UZB,2008,128386856
Uzbekistan,UZB,2009,109229760
Uzbekistan,UZB,2010,107668240
Uzbekistan,UZB,2011,116754600
Uzbekistan,UZB,2012,118860370
Uzbekistan,UZB,2013,112394720
Uzbekistan,UZB,2014,107495624
Uzbekistan,UZB,2015,103373576
Uzbekistan,UZB,2016,109837336
Uzbekistan,UZB,2017,108882870
Uzbekistan,UZB,2018,102330270
Uzbekistan,UZB,2019,107947210
Uzbekistan,UZB,2020,108138824
Uzbekistan,UZB,2021,123161640
Uzbekistan,UZB,2022,119105480
Uzbekistan,UZB,2023,122872020
Uzbekistan,UZB,2024,139234180
Vanuatu,VUT,1965,47632
Vanuatu,VUT,1966,76944
Vanuatu,VUT,1967,84272
Vanuatu,VUT,1968,62288
Vanuatu,VUT,1969,43968
Vanuatu,VUT,1970,40304
Vanuatu,VUT,1971,58624
Vanuatu,VUT,1972,62288
Vanuatu,VUT,1973,54960
Vanuatu,VUT,1974,62288
Vanuatu,VUT,1975,54960
Vanuatu,VUT,1976,43968
Vanuatu,VUT,1977,51296
Vanuatu,VUT,1978,58624
Vanuatu,VUT,1979,62288
Vanuatu,VUT,1980,62288
Vanuatu,VUT,1981,51296
Vanuatu,VUT,1982,51296
Vanuatu,VUT,1983,54960
Vanuatu,VUT,1984,54960
Vanuatu,VUT,1985,120912
Vanuatu,VUT,1986,58624
Vanuatu,VUT,1987,47632
Vanuatu,VUT,1988,65952
Vanuatu,VUT,1989,62288
Vanuatu,VUT,1990,65952
Vanuatu,VUT,1991,65952
Vanuatu,VUT,1992,62288
Vanuatu,VUT,1993,62288
Vanuatu,VUT,1994,62288
Vanuatu,VUT,1995,65952
Vanuatu,VUT,1996,73280
Vanuatu,VUT,1997,76944
Vanuatu,VUT,1998,76944
Vanuatu,VUT,1999,80608
Vanuatu,VUT,2000,84272
Vanuatu,VUT,2001,80608
Vanuatu,VUT,2002,76944
Vanuatu,VUT,2003,76944
Vanuatu,VUT,2004,73280
Vanuatu,VUT,2005,73280
Vanuatu,VUT,2006,73280
Vanuatu,VUT,2007,76944
Vanuatu,VUT,2008,87936
Vanuatu,VUT,2009,120912
Vanuatu,VUT,2010,124576
Vanuatu,VUT,2011,131904
Vanuatu,VUT,2012,117248
Vanuatu,VUT,2013,109920
Vanuatu,VUT,2014,157552
Vanuatu,VUT,2015,131904
Vanuatu,VUT,2016,150224
Vanuatu,VUT,2017,139232
Vanuatu,VUT,2018,175872
Vanuatu,VUT,2019,164880
Vanuatu,VUT,2020,205184
Vanuatu,VUT,2021,216176
Vanuatu,VUT,2022,189353
Vanuatu,VUT,2023,188458
Vanuatu,VUT,2024,197079
Venezuela,VEN,1965,60729600
Venezuela,VEN,1966,56974000
Venezuela,VEN,1967,65752380
Venezuela,VEN,1968,65572068
Venezuela,VEN,1969,68933176
Venezuela,VEN,1970,74489350
Venezuela,VEN,1971,62500184
Venezuela,VEN,1972,62514096
Venezuela,VEN,1973,66432756
Venezuela,VEN,1974,75057576
Venezuela,VEN,1975,63754010
Venezuela,VEN,1976,57277944
Venezuela,VEN,1977,63658050
Venezuela,VEN,1978,68604510
Venezuela,VEN,1979,76467530
Venezuela,VEN,1980,90671410
Venezuela,VEN,1981,91828776
Venezuela,VEN,1982,93249400
Venezuela,VEN,1983,92953120
Venezuela,VEN,1984,93057576
Venezuela,VEN,1985,101093730
Venezuela,VEN,1986,109320240
Venezuela,VEN,1987,110754360
Venezuela,VEN,1988,115854200
Venezuela,VEN,1989,108651310
Venezuela,VEN,1990,120863880
Venezuela,VEN,1991,114220530
Venezuela,VEN,1992,104738600
Venezuela,VEN,1993,123051510
Venezuela,VEN,1994,119060250
Venezuela,VEN,1995,124830390
Venezuela,VEN,1996,118346770
Venezuela,VEN,1997,129754620
Venezuela,VEN,1998,134993220
Venezuela,VEN,1999,143125900
Venezuela,VEN,2000,142902340
Venezuela,VEN,2001,130617784
Venezuela,VEN,2002,164232910
Venezuela,VEN,2003,154364060
Venezuela,VEN,2004,142842060
Venezuela,VEN,2005,148408260
Venezuela,VEN,2006,155841230
Venezuela,VEN,2007,154167490
Venezuela,VEN,2008,155758300
Venezuela,VEN,2009,152175700
Venezuela,VEN,2010,189581660
Venezuela,VEN,2011,168712510
Venezuela,VEN,2012,175845070
Venezuela,VEN,2013,198452160
Venezuela,VEN,2014,175991600
Venezuela,VEN,2015,166328370
Venezuela,VEN,2016,152733440
Venezuela,VEN,2017,139093300
Venezuela,VEN,2018,111239580
Venezuela,VEN,2019,105430480
Venezuela,VEN,2020,80901150
Venezuela,VEN,2021,94902500
Venezuela,VEN,2022,108423500
Venezuela,VEN,2023,119587760
Venezuela,VEN,2024,116042424
Vietnam,VNM,1965,13149927
Vietnam,VNM,1966,19181138
Vietnam,VNM,1967,22962178
Vietnam,VNM,1968,23600902
Vietnam,VNM,1969,27055640
Vietnam,VNM,1970,28172980
Vietnam,VNM,1971,24503596
Vietnam,VNM,1972,23034844
Vietnam,VNM,1973,25067894
Vietnam,VNM,1974,19058020
Vietnam,VNM,1975,21771390
Vietnam,VNM,1976,13898657
Vietnam,VNM,1977,15246793
Vietnam,VNM,1978,15387687
Vietnam,VNM,1979,16249706
Vietnam,VNM,1980,16789038
Vietnam,VNM,1981,17695350
Vietnam,VNM,1982,18341628
Vietnam,VNM,1983,19269692
Vietnam,VNM,1984,17495162
Vietnam,VNM,1985,21097420
Vietnam,VNM,1986,20584666
Vietnam,VNM,1987,23296900
Vietnam,VNM,1988,23072536
Vietnam,VNM,1989,17397910
Vietnam,VNM,1990,21298646
Vietnam,VNM,1991,21375534
Vietnam,VNM,1992,21466460
Vietnam,VNM,1993,22853002
Vietnam,VNM,1994,27362152
Vietnam,VNM,1995,30088472
Vietnam,VNM,1996,35481510
Vietnam,VNM,1997,45502070
Vietnam,VNM,1998,47866350
Vietnam,VNM,1999,48548324
Vietnam,VNM,2000,53935468
Vietnam,VNM,2001,60983388
Vietnam,VNM,2002,69530950
Vietnam,VNM,2003,77261060
Vietnam,VNM,2004,88939180
Vietnam,VNM,2005,95842056
Vietnam,VNM,2006,99655920
Vietnam,VNM,2007,101432630
Vietnam,VNM,2008,114299576
Vietnam,VNM,2009,124493390
Vietnam,VNM,2010,139563840
Vietnam,VNM,2011,152563940
Vietnam,VNM,2012,144287540
Vietnam,VNM,2013,151459360
Vietnam,VNM,2014,180047520
Vietnam,VNM,2015,213391310
Vietnam,VNM,2016,221027000
Vietnam,VNM,2017,227694370
Vietnam,VNM,2018,255468420
Vietnam,VNM,2019,339312350
Vietnam,VNM,2020,362598880
Vietnam,VNM,2021,314196600
Vietnam,VNM,2022,322653150
Vietnam,VNM,2023,347398800
Vietnam,VNM,2024,370931330
Wallis and Futuna,WLF,1990,18320
Wallis and Futuna,WLF,1991,18320
Wallis and Futuna,WLF,1992,18320
Wallis and Futuna,WLF,1993,21984
Wallis and Futuna,WLF,1994,21984
Wallis and Futuna,WLF,1995,21984
Wallis and Futuna,WLF,1996,21984
Wallis and Futuna,WLF,1997,21984
Wallis and Futuna,WLF,1998,21984
Wallis and Futuna,WLF,1999,21984
Wallis and Futuna,WLF,2000,21984
Wallis and Futuna,WLF,2001,25648
Wallis and Futuna,WLF,2002,25648
Wallis and Futuna,WLF,2003,25648
Wallis and Futuna,WLF,2004,25648
Wallis and Futuna,WLF,2005,25648
Wallis and Futuna,WLF,2006,25648
Wallis and Futuna,WLF,2007,25648
Wallis and Futuna,WLF,2008,25648
Wallis and Futuna,WLF,2009,25648
Wallis and Futuna,WLF,2010,25648
Wallis and Futuna,WLF,2011,25648
Wallis and Futuna,WLF,2012,25648
Wallis and Futuna,WLF,2013,25648
Wallis and Futuna,WLF,2014,25648
Wallis and Futuna,WLF,2015,25648
Wallis and Futuna,WLF,2016,25648
Wallis and Futuna,WLF,2017,25648
Wallis and Futuna,WLF,2018,25648
Wallis and Futuna,WLF,2019,25648
Wallis and Futuna,WLF,2020,29312
Wallis and Futuna,WLF,2021,29312
Wallis and Futuna,WLF,2022,29312
Wallis and Futuna,WLF,2023,29174
Wallis and Futuna,WLF,2024,30508
Yemen,YEM,1965,3927808
Yemen,YEM,1966,3462480
Yemen,YEM,1967,3052112
Yemen,YEM,1968,11636864
Yemen,YEM,1969,4675264
Yemen,YEM,1970,2509840
Yemen,YEM,1971,1971232
Yemen,YEM,1972,1494912
Yemen,YEM,1973,2729621
Yemen,YEM,1974,2245794
Yemen,YEM,1975,2168850
Yemen,YEM,1976,2564506
Yemen,YEM,1977,2978482
Yemen,YEM,1978,3102951
Yemen,YEM,1979,3219962
Yemen,YEM,1980,3315206
Yemen,YEM,1981,4227465
Yemen,YEM,1982,5940481
Yemen,YEM,1983,6314086
Yemen,YEM,1984,7149197
Yemen,YEM,1985,8631687
Yemen,YEM,1986,8245394
Yemen,YEM,1987,8664593
Yemen,YEM,1988,9585350
Yemen,YEM,1989,9975881
Yemen,YEM,1990,9572039
Yemen,YEM,1991,9181747
Yemen,YEM,1992,9925889
Yemen,YEM,1993,8678741
Yemen,YEM,1994,9964473
Yemen,YEM,1995,11137874
Yemen,YEM,1996,11375245
Yemen,YEM,1997,12260347
Yemen,YEM,1998,12930947
Yemen,YEM,1999,14796267
Yemen,YEM,2000,15831746
Yemen,YEM,2001,17194192
Yemen,YEM,2002,16707197
Yemen,YEM,2003,18609224
Yemen,YEM,2004,20108794
Yemen,YEM,2005,21797008
Yemen,YEM,2006,23906082
Yemen,YEM,2007,23676344
Yemen,YEM,2008,24537038
Yemen,YEM,2009,26896530
Yemen,YEM,2010,25817588
Yemen,YEM,2011,22625090
Yemen,YEM,2012,20467492
Yemen,YEM,2013,27281024
Yemen,YEM,2014,26592206
Yemen,YEM,2015,14122821
Yemen,YEM,2016,10043701
Yemen,YEM,2017,9213895
Yemen,YEM,2018,11503876
Yemen,YEM,2019,11787783
Yemen,YEM,2020,10757014
Yemen,YEM,2021,10607956
Yemen,YEM,2022,10403769
Yemen,YEM,2023,10141169
Yemen,YEM,2024,10123090
Zambia,ZMB,1965,3912261
Zambia,ZMB,1966,3498229
Zambia,ZMB,1967,4787631
Zambia,ZMB,1968,4567642
Zambia,ZMB,1969,4270887
Zambia,ZMB,1970,3765879
Zambia,ZMB,1971,3790113
Zambia,ZMB,1972,4061415.2
Zambia,ZMB,1973,4585665
Zambia,ZMB,1974,4197161
Zambia,ZMB,1975,4076219
Zambia,ZMB,1976,4019392
Zambia,ZMB,1977,3734905
Zambia,ZMB,1978,3470873
Zambia,ZMB,1979,3596470
Zambia,ZMB,1980,3523262
Zambia,ZMB,1981,3358031
Zambia,ZMB,1982,3510781
Zambia,ZMB,1983,3260766
Zambia,ZMB,1984,2804441
Zambia,ZMB,1985,2732732
Zambia,ZMB,1986,2865572
Zambia,ZMB,1987,2673762
Zambia,ZMB,1988,3109022
Zambia,ZMB,1989,2570005
Zambia,ZMB,1990,2407113
Zambia,ZMB,1991,2381811
Zambia,ZMB,1992,2424693
Zambia,ZMB,1993,2466007
Zambia,ZMB,1994,2393258
Zambia,ZMB,1995,2142313
Zambia,ZMB,1996,1837995
Zambia,ZMB,1997,2354102
Zambia,ZMB,1998,2278458
Zambia,ZMB,1999,1777604
Zambia,ZMB,2000,1784113
Zambia,ZMB,2001,1885603
Zambia,ZMB,2002,1960891
Zambia,ZMB,2003,2074413
Zambia,ZMB,2004,2104131
Zambia,ZMB,2005,2242543
Zambia,ZMB,2006,2231118
Zambia,ZMB,2007,2297559
Zambia,ZMB,2008,2553028
Zambia,ZMB,2009,2939884
Zambia,ZMB,2010,3120844
Zambia,ZMB,2011,3379164
Zambia,ZMB,2012,4176835
Zambia,ZMB,2013,4426548
Zambia,ZMB,2014,5283261
Zambia,ZMB,2015,5522488
Zambia,ZMB,2016,5977866
Zambia,ZMB,2017,7458888
Zambia,ZMB,2018,8657801
Zambia,ZMB,2019,8846335
Zambia,ZMB,2020,9990585
Zambia,ZMB,2021,9349845
Zambia,ZMB,2022,10938910
Zambia,ZMB,2023,11830727
Zambia,ZMB,2024,12043299
Zimbabwe,ZWE,1965,5209198
Zimbabwe,ZWE,1966,6040926
Zimbabwe,ZWE,1967,5294480
Zimbabwe,ZWE,1968,6377657
Zimbabwe,ZWE,1969,6743879
Zimbabwe,ZWE,1970,8154132
Zimbabwe,ZWE,1971,8732719
Zimbabwe,ZWE,1972,8215826
Zimbabwe,ZWE,1973,9270850
Zimbabwe,ZWE,1974,9047019
Zimbabwe,ZWE,1975,8310912
Zimbabwe,ZWE,1976,10854930
Zimbabwe,ZWE,1977,9284411
Zimbabwe,ZWE,1978,9279682
Zimbabwe,ZWE,1979,9431655
Zimbabwe,ZWE,1980,9613952
Zimbabwe,ZWE,1981,9405387
Zimbabwe,ZWE,1982,8779857
Zimbabwe,ZWE,1983,10425096
Zimbabwe,ZWE,1984,9879639
Zimbabwe,ZWE,1985,10213709
Zimbabwe,ZWE,1986,13068023
Zimbabwe,ZWE,1987,15170106
Zimbabwe,ZWE,1988,16029461
Zimbabwe,ZWE,1989,16113653
Zimbabwe,ZWE,1990,15537013
Zimbabwe,ZWE,1991,15490552
Zimbabwe,ZWE,1992,16702375
Zimbabwe,ZWE,1993,16031956
Zimbabwe,ZWE,1994,17382598
Zimbabwe,ZWE,1995,15017400
Zimbabwe,ZWE,1996,14894246
Zimbabwe,ZWE,1997,13900992
Zimbabwe,ZWE,1998,14127475
Zimbabwe,ZWE,1999,15724105
Zimbabwe,ZWE,2000,13814538
Zimbabwe,ZWE,2001,12508722
Zimbabwe,ZWE,2002,11895839
Zimbabwe,ZWE,2003,10609583
Zimbabwe,ZWE,2004,9428642
Zimbabwe,ZWE,2005,10698489
Zimbabwe,ZWE,2006,10365461
Zimbabwe,ZWE,2007,9835161
Zimbabwe,ZWE,2008,7720094
Zimbabwe,ZWE,2009,8249769
Zimbabwe,ZWE,2010,8754012
Zimbabwe,ZWE,2011,10363199
Zimbabwe,ZWE,2012,11257433
Zimbabwe,ZWE,2013,11671374
Zimbabwe,ZWE,2014,11946148
Zimbabwe,ZWE,2015,12016794
Zimbabwe,ZWE,2016,10588242
Zimbabwe,ZWE,2017,9830570
Zimbabwe,ZWE,2018,11209238
Zimbabwe,ZWE,2019,10266795
Zimbabwe,ZWE,2020,8490839
Zimbabwe,ZWE,2021,10222778
Zimbabwe,ZWE,2022,12231845
Zimbabwe,ZWE,2023,13443295
Zimbabwe,ZWE,2024,13701154