Entity,Code,Year,Gas,Oil,Coal
Algeria,DZA,1965,7.4305,15.4052515,0.81409997
Algeria,DZA,1966,7.71925,20.272705,0.79084
Algeria,DZA,1967,7.48825,18.942032,0.60476
Algeria,DZA,1968,7.87325,20.167301,0.63965
Algeria,DZA,1969,10.351687,21.305931,0.81409997
Algeria,DZA,1970,9.730875,24.34768,0.96528995
Algeria,DZA,1971,11.0494995,27.44005,0.26749
Algeria,DZA,1972,12.830126,30.121414,0.23259999
Algeria,DZA,1973,17.859186,32.900345,0.26749
Algeria,DZA,1974,20.6745,36.54384,0.22096999
Algeria,DZA,1975,28.49,40.63067,0.27912
Algeria,DZA,1976,33.6875,46.71773,0.54661
Algeria,DZA,1977,35.901253,52.806496,0.70943
Algeria,DZA,1978,57.65375,54.607944,0.36053002
Algeria,DZA,1979,81.52375,65.31862,0.83736
Algeria,DZA,1980,109.43625,66.20243,0.74432
Algeria,DZA,1981,142.25749,71.323074,0.52335
Algeria,DZA,1982,161.41125,75.57342,9.711049
Algeria,DZA,1983,176.71501,84.89242,8.66435
Algeria,DZA,1984,155.25125,94.00201,9.60638
Algeria,DZA,1985,153.8075,96.5538,10.025061
Algeria,DZA,1986,168.4375,98.021255,10.29255
Algeria,DZA,1987,172.2875,99.10052,12.30454
Algeria,DZA,1988,194.13625,99.1726,11.57185
Algeria,DZA,1989,182.68251,103.93666,9.78083
Algeria,DZA,1990,195.09875,111.811615,7.6641703
Algeria,DZA,1991,192.69249,110.627785,7.9084
Algeria,DZA,1992,198.94875,111.292656,9.397039
Algeria,DZA,1993,178.54375,110.754875,7.6525397
Algeria,DZA,1994,188.16875,106.050896,7.2106
Algeria,DZA,1995,202.22125,103.14229,7.2106
Algeria,DZA,1996,207.7075,98.42208,3.3959599
Algeria,DZA,1997,194.04001,97.64342,5.95456
Algeria,DZA,1998,200.68126,100.65875,6.37324
Algeria,DZA,1999,205.10875,98.898346,6.8268104
Algeria,DZA,2000,191.01294,103.13248,5.64055
Algeria,DZA,2001,197.32211,106.77533,6.5127997
Algeria,DZA,2002,194.83888,118.397224,8.54805
Algeria,DZA,2003,205.93169,123.17412,7.04778
Algeria,DZA,2004,211.89919,128.74683,8.40849
Algeria,DZA,2005,223.55988,134.21338,6.9082203
Algeria,DZA,2006,228.4975,139.84572,10.25766
Algeria,DZA,2007,233.80682,156.39,8.80391
Algeria,DZA,2008,244.04189,169.91591,8.80391
Algeria,DZA,2009,262.1176,180.13443,5.65218
Algeria,DZA,2010,253.27226,181.61191,3.6053
Algeria,DZA,2011,267.9696,192.22765,3.19825
Algeria,DZA,2012,298.74075,204.39526,3.3959599
Algeria,DZA,2013,321.21512,213.57639,1.83754
Algeria,DZA,2014,360.91824,221.92514,2.08177
Algeria,DZA,2015,379.225,236.14848,1.5467899
Algeria,DZA,2016,385.9625,229.56384,0.56987
Algeria,DZA,2017,394.625,225.51212,2.11666
Algeria,DZA,2018,434.08752,227.7859,5.815
Algeria,DZA,2019,450.54623,236.9513,4.80319
Algeria,DZA,2020,433.50037,211.92545,1.52353
Algeria,DZA,2021,481.52914,221.2037,3.10521
Algeria,DZA,2022,503.38748,226.91005,2.17481
Algeria,DZA,2023,511.37625,238.2033,2.10503
Algeria,DZA,2024,527.54626,250.97054,2.23296
Algeria,DZA,2025,540.3475,254.94444,0.2177939
Argentina,ARG,1965,41.234,275.2159,8.4550495
Argentina,ARG,1966,44.6572,283.8763,6.971818
Argentina,ARG,1967,46.699448,290.73495,7.840397
Argentina,ARG,1968,51.999577,296.7972,7.6190352
Argentina,ARG,1969,51.805077,308.01144,9.12217
Argentina,ARG,1970,58.544502,278.4355,11.722599
Argentina,ARG,1971,63.202774,296.50113,10.277542
Argentina,ARG,1972,70.92443,295.18622,8.651295
Argentina,ARG,1973,80.70778,297.19867,9.496523
Argentina,ARG,1974,85.4244,297.124,11.825922
Argentina,ARG,1975,87.525,280.82806,11.51094
Argentina,ARG,1976,98.51425,290.2354,11.642586
Argentina,ARG,1977,102.890495,305.6577,11.008503
Argentina,ARG,1978,100.070244,299.6695,13.419195
Argentina,ARG,1979,102.890495,320.9211,12.501674
Argentina,ARG,1980,112.12925,298.28055,11.144589
Argentina,ARG,1981,117.18625,279.43146,10.560468
Argentina,ARG,1982,133.13525,268.86057,10.666077
Argentina,ARG,1983,143.152,273.41653,9.679963
Argentina,ARG,1984,152.39075,260.50323,7.1852236
Argentina,ARG,1985,155.69725,241.9803,10.599606
Argentina,ARG,1986,168.24251,250.56905,12.109349
Argentina,ARG,1987,168.33974,267.40317,13.439672
Argentina,ARG,1988,196.6395,269.00543,13.772349
Argentina,ARG,1989,206.559,247.01988,14.902768
Argentina,ARG,1990,197.32025,230.57684,12.266132
Argentina,ARG,1991,200.9185,241.39496,10.794012
Argentina,ARG,1992,217.2565,253.73552,12.168164
Argentina,ARG,1993,229.41275,248.76807,8.069987
Argentina,ARG,1994,235.83125,263.91055,7.0651073
Argentina,ARG,1995,262.47775,261.95877,7.4141526
Argentina,ARG,1996,301.18326,261.80048,7.766816
Argentina,ARG,1997,277.55148,279.52618,6.127714
Argentina,ARG,1998,296.70975,289.11743,8.23741
Argentina,ARG,1999,314.701,296.58893,9.885469
Argentina,ARG,2000,322.96722,269.79562,7.5126476
Argentina,ARG,2001,302.35025,250.16501,6.1568522
Argentina,ARG,2002,294.37576,236.54623,4.5862966
Argentina,ARG,2003,336.2905,240.75447,5.593865
Argentina,ARG,2004,368.09128,261.0261,9.519819
Argentina,ARG,2005,392.89,272.52386,10.961645
Argentina,ARG,2006,406.505,286.84134,9.9238205
Argentina,ARG,2007,427.12198,316.03925,14.360361
Argentina,ARG,2008,431.88724,318.08936,17.51607
Argentina,ARG,2009,418.3556,301.67108,9.620938
Argentina,ARG,2010,420.87415,325.73422,13.47208
Argentina,ARG,2011,438.3979,338.19656,14.618646
Argentina,ARG,2012,456.6421,357.07565,13.669181
Argentina,ARG,2013,460.27692,363.5991,14.939303
Argentina,ARG,2014,461.5498,363.40585,15.891717
Argentina,ARG,2015,466.5257,365.43198,15.81413
Argentina,ARG,2016,482.10013,362.9781,12.188642
Argentina,ARG,2017,483.00027,347.88007,12.525288
Argentina,ARG,2018,487.0214,333.50388,13.709148
Argentina,ARG,2019,465.58917,313.8189,8.123962
Argentina,ARG,2020,439.31247,281.8843,10.015325
Argentina,ARG,2021,459.3407,337.2493,14.052402
Argentina,ARG,2022,458.53778,373.62296,14.891581
Argentina,ARG,2023,449.4753,358.63843,13.303794
Argentina,ARG,2024,445.04254,328.87518,8.888665
Argentina,ARG,2025,436.2877,326.23093,8.569689
Australia,AUS,1965,0.029475,200.01936,202.02777
Australia,AUS,1966,0.039300002,214.04755,209.38889
Australia,AUS,1967,0.039300002,234.38777,215.25
Australia,AUS,1968,0.30457503,255.28499,221.69444
Australia,AUS,1969,4.1265,262.44812,229.27777
Australia,AUS,1970,17.303974,290.1954,231.69444
Australia,AUS,1971,25.82668,305.54456,232.56944
Australia,AUS,1972,37.074265,311.03336,242.93056
Australia,AUS,1973,47.068798,331.89297,252.9861
Australia,AUS,1974,53.70199,351.73517,264.06943
Australia,AUS,1975,57.669968,348.1045,272.54166
Australia,AUS,1976,68.07722,355.82147,281.79166
Australia,AUS,1977,77.76844,372.60077,294.18054
Australia,AUS,1978,83.72538,380.9467,301.8611
Australia,AUS,1979,96.37518,385.9148,315.54166
Australia,AUS,1980,110.665886,367.7676,324.7639
Australia,AUS,1981,119.94439,362.41833,333.13892
Australia,AUS,1982,116.980835,356.84918,336.68054
Australia,AUS,1983,127.07482,340.71588,336.55554
Australia,AUS,1984,125.31727,349.9143,355.90277
Australia,AUS,1985,133.95262,351.52405,368.1389
Australia,AUS,1986,146.32928,345.65332,377.4861
Australia,AUS,1987,149.39459,353.0262,393.3611
Australia,AUS,1988,152.99341,369.83667,413.7639
Australia,AUS,1989,166.87564,384.1453,433.95834
Australia,AUS,1990,167.75948,392.90448,444.34723
Australia,AUS,1991,160.82101,381.25476,453.2639
Australia,AUS,1992,166.36958,388.77893,455.95834
Australia,AUS,1993,172.49344,402.41638,458.8889
Australia,AUS,1994,191.56656,415.6745,468.2639
Australia,AUS,1995,193.4157,427.7775,484.1667
Australia,AUS,1996,194.82664,439.01538,503.95834
Australia,AUS,1997,191.30505,446.05786,529.4583
Australia,AUS,1998,196.9532,445.97025,553.0833
Australia,AUS,1999,201.74052,456.154,587.44305
Australia,AUS,2000,205.5508,455.9816,591.6619
Australia,AUS,2001,221.69319,457.08533,585.69135
Australia,AUS,2002,228.14816,461.9748,598.87213
Australia,AUS,2003,229.9429,460.25992,616.0213
Australia,AUS,2004,234.53601,471.29572,641.92114
Australia,AUS,2005,232.58983,478.7019,638.2223
Australia,AUS,2006,259.43063,493.64178,655.49884
Australia,AUS,2007,290.19815,506.2703,649.8025
Australia,AUS,2008,285.34958,512.7159,677.29144
Australia,AUS,2009,291.36435,504.14078,654.86127
Australia,AUS,2010,317.06427,519.3061,607.3943
Australia,AUS,2011,330.81964,547.0603,592.0622
Australia,AUS,2012,332.8485,561.41907,554.4683
Australia,AUS,2013,350.00482,578.03705,526.2419
Australia,AUS,2014,375.6775,575.4282,521.8884
Australia,AUS,2015,389.9496,570.5778,540.4112
Australia,AUS,2016,379.52664,571.9953,540.0623
Australia,AUS,2017,372.84406,599.7405,521.526
Australia,AUS,2018,371.9078,610.3095,508.89655
Australia,AUS,2019,440.5704,603.966,486.4205
Australia,AUS,2020,423.1734,522.0081,468.10437
Australia,AUS,2021,395.7571,535.5648,452.47617
Australia,AUS,2022,432.2686,568.7855,428.35617
Australia,AUS,2023,387.96744,602.48944,415.71393
Australia,AUS,2024,391.5709,620.2802,420.499
Australia,AUS,2025,387.19412,621.8287,405.3836
Austria,AUT,1965,17.528648,65.29748,59.114902
Austria,AUT,1966,18.821033,71.788864,56.467594
Austria,AUT,1967,18.031685,76.54811,53.4509
Austria,AUT,1968,19.22897,88.466064,52.77368
Austria,AUT,1969,23.329157,97.226,51.9364
Austria,AUT,1970,28.298002,107.04365,55.854168
Austria,AUT,1971,32.50665,119.607025,51.233612
Austria,AUT,1972,35.129753,129.12288,46.45389
Austria,AUT,1973,38.6112,139.92781,46.16972
Austria,AUT,1974,41.851967,125.22768,48.72278
Austria,AUT,1975,41.80162,126.55926,42.340557
Austria,AUT,1976,47.61011,137.41133,45.059998
Austria,AUT,1977,48.520336,131.58655,37.800278
Austria,AUT,1978,50.46824,141.56969,38.40222
Austria,AUT,1979,50.040367,147.40877,41.68611
Austria,AUT,1980,48.07398,143.88745,42.83472
Austria,AUT,1981,45.824097,130.63089,43.85
Austria,AUT,1982,44.355263,123.90079,41.705555
Austria,AUT,1983,45.257057,120.07978,44.655834
Austria,AUT,1984,50.389893,116.79846,50.88639
Austria,AUT,1985,53.991604,116.98592,50.815
Austria,AUT,1986,52.42127,123.2183,45.3025
Austria,AUT,1987,54.68578,126.86035,44.93944
Austria,AUT,1988,52.38503,125.97797,43.033054
Austria,AUT,1989,56.25982,124.222206,43.227222
Austria,AUT,1990,61.934906,127.430046,47.640278
Austria,AUT,1991,65.66419,136.87337,49.971664
Austria,AUT,1992,64.48223,134.13881,38.881744
Austria,AUT,1993,67.812454,136.78593,34.959057
Austria,AUT,1994,69.75149,134.74817,35.454445
Austria,AUT,1995,76.15716,135.62375,40.338642
Austria,AUT,1996,81.060875,147.85747,40.50991
Austria,AUT,1997,78.12572,147.18379,42.967976
Austria,AUT,1998,80.20729,155.29774,37.829166
Austria,AUT,1999,81.92763,147.58986,37.68498
Austria,AUT,2000,78.205154,145.70236,42.470078
Austria,AUT,2001,82.881966,155.1389,43.878994
Austria,AUT,2002,81.48537,157.87592,44.579712
Austria,AUT,2003,89.629715,167.63007,47.54769
Austria,AUT,2004,90.49233,170.16396,46.576305
Austria,AUT,2005,95.27706,170.74123,46.730534
Austria,AUT,2006,89.532005,169.86945,46.67483
Austria,AUT,2007,84.708954,163.24309,45.044926
Austria,AUT,2008,90.68555,158.70348,44.52499
Austria,AUT,2009,88.31914,149.56474,33.460773
Austria,AUT,2010,96.12812,154.07774,39.34366
Austria,AUT,2011,90.41807,145.06886,40.411076
Austria,AUT,2012,86.24142,142.3423,37.621
Austria,AUT,2013,82.00461,145.6488,38.13149
Austria,AUT,2014,75.10976,141.40121,35.021385
Austria,AUT,2015,79.68095,142.84538,37.999046
Austria,AUT,2016,83.4219,146.15495,35.44773
Austria,AUT,2017,90.69854,146.42876,36.564552
Austria,AUT,2018,86.869194,148.91289,32.28496
Austria,AUT,2019,89.00441,153.20105,33.944683
Austria,AUT,2020,85.272484,132.08043,29.031855
Austria,AUT,2021,90.1544,140.21478,30.161827
Austria,AUT,2022,79.12825,135.03311,28.861195
Austria,AUT,2023,68.81278,134.82408,27.944517
Austria,AUT,2024,68.21874,132.0472,27.227156
Austria,AUT,2025,73.8876,129.08191,26.572008
Azerbaijan,AZE,1985,132.81377,97.18555,1.06996
Azerbaijan,AZE,1986,147.56868,101.817375,1.06996
Azerbaijan,AZE,1987,145.74751,95.82691,1.06996
Azerbaijan,AZE,1988,143.92635,98.14325,1.06996
Azerbaijan,AZE,1989,151.21591,95.70122,1.06996
Azerbaijan,AZE,1990,154.21864,100.39483,1.03507
Azerbaijan,AZE,1991,147.56868,96.80113,0.77921
Azerbaijan,AZE,1992,114.76805,94.319466,0.13956
Azerbaijan,AZE,1993,84.716255,94.05541,0.03489
Azerbaijan,AZE,1994,79.24786,86.15903,0.04652
Azerbaijan,AZE,1995,78.33483,77.6772,0.03489
Azerbaijan,AZE,1996,57.388905,69.77202,0.03489
Azerbaijan,AZE,1997,54.654705,66.40268,0.03489
Azerbaijan,AZE,1998,51.002594,69.87349,0
Azerbaijan,AZE,1999,54.654705,67.24548,0
Azerbaijan,AZE,2000,52.828648,74.69057,0
Azerbaijan,AZE,2001,75.776405,47.59412,0.03489
Azerbaijan,AZE,2002,75.99123,43.6981,0.02326
Azerbaijan,AZE,2003,77.924706,50.912304,0.03489
Azerbaijan,AZE,2004,91.375175,54.5731,0.010699611
Azerbaijan,AZE,2005,94.38427,63.79851,0.03744861
Azerbaijan,AZE,2006,99.77681,57.11258,0.03744861
Azerbaijan,AZE,2007,87.84967,56.47857,0.05838889
Azerbaijan,AZE,2008,100.50773,44.338394,0.045333333
Azerbaijan,AZE,2009,85.81977,37.846764,0.049194444
Azerbaijan,AZE,2010,81.58022,37.243855,0.048416667
Azerbaijan,AZE,2011,89.345276,48.970104,0.04225
Azerbaijan,AZE,2012,93.76557,51.289177,0.043027777
Azerbaijan,AZE,2013,94.18168,55.715004,0.03841667
Azerbaijan,AZE,2014,98.54446,54.860176,0.023833333
Azerbaijan,AZE,2015,111.46553,55.601353,0.034583334
Azerbaijan,AZE,2016,109.30647,55.19285,0.013833334
Azerbaijan,AZE,2017,106.166046,55.699093,0.011527778
Azerbaijan,AZE,2018,108.15813,62.74092,0.008444444
Azerbaijan,AZE,2019,117.89236,63.158752,0.0076944446
Azerbaijan,AZE,2020,123.66788,57.7512,0.0046111112
Azerbaijan,AZE,2021,128.1744,65.33925,0.0015555555
Azerbaijan,AZE,2022,136.16217,69.2595,0.00077777775
Azerbaijan,AZE,2023,140.03986,72.10228,0.00077777775
Azerbaijan,AZE,2024,127.69008,70.801895,0.00077777775
Azerbaijan,AZE,2025,123.029854,71.03806,0.00077565276
Bangladesh,BGD,1971,3.667125,8.135291,1.0869898
Bangladesh,BGD,1972,3.667125,9.919018,1.0869864
Bangladesh,BGD,1973,5.880875,11.208105,1.41251
Bangladesh,BGD,1974,7.112875,11.659565,1.255563
Bangladesh,BGD,1975,4.956875,13.631796,1.4531916
Bangladesh,BGD,1976,7.2476254,14.748876,1.4357584
Bangladesh,BGD,1977,8.1235,14.522806,1.4997
Bangladesh,BGD,1978,8.614375,15.460121,1.4531916
Bangladesh,BGD,1979,9.865625,17.112337,1.0811831
Bangladesh,BGD,1980,12.291124,19.291002,1.4443297
Bangladesh,BGD,1981,13.613856,19.89294,1.4847789
Bangladesh,BGD,1982,17.674847,19.62132,1.7986724
Bangladesh,BGD,1983,19.667187,17.547495,1.0179856
Bangladesh,BGD,1984,22.700663,17.682053,0.40738723
Bangladesh,BGD,1985,25.780474,19.738766,0.56964886
Bangladesh,BGD,1986,29.07015,21.275486,0.8602944
Bangladesh,BGD,1987,34.155926,20.945486,1.3543717
Bangladesh,BGD,1988,40.201077,20.984262,1.395065
Bangladesh,BGD,1989,42.49867,22.941954,1.4531916
Bangladesh,BGD,1990,45.742012,22.227821,3.272589
Bangladesh,BGD,1991,47.107487,20.622862,1.0463045
Bangladesh,BGD,1992,51.370163,23.004263,0.9823628
Bangladesh,BGD,1993,57.50253,25.769167,0.36620554
Bangladesh,BGD,1994,60.985718,26.85683,0.34295696
Bangladesh,BGD,1995,67.42334,34.853485,3.7317994
Bangladesh,BGD,1996,72.36467,35.606483,2.0461009
Bangladesh,BGD,1997,71.13274,40.876934,3.7550595
Bangladesh,BGD,1998,76.86446,45.055756,1.0811714
Bangladesh,BGD,1999,83.80357,40.18385,0.53477055
Bangladesh,BGD,2000,90.581894,39.487724,3.8364346
Bangladesh,BGD,2001,101.43209,47.166737,4.0689416
Bangladesh,BGD,2002,106.71138,42.876194,4.249137
Bangladesh,BGD,2003,114.7843,43.893665,4.063126
Bangladesh,BGD,2004,123.40232,45.732254,4.0689416
Bangladesh,BGD,2005,132.63358,46.99634,8.347995
Bangladesh,BGD,2006,143.63368,47.271736,12.68387
Bangladesh,BGD,2007,153.36371,45.713196,10.351397
Bangladesh,BGD,2008,163.7642,45.39375,10.896066
Bangladesh,BGD,2009,187.46739,42.925915,13.61483
Bangladesh,BGD,2010,192.53728,47.633118,8.675767
Bangladesh,BGD,2011,195.82149,60.019775,12.915543
Bangladesh,BGD,2012,213.3628,68.356895,10.657114
Bangladesh,BGD,2013,219.52786,69.63952,14.760409
Bangladesh,BGD,2014,230.2227,76.66483,9.351047
Bangladesh,BGD,2015,258.54062,92.68446,30.633013
Bangladesh,BGD,2016,264.50946,96.22214,23.035818
Bangladesh,BGD,2017,265.92673,108.35403,25.117134
Bangladesh,BGD,2018,274.29,124.42843,28.568832
Bangladesh,BGD,2019,309.3438,121.88242,48.06491
Bangladesh,BGD,2020,299.15314,102.44033,52.346832
Bangladesh,BGD,2021,306.08908,140.6674,42.310978
Bangladesh,BGD,2022,286.87222,166.222,55.396626
Bangladesh,BGD,2023,281.25888,156.20871,81.77186
Bangladesh,BGD,2024,273.22296,145.46408,89.22082
Bangladesh,BGD,2025,273.76147,169.10117,117.67876
Belarus,BLR,1985,86.53184,296.34036,25.112381
Belarus,BLR,1986,88.18871,350.11862,27.471886
Belarus,BLR,1987,99.54344,346.30624,26.71054
Belarus,BLR,1988,115.26033,335.46915,28.616344
Belarus,BLR,1989,121.38234,314.12692,28.09227
Belarus,BLR,1990,129.32503,311.8781,24.710203
Belarus,BLR,1991,135.34875,306.03107,23.473156
Belarus,BLR,1992,157.1783,228.17445,19.550194
Belarus,BLR,1993,145.83292,175.19223,16.790056
Belarus,BLR,1994,127.48563,142.89874,11.763757
Belarus,BLR,1995,115.26033,124.3167,11.069911
Belarus,BLR,1996,121.38234,122.273964,13.434569
Belarus,BLR,1997,138.84035,107.04149,14.157129
Belarus,BLR,1998,140.59084,101.113304,12.563811
Belarus,BLR,1999,143.21188,92.49213,11.656456
Belarus,BLR,2000,151.9362,91.4113,11.571726
Belarus,BLR,2001,151.06564,88.44919,8.308524
Belarus,BLR,2002,155.42781,93.12623,7.8374486
Belarus,BLR,2003,152.80678,94.28708,7.376772
Belarus,BLR,2004,185.34369,92.36583,7.225938
Belarus,BLR,2005,190.02661,85.993576,7.9798536
Belarus,BLR,2006,193.94777,100.91063,7.1446896
Belarus,BLR,2007,194.71536,91.78464,8.080224
Belarus,BLR,2008,199.4145,91.367065,7.532654
Belarus,BLR,2009,169.31981,105.46239,7.1767774
Belarus,BLR,2010,207.28363,90.62383,7.507349
Belarus,BLR,2011,192.26186,98.655045,9.018616
Belarus,BLR,2012,194.10098,121.07967,9.199353
Belarus,BLR,2013,192.70277,90.81036,9.764291
Belarus,BLR,2014,191.2144,93.06433,9.686456
Belarus,BLR,2015,178.9891,78.40431,8.61383
Belarus,BLR,2016,177.87517,84.303665,9.467982
Belarus,BLR,2017,182.08755,83.84049,9.7924595
Belarus,BLR,2018,193.14273,97.42405,14.68869
Belarus,BLR,2019,191.64499,99.32728,15.4679
Belarus,BLR,2020,177.51009,95.60984,9.73431
Belarus,BLR,2021,187.6169,97.338615,9.8974
Belarus,BLR,2022,184.62439,92.89979,10.879056
Belarus,BLR,2023,167.84036,92.11928,11.258296
Belarus,BLR,2024,167.84036,90.076164,11.146761
Belarus,BLR,2025,159.40993,90.127,10.808845
Belgium,BEL,1965,0.73499995,188.46475,222.93715
Belgium,BEL,1966,1.3264999,192.26031,203.371
Belgium,BEL,1967,5.0555,212.03163,199.59724
Belgium,BEL,1968,12.299001,246.15923,206.06418
Belgium,BEL,1969,25.335,284.00696,200.69034
Belgium,BEL,1970,39.75175,309.81564,189.13449
Belgium,BEL,1971,54.81475,317.50644,156.61694
Belgium,BEL,1972,69.113495,343.47247,149.58344
Belgium,BEL,1973,83.07225,360.6343,125.527824
Belgium,BEL,1974,97.35675,317.68402,134.26744
Belgium,BEL,1975,96.194756,301.48972,100.27897
Belgium,BEL,1976,101.611496,314.48248,104.50377
Belgium,BEL,1977,99.9695,309.30972,105.99527
Belgium,BEL,1978,99.124504,330.0505,108.54406
Belgium,BEL,1979,108.30525,328.01733,120.93532
Belgium,BEL,1980,103.6315,303.17267,121.914505
Belgium,BEL,1981,95.580505,277.88095,126.292564
Belgium,BEL,1982,79.68626,263.12488,126.49051
Belgium,BEL,1983,82.80875,238.75551,107.94013
Belgium,BEL,1984,85.4505,231.01208,125.178535
Belgium,BEL,1985,85.864,234.47888,124.82669
Belgium,BEL,1986,77.095,264.9442,106.50946
Belgium,BEL,1987,85.016495,266.84842,105.99314
Belgium,BEL,1988,83.906,275.22708,107.1085
Belgium,BEL,1989,93.24425,270.30557,112.53452
Belgium,BEL,1990,95.6985,273.7257,123.63172
Belgium,BEL,1991,102.078,293.38065,118.26104
Belgium,BEL,1992,105.20125,299.3623,105.84025
Belgium,BEL,1993,110.093,294.60413,100.25862
Belgium,BEL,1994,112.576,320.61115,107.76567
Belgium,BEL,1995,124.525505,319.6558,102.9294
Belgium,BEL,1996,138.42075,345.38513,98.50768
Belgium,BEL,1997,132.04475,353.36996,91.96225
Belgium,BEL,1998,144.644,359.52475,91.476814
Belgium,BEL,1999,154.46025,348.40985,80.15169
Belgium,BEL,2000,155.26274,353.97287,88.68365
Belgium,BEL,2001,153.37599,359.96805,84.474434
Belgium,BEL,2002,158.32526,362.2477,72.41641
Belgium,BEL,2003,168.66574,382.69186,70.049095
Belgium,BEL,2004,171.87999,387.5027,65.15432
Belgium,BEL,2005,168.93475,386.6955,59.86575
Belgium,BEL,2006,173.889,385.62503,59.076748
Belgium,BEL,2007,175.19025,389.33823,53.98673
Belgium,BEL,2008,174.0145,409.1278,53.31606
Belgium,BEL,2009,175.74065,359.76736,34.345123
Belgium,BEL,2010,194.04001,374.48502,43.6005
Belgium,BEL,2011,165.24,350.31638,41.048958
Belgium,BEL,2012,167.4,338.14215,38.662643
Belgium,BEL,2013,165.33,345.9035,40.907597
Belgium,BEL,2014,144.63,339.25778,39.672768
Belgium,BEL,2015,158.499,348.50067,38.740704
Belgium,BEL,2016,161.892,353.55966,36.819427
Belgium,BEL,2017,164.115,358.29523,36.070087
Belgium,BEL,2018,168.741,383.7532,35.873142
Belgium,BEL,2019,173.86897,358.15344,35.923416
Belgium,BEL,2020,169.9818,307.32172,27.843174
Belgium,BEL,2021,169.60623,340.98697,30.779343
Belgium,BEL,2022,145.53444,331.8721,32.082714
Belgium,BEL,2023,137.61,320.74048,27.779953
Belgium,BEL,2024,132.525,327.74802,30.715878
Belgium,BEL,2025,134.7383,327.1792,33.53556
Brazil,BRA,1965,0.51342165,177.73058,20.17805
Brazil,BRA,1966,0.60040253,193.79759,21.864399
Brazil,BRA,1967,0.6787161,199.99173,22.59709
Brazil,BRA,1968,0.7172897,240.19615,22.23656
Brazil,BRA,1969,0.755965,263.56772,24.81842
Brazil,BRA,1970,0.8110125,314.02188,28.344797
Brazil,BRA,1971,1.2773445,342.9215,28.532442
Brazil,BRA,1972,1.7538141,394.3907,30.035913
Brazil,BRA,1973,2.0072556,479.14383,29.51856
Brazil,BRA,1974,3.8624465,527.1006,31.312283
Brazil,BRA,1975,4.196989,541.39404,37.22525
Brazil,BRA,1976,4.8356614,582.4513,39.726395
Brazil,BRA,1977,6.0319047,597.42,50.386036
Brazil,BRA,1978,7.9377837,651.6827,57.935017
Brazil,BRA,1979,8.698108,683.75385,62.928658
Brazil,BRA,1980,10.168068,672.82336,68.64476
Brazil,BRA,1981,9.123889,634.0464,67.15786
Brazil,BRA,1982,13.037024,647.4372,70.991806
Brazil,BRA,1983,17.629381,603.86804,79.836815
Brazil,BRA,1984,20.518614,607.2174,98.59131
Brazil,BRA,1985,25.739506,625.4869,116.54804
Brazil,BRA,1986,29.987185,675.0955,117.9925
Brazil,BRA,1987,33.474537,691.2001,123.554794
Brazil,BRA,1988,33.697563,709.9726,126.26784
Brazil,BRA,1989,34.54913,720.3111,125.29148
Brazil,BRA,1990,31.455137,716.19495,111.62079
Brazil,BRA,1991,32.700607,727.4715,127.96354
Brazil,BRA,1992,37.04399,736.12915,124.18001
Brazil,BRA,1993,43.394627,768.92944,127.93627
Brazil,BRA,1994,47.391705,809.6257,131.33165
Brazil,BRA,1995,52.304947,860.1931,137.72981
Brazil,BRA,1996,57.627487,926.7676,142.11913
Brazil,BRA,1997,62.624916,999.6485,142.97127
Brazil,BRA,1998,65.63152,1052.7144,140.04022
Brazil,BRA,1999,77.880455,1059.6798,141.8078
Brazil,BRA,2000,97.04505,1098.5857,151.18149
Brazil,BRA,2001,122.86194,1105.8911,148.78801
Brazil,BRA,2002,145.16252,1079.3092,144.01039
Brazil,BRA,2003,162.47293,1039.9338,149.41873
Brazil,BRA,2004,193.22484,1075.8806,156.65689
Brazil,BRA,2005,201.27116,1094.3431,151.0846
Brazil,BRA,2006,211.69781,1120.918,148.97398
Brazil,BRA,2007,218.01636,1175.956,157.87172
Brazil,BRA,2008,256.60886,1228.8926,160.13235
Brazil,BRA,2009,206.68614,1225.7334,129.20715
Brazil,BRA,2010,275.7678,1309.8794,168.19763
Brazil,BRA,2011,274.83426,1372.3699,179.673
Brazil,BRA,2012,325.76535,1447.9652,177.79971
Brazil,BRA,2013,383.82773,1498.0181,191.6468
Brazil,BRA,2014,406.55475,1540.8109,203.76967
Brazil,BRA,2015,429.36542,1455.0435,204.981
Brazil,BRA,2016,370.8788,1379.5802,185.14966
Brazil,BRA,2017,376.32028,1388.8522,195.27472
Brazil,BRA,2018,358.908,1317.6311,190.9785
Brazil,BRA,2019,357.3335,1335.6631,179.5124
Brazil,BRA,2020,314.23697,1246.5653,162.29546
Brazil,BRA,2021,404.4645,1337.8044,197.06732
Brazil,BRA,2022,319.87622,1390.4482,162.76682
Brazil,BRA,2023,298.7607,1425.1127,159.56364
Brazil,BRA,2024,313.63873,1426.5226,167.8294
Brazil,BRA,2025,331.98456,1440.9774,164.35214
Bulgaria,BGR,1965,0.562725,43.71547,69.733475
Bulgaria,BGR,1966,0.83947504,49.874107,71.908295
Bulgaria,BGR,1967,2.555325,62.72245,78.083824
Bulgaria,BGR,1968,3.9114,74.33811,84.82922
Bulgaria,BGR,1969,4.068225,91.278786,85.28279
Bulgaria,BGR,1970,3.6715498,106.039246,93.28423
Bulgaria,BGR,1971,2.8765,116.62912,92.074715
Bulgaria,BGR,1972,1.938,121.28458,94.9008
Bulgaria,BGR,1973,1.9525001,127.88814,95.63349
Bulgaria,BGR,1974,4.2545,132.98701,94.005295
Bulgaria,BGR,1975,11.29875,140.9609,98.55262
Bulgaria,BGR,1976,19.76075,146.48643,91.86537
Bulgaria,BGR,1977,25.2155,152.28668,91.49321
Bulgaria,BGR,1978,26.900251,156.79785,97.55244
Bulgaria,BGR,1979,28.779501,161.55994,100.58787
Bulgaria,BGR,1980,36.9915,165.02052,105.507355
Bulgaria,BGR,1981,40.23925,147.08585,107.13556
Bulgaria,BGR,1982,44.528,142.53188,112.555145
Bulgaria,BGR,1983,46.7895,137.64603,112.12483
Bulgaria,BGR,1984,49.195,132.17894,112.29928
Bulgaria,BGR,1985,53.658,122.13932,117.20714
Bulgaria,BGR,1986,53.2855,128.74698,120.47517
Bulgaria,BGR,1987,59.423,123.71196,120.37051
Bulgaria,BGR,1988,57.7245,131.34586,112.13646
Bulgaria,BGR,1989,59.42325,128.12546,114.45083
Bulgaria,BGR,1990,63.017498,118.9007,96.057915
Bulgaria,BGR,1991,53.2195,79.400375,85.8617
Bulgaria,BGR,1992,47.12125,71.27457,90.28905
Bulgaria,BGR,1993,43.845753,77.613,97.209785
Bulgaria,BGR,1994,43.86275,73.34055,88.99108
Bulgaria,BGR,1995,52.93925,75.31128,89.002144
Bulgaria,BGR,1996,54.084248,69.351074,88.62327
Bulgaria,BGR,1997,43.14725,54.51871,101.05516
Bulgaria,BGR,1998,36.101498,57.887005,96.24862
Bulgaria,BGR,1999,31.2785,53.773804,79.253265
Bulgaria,BGR,2000,34.06825,50.755096,73.19367
Bulgaria,BGR,2001,28.63925,52.527763,83.42837
Bulgaria,BGR,2002,25.393,52.79946,76.82983
Bulgaria,BGR,2003,26.832998,55.72604,86.018326
Bulgaria,BGR,2004,26.19875,53.974884,82.19636
Bulgaria,BGR,2005,32.663998,59.339947,80.50994
Bulgaria,BGR,2006,33.657,60.025085,81.74977
Bulgaria,BGR,2007,33.919,58.884953,91.969536
Bulgaria,BGR,2008,33.92125,57.866554,87.664825
Bulgaria,BGR,2009,24.263748,52.825085,73.79338
Bulgaria,BGR,2010,26.72275,47.891857,80.046974
Bulgaria,BGR,2011,30.5945,45.732883,94.14437
Bulgaria,BGR,2012,28.51225,47.573124,80.42796
Bulgaria,BGR,2013,27.543999,44.21495,69.12558
Bulgaria,BGR,2014,27.3615,47.711754,73.85166
Bulgaria,BGR,2015,30.0035,53.301296,76.23653
Bulgaria,BGR,2016,31.2505,54.210262,66.22471
Bulgaria,BGR,2017,32.1365,56.917366,71.00035
Bulgaria,BGR,2018,30.229252,56.655537,63.443558
Bulgaria,BGR,2019,28.30875,59.417183,59.157578
Bulgaria,BGR,2020,29.2065,53.387512,48.34248
Bulgaria,BGR,2021,33.02,56.08332,60.952377
Bulgaria,BGR,2022,27.0345,59.945312,72.62215
Bulgaria,BGR,2023,25.26,59.41987,42.945473
Bulgaria,BGR,2024,27.132,62.24006,35.488758
Bulgaria,BGR,2025,26.88875,62.40678,39.256687
Canada,CAN,1965,216.68422,642.81793,179.98587
Canada,CAN,1966,237.22488,677.2622,176.45036
Canada,CAN,1967,251.91719,723.1062,174.82216
Canada,CAN,1968,280.52078,769.79315,189.92952
Canada,CAN,1969,313.49634,801.5453,183.37021
Canada,CAN,1970,346.33853,854.8003,196.87263
Canada,CAN,1971,369.66525,877.8504,187.1267
Canada,CAN,1972,415.79483,924.3329,176.5783
Canada,CAN,1973,442.17908,1009.6328,181.8583
Canada,CAN,1974,446.97968,1027.002,184.77745
Canada,CAN,1975,461.5815,1013.2218,179.76491
Canada,CAN,1976,465.67725,1037.8885,212.829
Canada,CAN,1977,488.442,1046.0139,271.95593
Canada,CAN,1978,493.10925,1079.6921,223.62164
Canada,CAN,1979,500.634,1121.5848,211.7474
Canada,CAN,1980,497.49075,1101.6031,257.8914
Canada,CAN,1981,482.727,1043.3729,263.31723
Canada,CAN,1982,511.20676,947.2694,278.24472
Canada,CAN,1983,487.4895,890.69574,291.11526
Canada,CAN,1984,541.11523,899.10645,324.2714
Canada,CAN,1985,567.60046,903.0235,311.69058
Canada,CAN,1986,546.25397,923.06506,288.88306
Canada,CAN,1987,552.8691,952.62946,310.48444
Canada,CAN,1988,608.4751,1002.7983,333.4186
Canada,CAN,1989,657.78125,1041.8708,332.71832
Canada,CAN,1990,637.6045,962.80804,315.60306
Canada,CAN,1991,642.0107,912.6727,305.49612
Canada,CAN,1992,680.55365,936.4967,311.20917
Canada,CAN,1993,722.08167,948.5795,276.30972
Canada,CAN,1994,747.5287,968.85803,292.96918
Canada,CAN,1995,772.519,1016.6471,306.2336
Canada,CAN,1996,785.5823,1041.7711,312.5264
Canada,CAN,1997,801.0565,1073.6844,326.6361
Canada,CAN,1998,787.57275,1094.4218,349.21582
Canada,CAN,1999,841.914,1115.5518,335.69028
Canada,CAN,2000,892.2072,1109.1815,355.18835
Canada,CAN,2001,840.422,1140.4631,369.12305
Canada,CAN,2002,874.6652,1183.052,371.2714
Canada,CAN,2003,897.848,1227.1875,370.3575
Canada,CAN,2004,878.19775,1280.9209,349.85416
Canada,CAN,2005,875.9175,1249.2891,348.305
Canada,CAN,2006,870.735,1258.3512,337.40167
Canada,CAN,2007,936.5643,1293.1274,352.7525
Canada,CAN,2008,925.4387,1248.0162,335.22113
Canada,CAN,2009,897.27527,1217.6193,280.06805
Canada,CAN,2010,915.721,1274.7833,286.9572
Canada,CAN,2011,1005.508,1274.2324,258.99194
Canada,CAN,2012,994.2353,1279.8774,245.14917
Canada,CAN,2013,1054.407,1280.9572,239.36159
Canada,CAN,2014,1098.4153,1274.6526,227.19516
Canada,CAN,2015,1103.3245,1279.2744,213.9737
Canada,CAN,2016,1069.386,1264.538,213.48064
Canada,CAN,2017,1112.4905,1248.1077,219.35118
Canada,CAN,2018,1189.704,1286.7333,180.18536
Canada,CAN,2019,1198.033,1281.9668,169.15443
Canada,CAN,2020,1160.6202,1105.0455,146.3839
Canada,CAN,2021,1199.4601,1135.7786,131.23389
Canada,CAN,2022,1245.3882,1182.8314,106.975555
Canada,CAN,2023,1247.1567,1194.7108,102.96667
Canada,CAN,2024,1284.278,1210.5216,80.9325
Canada,CAN,2025,1323.2446,1221.9738,68.470276
Chile,CHL,1965,6.1778,41.014145,13.54895
Chile,CHL,1966,6.4515,44.942955,13.956
Chile,CHL,1967,5.7183747,46.931915,13.956
Chile,CHL,1968,4.8875003,49.473736,13.956
Chile,CHL,1969,6.43195,52.70953,13.956
Chile,CHL,1970,6.422175,55.66466,14.92129
Chile,CHL,1971,6.54925,61.719658,14.40957
Chile,CHL,1972,5.96275,63.9477,11.90912
Chile,CHL,1973,4.6822248,61.419968,12.932561
Chile,CHL,1974,4.877725,59.826385,12.25802
Chile,CHL,1975,5.53265,52.450928,9.7924595
Chile,CHL,1976,6.04095,54.49116,9.8855
Chile,CHL,1977,6.2169,56.65704,10.64145
Chile,CHL,1978,5.80635,60.19117,10.37396
Chile,CHL,1979,6.871825,62.90213,11.47881
Chile,CHL,1980,7.038,63.652122,12.676701
Chile,CHL,1981,6.930475,63.548195,12.65344
Chile,CHL,1982,7.17485,58.228638,8.43175
Chile,CHL,1983,7.7418,57.603676,10.10647
Chile,CHL,1984,7.91775,56.838863,13.630361
Chile,CHL,1985,7.9079747,54.993565,13.641991
Chile,CHL,1986,7.2335,58.100857,12.95582
Chile,CHL,1987,7.0184503,60.680458,13.351239
Chile,CHL,1988,9.862975,67.06808,18.608002
Chile,CHL,1989,15.385851,75.09224,25.14406
Chile,CHL,1990,16.51975,79.35556,30.291498
Chile,CHL,1991,19.455828,88.48297,24.885874
Chile,CHL,1992,21.762054,95.84964,21.517826
Chile,CHL,1993,22.534037,104.486534,21.70972
Chile,CHL,1994,21.734144,112.2142,25.60577
Chile,CHL,1995,20.827003,123.3562,27.604969
Chile,CHL,1996,21.166601,130.98291,38.252766
Chile,CHL,1997,28.799368,140.88297,49.79768
Chile,CHL,1998,39.77111,144.0185,46.85378
Chile,CHL,1999,54.328384,145.66054,48.350563
Chile,CHL,2000,70.140526,139.07542,37.3637
Chile,CHL,2001,79.50152,135.44453,29.314579
Chile,CHL,2002,80.17722,137.69225,29.547176
Chile,CHL,2003,86.73886,136.51785,28.250433
Chile,CHL,2004,94.15018,150.5013,32.723408
Chile,CHL,2005,91.077576,155.2119,32.07011
Chile,CHL,2006,84.2835,160.48915,40.03847
Chile,CHL,2007,49.681034,200.30363,47.521572
Chile,CHL,2008,27.65149,211.0859,50.81752
Chile,CHL,2009,27.949217,198.59944,46.457573
Chile,CHL,2010,57.397537,182.12953,52.229164
Chile,CHL,2011,58.365154,189.07631,66.98647
Chile,CHL,2012,53.008377,196.13608,78.09894
Chile,CHL,2013,53.12584,195.0727,87.78789
Chile,CHL,2014,43.98931,193.4745,88.5578
Chile,CHL,2015,48.24286,190.19441,85.05484
Chile,CHL,2016,59.163006,200.91751,86.26053
Chile,CHL,2017,56.14597,204.00139,89.68967
Chile,CHL,2018,56.366688,211.3997,86.56168
Chile,CHL,2019,65.13059,210.55197,87.08458
Chile,CHL,2020,62.354355,192.55576,73.145775
Chile,CHL,2021,68.2293,211.37491,81.11111
Chile,CHL,2022,72.65662,228.23827,66.24292
Chile,CHL,2023,75.926765,225.66283,39.13151
Chile,CHL,2024,72.9598,223.49379,38.34724
Chile,CHL,2025,78.26341,221.62617,44.410587
China,CHN,1965,11.086529,129.06253,1330.7046
China,CHN,1966,13.505407,165.79991,1423.5121
China,CHN,1967,14.7148485,163.69286,1265.344
China,CHN,1968,14.110127,179.03458,1255.9236
China,CHN,1969,19.754179,240.04433,1516.6101
China,CHN,1970,28.925762,332.04556,1929.6497
China,CHN,1971,37.6942,451.57767,2224.8772
China,CHN,1972,48.780727,519.69653,2352.9236
China,CHN,1973,60.270405,633.9831,2383.743
China,CHN,1974,75.892334,729.073,2358.564
China,CHN,1975,89.19617,804.07825,2658.211
China,CHN,1976,101.794495,919.1864,2723.1646
China,CHN,1977,122.1534,971.04175,2995.539
China,CHN,1978,138.38004,1076.637,3289.1965
China,CHN,1979,146.24141,1079.2996,3402.7056
China,CHN,1980,143.82251,972.5329,3539.019
China,CHN,1981,128.40216,921.53076,3520.195
China,CHN,1982,120.23845,911.753,3724.838
China,CHN,1983,123.06047,930.0993,3989.0046
China,CHN,1984,125.27778,964.89026,4338.266
China,CHN,1985,130.31711,1010.6004,4736.2646
China,CHN,1986,138.6824,1074.4205,4951.424
China,CHN,1987,139.99261,1142.2338,5372.2417
China,CHN,1988,143.72173,1229.3582,5771.2236
China,CHN,1989,151.6738,1287.7268,6046.902
China,CHN,1990,154.18338,1274.5725,6134.517
China,CHN,1991,156.11848,1379.1438,6433.4277
China,CHN,1992,159.14209,1495.912,6731.497
China,CHN,1993,168.96878,1663.7761,7170.3564
China,CHN,1994,176.97124,1690.6384,7641.6675
China,CHN,1995,178.79547,1825.6307,7736.85
China,CHN,1996,187.36234,2023.0287,8095.3896
China,CHN,1997,197.98526,2221.5454,7931.912
China,CHN,1998,204.16348,2287.5908,7871.717
China,CHN,1999,216.63078,2437.2449,8099.0327
China,CHN,2000,246.95747,2626.896,8211.406
China,CHN,2001,276.4577,2683.249,8635.755
China,CHN,2002,294.1357,2895.598,9467.458
China,CHN,2003,341.7473,3234.7625,11283.059
China,CHN,2004,399.83972,3777.772,13155.28
China,CHN,2005,469.7511,3838.4873,15405.106
China,CHN,2006,577.8376,4116.769,16918.38
China,CHN,2007,710.779,4313.5674,18423.914
China,CHN,2008,819.3291,4408.092,18715.92
China,CHN,2009,902.2403,4580.2983,19605.02
China,CHN,2010,1088.7406,5214.49,20340.543
China,CHN,2011,1351.6287,5390.7334,22143.604
China,CHN,2012,1508.7758,5654.2993,22422.357
China,CHN,2013,1718.7854,5907.4697,22902.13
China,CHN,2014,1883.6315,6142.5166,22804.703
China,CHN,2015,1946.8953,6609.8955,22329.043
China,CHN,2016,2094.411,6823.5786,21675.78
China,CHN,2017,2412.5217,7183.172,21915.443
China,CHN,2018,2839.26,7528.741,22352.146
China,CHN,2019,3083.7683,7765.0205,22701.676
China,CHN,2020,3366.1726,7868.7983,23024.873
China,CHN,2021,3802.6794,8148.1875,23961.225
China,CHN,2022,3776.475,8266.872,24266.771
China,CHN,2023,4037.9153,9113.559,25353.932
China,CHN,2024,4332.6836,9173.435,25621.367
China,CHN,2025,4419.337,9401.396,25621.826
Colombia,COL,1965,8.95125,54.81988,23.422821
Colombia,COL,1966,9.33625,65.52585,23.422821
Colombia,COL,1967,11.55,65.62976,25.702301
Colombia,COL,1968,11.771375,70.64008,23.41119
Colombia,COL,1969,12.854188,67.85545,24.992868
Colombia,COL,1970,12.493251,76.955696,26.08609
Colombia,COL,1971,13.0045,79.72807,20.28629
Colombia,COL,1972,15.88525,94.19158,21.077478
Colombia,COL,1973,16.46,86.37416,21.465328
Colombia,COL,1974,17.12575,95.579155,25.95738
Colombia,COL,1975,16.14225,83.72641,26.384573
Colombia,COL,1976,17.2045,88.36318,25.805708
Colombia,COL,1977,19.254751,90.42546,26.454634
Colombia,COL,1978,23.850752,89.24454,26.738811
Colombia,COL,1979,25.7215,90.73787,26.971994
Colombia,COL,1980,28.3715,90.631485,28.287113
Colombia,COL,1981,30.6345,91.13236,28.820011
Colombia,COL,1982,33.03125,90.20119,30.008259
Colombia,COL,1983,36.55975,93.80195,33.074528
Colombia,COL,1984,36.30575,90.141556,34.433838
Colombia,COL,1985,36.43225,92.12477,35.51473
Colombia,COL,1986,37.070747,93.89373,35.06843
Colombia,COL,1987,37.636253,99.94208,44.094284
Colombia,COL,1988,37.77825,104.761086,35.17464
Colombia,COL,1989,36.059002,107.60375,40.753384
Colombia,COL,1990,37.4195,114.30004,18.581999
Colombia,COL,1991,38.5825,114.3731,23.368856
Colombia,COL,1992,37.965748,124.484375,39.08699
Colombia,COL,1993,39.41675,128.17464,40.98213
Colombia,COL,1994,38.996502,134.27097,46.908543
Colombia,COL,1995,41.472504,144.16035,41.97691
Colombia,COL,1996,45.102753,153.02666,32.54101
Colombia,COL,1997,56.74,152.27388,38.5406
Colombia,COL,1998,65.88625,151.26253,36.652992
Colombia,COL,1999,56.909,135.5822,29.27205
Colombia,COL,2000,57.358074,132.67795,31.437817
Colombia,COL,2001,59.38993,131.99512,30.95842
Colombia,COL,2002,59.986813,130.75987,25.461409
Colombia,COL,2003,57.499798,130.62411,28.224833
Colombia,COL,2004,61.3482,141.36633,24.698715
Colombia,COL,2005,64.46344,140.03333,15.562343
Colombia,COL,2006,67.64682,149.5254,44.330044
Colombia,COL,2007,71.61634,153.0895,39.03194
Colombia,COL,2008,72.751144,150.89616,51.6421
Colombia,COL,2009,83.7932,151.37347,47.50083
Colombia,COL,2010,87.45138,159.77957,55.90734
Colombia,COL,2011,85.14971,168.5069,45.26643
Colombia,COL,2012,94.65898,180.10788,54.560337
Colombia,COL,2013,104.77255,188.60779,58.69
Colombia,COL,2014,113.840614,199.76581,62.166916
Colombia,COL,2015,112.117294,200.19046,57.779972
Colombia,COL,2016,120.68478,224.96028,63.54703
Colombia,COL,2017,118.30533,216.85837,48.428135
Colombia,COL,2018,127.299385,225.28008,45.462593
Colombia,COL,2019,128.70773,228.79741,53.64197
Colombia,COL,2020,131.22678,193.92703,47.47986
Colombia,COL,2021,126.26629,227.7575,37.69471
Colombia,COL,2022,125.85036,257.96872,49.498596
Colombia,COL,2023,130.54437,251.48056,55.50602
Colombia,COL,2024,132.3889,247.74004,60.18592
Colombia,COL,2025,117.33958,246.39134,39.31928
Croatia,HRV,1990,25.52275,54.275616,9.403425
Croatia,HRV,1991,23.636,38.496254,5.287114
Croatia,HRV,1992,24.5005,38.496254,4.6473246
Croatia,HRV,1993,25.8685,40.6735,3.9496524
Croatia,HRV,1994,24.339,41.96201,2.472189
Croatia,HRV,1995,22.495,46.48947,2.0324702
Croatia,HRV,1996,25.207249,44.09095,1.6641833
Croatia,HRV,1997,26.12975,47.088192,2.8291137
Croatia,HRV,1998,25.118,53.074535,2.7048588
Croatia,HRV,1999,25.4675,52.55279,2.39899
Croatia,HRV,2000,25.6955,46.74931,5.0206594
Croatia,HRV,2001,26.925,47.907486,5.5889707
Croatia,HRV,2002,27.567,50.18211,6.793734
Croatia,HRV,2003,27.401749,55.533672,7.5558834
Croatia,HRV,2004,28.418333,52.103424,8.023572
Croatia,HRV,2005,27.48239,53.632507,7.95114
Croatia,HRV,2006,27.179222,54.472057,7.381305
Croatia,HRV,2007,31.229944,55.770203,8.01364
Croatia,HRV,2008,30.270388,52.884552,8.246868
Croatia,HRV,2009,27.949888,51.64974,5.893177
Croatia,HRV,2010,30.614166,43.88788,7.9398127
Croatia,HRV,2011,29.891666,41.734562,8.172657
Croatia,HRV,2012,28.066055,37.400105,7.329214
Croatia,HRV,2013,26.537943,35.97752,7.8520527
Croatia,HRV,2014,23.485712,37.662575,7.5210743
Croatia,HRV,2015,24.21231,39.127132,7.0444655
Croatia,HRV,2016,25.243534,39.293175,7.5709324
Croatia,HRV,2017,28.99667,42.001553,4.5628443
Croatia,HRV,2018,26.658365,40.695423,4.248253
Croatia,HRV,2019,27.981422,39.723515,4.8999634
Croatia,HRV,2020,29.368093,34.046947,4.200651
Croatia,HRV,2021,28.251804,35.994972,4.830358
Croatia,HRV,2022,24.805115,39.39885,4.7274556
Croatia,HRV,2023,25.001438,43.744762,4.0195723
Croatia,HRV,2024,23.65348,46.65919,2.7275026
Croatia,HRV,2025,26.321123,48.559433,2.663824
Cyprus,CYP,1965,,4.68025,
Cyprus,CYP,1966,,5.338632,
Cyprus,CYP,1967,,5.7872543,
Cyprus,CYP,1968,,6.427252,
Cyprus,CYP,1969,,7.5897937,
Cyprus,CYP,1970,,8.004829,
Cyprus,CYP,1971,,9.548514,
Cyprus,CYP,1972,,10.737023,
Cyprus,CYP,1973,,11.51917,
Cyprus,CYP,1974,,10.213084,
Cyprus,CYP,1975,,8.53023,
Cyprus,CYP,1976,,8.673059,
Cyprus,CYP,1977,,9.796984,
Cyprus,CYP,1978,,10.044486,
Cyprus,CYP,1979,,10.192833,
Cyprus,CYP,1980,,10.278665,
Cyprus,CYP,1981,,9.8561945,
Cyprus,CYP,1982,,11.813791,
Cyprus,CYP,1983,,12.43068,
Cyprus,CYP,1984,,12.612489,
Cyprus,CYP,1985,,12.483789,1.0815899
Cyprus,CYP,1986,,13.480528,0.66291
Cyprus,CYP,1987,,15.873595,1.40723
Cyprus,CYP,1988,,16.996016,0.84898996
Cyprus,CYP,1989,,17.556082,0.75595003
Cyprus,CYP,1990,,17.986336,0.70943
Cyprus,CYP,1991,,20.233238,0.52335
Cyprus,CYP,1992,,22.216942,0.96528995
Cyprus,CYP,1993,,22.379316,0.81409997
Cyprus,CYP,1994,,23.424461,1.11648
Cyprus,CYP,1995,,23.420832,1.2444099
Cyprus,CYP,1996,,24.670517,1.1630001
Cyprus,CYP,1997,,25.246805,0.88387996
Cyprus,CYP,1998,,26.736946,0.16282001
Cyprus,CYP,1999,,28.499268,0.27912
Cyprus,CYP,2000,,29.65956,0.41868
Cyprus,CYP,2001,,29.816418,0.61639005
Cyprus,CYP,2002,,29.650955,0.51172
Cyprus,CYP,2003,,32.114952,0.51172
Cyprus,CYP,2004,,30.368706,0.51172
Cyprus,CYP,2005,,33.615273,0.51172
Cyprus,CYP,2006,0,34.067783,0.3509561
Cyprus,CYP,2007,0,34.705082,0.3187186
Cyprus,CYP,2008,,35.186115,0.2606911
Cyprus,CYP,2009,,34.558422,0.13818862
Cyprus,CYP,2010,,33.494812,0.17042612
Cyprus,CYP,2011,,33.08647,0.08016111
Cyprus,CYP,2012,,30.692911,0.0027911945
Cyprus,CYP,2013,,27.209448,0.0027911945
Cyprus,CYP,2014,,27.281853,0.02579
Cyprus,CYP,2015,,27.93332,0.038685
Cyprus,CYP,2016,,30.44842,0.0051644444
Cyprus,CYP,2017,,30.85105,0.034689166
Cyprus,CYP,2018,,30.818392,0.15830112
Cyprus,CYP,2019,,30.82246,0.1943486
Cyprus,CYP,2020,,26.219322,0.16211778
Cyprus,CYP,2021,,27.011642,0.47995833
Cyprus,CYP,2022,,28.822035,0.35579666
Cyprus,CYP,2023,,28.717276,0.31858054
Cyprus,CYP,2024,,29.478897,0.28060666
Cyprus,CYP,2025,,30.26092,0.24208194
Czechia,CZE,1965,4.2904997,47.046886,410.84137
Czechia,CZE,1966,4.49025,51.94198,409.63187
Czechia,CZE,1967,5.39375,57.79913,396.14105
Czechia,CZE,1968,6.6512504,63.84015,410.06216
Czechia,CZE,1969,7.294,68.492935,426.2046
Czechia,CZE,1970,8.0125,82.32865,431.473
Czechia,CZE,1971,9.955,90.63971,449.5344
Czechia,CZE,1972,10.810499,99.17102,443.12625
Czechia,CZE,1973,11.8725,111.4943,433.60132
Czechia,CZE,1974,14.47525,114.321106,431.99634
Czechia,CZE,1975,16.572,126.14466,441.21893
Czechia,CZE,1976,18.29625,133.33148,449.82513
Czechia,CZE,1977,20.793,139.49129,459.5478
Czechia,CZE,1978,23.299,144.35347,461.33884
Czechia,CZE,1979,26.140749,146.70984,461.4784
Czechia,CZE,1980,30.11125,136.44553,447.18515
Czechia,CZE,1981,30.207499,134.55257,445.37085
Czechia,CZE,1982,31.99775,123.24367,448.82495
Czechia,CZE,1983,37.541748,120.67317,446.30124
Czechia,CZE,1984,39.96025,128.27829,454.70972
Czechia,CZE,1985,49.0635,125.86781,444.83585
Czechia,CZE,1986,51.846,120.88828,442.82385
Czechia,CZE,1987,56.556,121.3741,437.67178
Czechia,CZE,1988,56.916252,116.66191,442.80063
Czechia,CZE,1989,58.737747,111.41667,425.75104
Czechia,CZE,1990,61.030746,107.68231,345.94446
Czechia,CZE,1991,58.889748,89.232994,316.91354
Czechia,CZE,1992,67.4505,95.83718,295.92255
Czechia,CZE,1993,68.93175,90.36996,287.87988
Czechia,CZE,1994,67.32975,92.62239,272.46667
Czechia,CZE,1995,76.19525,95.486176,272.72382
Czechia,CZE,1996,87.687004,98.157814,272.11865
Czechia,CZE,1997,89.18875,95.46335,255.68047
Czechia,CZE,1998,89.38025,99.520256,237.00224
Czechia,CZE,1999,89.860504,98.389786,215.9442
Czechia,CZE,2000,87.22675,95.24452,246.71695
Czechia,CZE,2001,93.413994,100.28989,242.13039
Czechia,CZE,2002,90.2725,97.966354,237.63069
Czechia,CZE,2003,91.20475,104.40125,241.5218
Czechia,CZE,2004,90.57325,115.301956,241.88834
Czechia,CZE,2005,89.590996,119.535675,233.69691
Czechia,CZE,2006,88.31275,118.68529,241.97527
Czechia,CZE,2007,84.1855,118.49603,241.51474
Czechia,CZE,2008,83.428246,119.433075,229.0496
Czechia,CZE,2009,79.1335,112.99638,211.57613
Czechia,CZE,2010,93.84875,110.31396,218.38116
Czechia,CZE,2011,79.1905,107.1883,214.98868
Czechia,CZE,2012,79.7365,105.899445,206.14917
Czechia,CZE,2013,80.78675,101.26759,196.50452
Czechia,CZE,2014,71.898,107.95897,190.43584
Czechia,CZE,2015,75.3945,105.8309,189.86116
Czechia,CZE,2016,81.599754,98.44729,191.26581
Czechia,CZE,2017,83.74775,115.23312,187.27791
Czechia,CZE,2018,79.828255,116.064514,186.01262
Czechia,CZE,2019,83.249504,117.60352,167.36311
Czechia,CZE,2020,84.62375,102.484436,145.43529
Czechia,CZE,2021,90.69425,112.96381,150.68779
Czechia,CZE,2022,73.764496,115.55649,154.26149
Czechia,CZE,2023,66.975,114.76657,125.15544
Czechia,CZE,2024,66.89,118.8356,106.07686
Czechia,CZE,2025,71.422005,118.066414,105.91956
Denmark,DNK,1965,,123.12545,43.008904
Denmark,DNK,1966,,140.2377,48.74482
Denmark,DNK,1967,,148.31645,41.73309
Denmark,DNK,1968,,161.21199,37.392776
Denmark,DNK,1969,,193.82655,34.154984
Denmark,DNK,1970,,215.5996,27.31887
Denmark,DNK,1971,,212.84607,16.718124
Denmark,DNK,1972,,225.19148,17.079817
Denmark,DNK,1973,,208.22063,26.177967
Denmark,DNK,1974,,188.51405,24.728868
Denmark,DNK,1975,,186.3196,23.857782
Denmark,DNK,1976,,198.24033,33.146664
Denmark,DNK,1977,,197.98227,38.13012
Denmark,DNK,1978,,197.52115,42.008724
Denmark,DNK,1979,,188.93774,50.09739
Denmark,DNK,1980,,161.33127,71.49775
Denmark,DNK,1981,,151.96735,57.144005
Denmark,DNK,1982,,130.91791,68.932175
Denmark,DNK,1983,0.14595,123.85265,65.83045
Denmark,DNK,1984,1.178025,122.43611,69.38574
Denmark,DNK,1985,6.7137003,126.177414,84.56987
Denmark,DNK,1986,11.967899,124.5112,85.54563
Denmark,DNK,1987,15.189225,114.68499,83.970924
Denmark,DNK,1988,18.525225,113.99847,78.56763
Denmark,DNK,1989,19.74495,109.763115,64.56976
Denmark,DNK,1990,21.048075,107.779976,70.83368
Denmark,DNK,1991,24.295813,109.48496,96.074265
Denmark,DNK,1992,25.546211,107.98721,80.024864
Denmark,DNK,1993,28.70732,113.97748,83.944176
Denmark,DNK,1994,32.078045,120.37995,90.2709
Denmark,DNK,1995,37.144203,126.776115,75.46009
Denmark,DNK,1996,43.754948,136.67027,103.72331
Denmark,DNK,1997,45.71891,130.6495,77.10806
Denmark,DNK,1998,49.297985,127.234375,65.53156
Denmark,DNK,1999,51.693676,126.1586,55.052933
Denmark,DNK,2000,51.01935,122.797676,46.18273
Denmark,DNK,2001,53.31487,120.47144,48.81576
Denmark,DNK,2002,53.817955,114.09591,48.873913
Denmark,DNK,2003,54.409176,109.871346,66.68293
Denmark,DNK,2004,54.150295,107.96157,51.11385
Denmark,DNK,2005,52.00558,108.93621,43.05212
Denmark,DNK,2006,52.982906,111.86966,64.73512
Denmark,DNK,2007,47.489613,113.008354,54.23582
Denmark,DNK,2008,47.716103,110.7838,47.659275
Denmark,DNK,2009,45.827923,98.95032,46.800316
Denmark,DNK,2010,51.839787,100.24139,45.47204
Denmark,DNK,2011,43.473644,97.04031,37.835083
Denmark,DNK,2012,40.60289,90.105896,29.658981
Denmark,DNK,2013,38.297825,89.25913,37.670876
Denmark,DNK,2014,32.894382,89.581764,29.857864
Denmark,DNK,2015,33.092525,90.5028,21.238245
Denmark,DNK,2016,33.65253,89.26748,24.577398
Denmark,DNK,2017,32.161003,88.42225,18.368778
Denmark,DNK,2018,31.208899,89.69898,18.772844
Denmark,DNK,2019,28.980944,89.961075,10.575361
Denmark,DNK,2020,23.153778,75.416504,9.309925
Denmark,DNK,2021,23.80002,77.03236,12.399528
Denmark,DNK,2022,16.632961,83.16375,12.180117
Denmark,DNK,2023,15.5478735,80.82653,7.758211
Denmark,DNK,2024,16.170464,82.84358,5.3135705
Denmark,DNK,2025,15.913253,76.62672,2.1696084
Ecuador,ECU,1965,,7.9206376,
Ecuador,ECU,1966,,8.26975,
Ecuador,ECU,1967,,8.931146,
Ecuador,ECU,1968,,10.672142,
Ecuador,ECU,1969,,11.293051,
Ecuador,ECU,1970,0.6978,12.877645,
Ecuador,ECU,1971,0.6978,14.23248,
Ecuador,ECU,1972,1.01181,15.620514,
Ecuador,ECU,1973,0.58150005,17.405224,
Ecuador,ECU,1974,1.1630001,19.758888,
Ecuador,ECU,1975,1.45375,24.25157,
Ecuador,ECU,1976,1.32582,26.878973,
Ecuador,ECU,1977,0.84898996,30.976559,
Ecuador,ECU,1978,0.87225,35.139828,
Ecuador,ECU,1979,0.62802,40.060024,
Ecuador,ECU,1980,0.48846,43.910522,
Ecuador,ECU,1981,0.79084,47.93179,
Ecuador,ECU,1982,1.02344,48.892838,
Ecuador,ECU,1983,1.26767,44.488815,
Ecuador,ECU,1984,1.8259101,46.35606,
Ecuador,ECU,1985,1.8607999,48.273663,
Ecuador,ECU,1986,1.84917,48.69782,
Ecuador,ECU,1987,1.72124,46.513756,
Ecuador,ECU,1988,2.01199,51.422703,
Ecuador,ECU,1989,1.59331,49.30214,
Ecuador,ECU,1990,2.61675,52.015694,0.0032014165
Ecuador,ECU,1991,3.20988,56.176235,0.0064451387
Ecuador,ECU,1992,3.22151,60.01831,0.004650528
Ecuador,ECU,1993,3.70997,57.754303,0.00081343605
Ecuador,ECU,1994,3.34944,61.449352,0.0039626947
Ecuador,ECU,1995,3.2331402,66.485306,0.0039586113
Ecuador,ECU,1996,3.43085,71.9922,0.0049553057
Ecuador,ECU,1997,3.1284702,76.31546,0.00626725
Ecuador,ECU,1998,3.18662,75.9564,0.009219167
Ecuador,ECU,1999,3.00054,67.75988,0.012029138
Ecuador,ECU,2000,3.2680302,74.11169,0.016110389
Ecuador,ECU,2001,3.32618,78.82048,0.020834971
Ecuador,ECU,2002,1.324207,82.73306,0.022496028
Ecuador,ECU,2003,2.3108556,82.396805,0.8815003
Ecuador,ECU,2004,5.378899,87.48447,0.020985112
Ecuador,ECU,2005,5.522699,95.370155,0.024508944
Ecuador,ECU,2006,6.0344195,101.071556,0.062975556
Ecuador,ECU,2007,5.4683084,102.58939,0.025139555
Ecuador,ECU,2008,4.987915,106.31383,0.2895472
Ecuador,ECU,2009,5.8786893,117.18316,0.06921278
Ecuador,ECU,2010,6.1890225,124.12593,0.115999445
Ecuador,ECU,2011,5.6075635,127.26668,0.108782776
Ecuador,ECU,2012,7.4896865,132.05536,0.13059416
Ecuador,ECU,2013,8.511818,140.30984,0.14639612
Ecuador,ECU,2014,8.725521,147.20282,0.13852888
Ecuador,ECU,2015,8.210332,142.91287,0.14999388
Ecuador,ECU,2016,8.8630905,134.6284,0.08799222
Ecuador,ECU,2017,8.6857815,131.2622,0.094677225
Ecuador,ECU,2018,7.7626114,142.07729,0.32408777
Ecuador,ECU,2019,6.922094,137.59444,0.0995275
Ecuador,ECU,2020,5.903834,111.069405,0.28073332
Ecuador,ECU,2021,6.238331,137.38457,0.5498481
Ecuador,ECU,2022,5.3682756,150.94281,0.79980165
Ecuador,ECU,2023,4.887129,159.5382,0.3040128
Ecuador,ECU,2024,5.871706,163.62132,0.09872361
Ecuador,ECU,2025,4.6584635,162.96753,0.09892833
Egypt,EGY,1965,0.471625,81.39379,4.68689
Egypt,EGY,1966,0.539,87.34,3.18662
Egypt,EGY,1967,0.539,71.32264,4.90786
Egypt,EGY,1968,0.539,74.599754,5.10557
Egypt,EGY,1969,0.683375,55.378662,5.51262
Egypt,EGY,1970,0.81812495,71.66592,5.08231
Egypt,EGY,1971,0.81812495,74.0778,4.170669
Egypt,EGY,1972,0.683375,84.65239,3.6906874
Egypt,EGY,1973,0.548625,79.57202,3.2146714
Egypt,EGY,1974,0.5775,87.76041,5.613138
Egypt,EGY,1975,0.48125002,97.01281,6.7084627
Egypt,EGY,1976,3.6575,114.73853,6.561646
Egypt,EGY,1977,4.4275,122.63606,7.4835796
Egypt,EGY,1978,7.1225,126.69805,7.169197
Egypt,EGY,1979,10.78,138.93947,7.9521403
Egypt,EGY,1980,20.9825,155.29256,6.4020824
Egypt,EGY,1981,23.485,179.1586,8.251323
Egypt,EGY,1982,25.69875,203.74937,8.526778
Egypt,EGY,1983,30.126251,223.57407,8.087851
Egypt,EGY,1984,38.6925,241.74295,8.201476
Egypt,EGY,1985,47.45125,245.68802,8.659639
Egypt,EGY,1986,54.670002,246.40953,8.706916
Egypt,EGY,1987,60.445,260.4517,9.210786
Egypt,EGY,1988,66.604996,259.0959,10.068685
Egypt,EGY,1989,74.497505,268.61255,10.304739
Egypt,EGY,1990,77.67375,275.3904,8.828414
Egypt,EGY,1991,87.395004,270.62952,9.086647
Egypt,EGY,1992,94.5175,259.8219,9.308141
Egypt,EGY,1993,108.666245,243.19084,11.212319
Egypt,EGY,1994,115.5,253.93777,12.06716
Egypt,EGY,1995,121.274994,275.37674,8.074232
Egypt,EGY,1996,125.125,291.0964,11.097346
Egypt,EGY,1997,128.97499,307.3263,9.392377
Egypt,EGY,1998,131.8625,323.4118,9.240117
Egypt,EGY,1999,157.85,330.86063,8.399267
Egypt,EGY,2000,192.5,323.75937,10.1112385
Egypt,EGY,2001,235.8125,305.73434,8.8946705
Egypt,EGY,2002,255.0625,304.1684,9.542124
Egypt,EGY,2003,285.8625,311.87805,9.894048
Egypt,EGY,2004,305.1125,328.39752,10.112517
Egypt,EGY,2005,304.15,347.70407,9.894048
Egypt,EGY,2006,351.3125,337.3307,9.899572
Egypt,EGY,2007,369.21503,364.28708,8.999108
Egypt,EGY,2008,393.08502,385.61722,8.098236
Egypt,EGY,2009,409.44748,403.6607,7.197784
Egypt,EGY,2010,434.18375,414.82562,5.396436
Egypt,EGY,2011,477.59253,418.33133,5.126364
Egypt,EGY,2012,506.37125,428.1394,4.5418177
Egypt,EGY,2013,495.01376,433.30225,4.487145
Egypt,EGY,2014,462.1875,455.3125,4.5240703
Egypt,EGY,2015,460.18768,463.41446,9.319224
Egypt,EGY,2016,493.54114,480.1537,14.169939
Egypt,EGY,2017,559.3277,456.23996,13.9517765
Egypt,EGY,2018,595.9529,406.50586,25.388884
Egypt,EGY,2019,590.3868,383.7603,22.940922
Egypt,EGY,2020,583.0793,332.66785,8.733374
Egypt,EGY,2021,621.2484,359.8107,14.113942
Egypt,EGY,2022,605.9086,425.38635,12.243622
Egypt,EGY,2023,600.4125,415.04596,13.62692
Egypt,EGY,2024,597.82086,436.93942,14.84559
Egypt,EGY,2025,614.5457,436.96805,16.312881
Estonia,EST,1985,10.486234,40.446075,67.5203
Estonia,EST,1986,9.530358,40.01098,68.341515
Estonia,EST,1987,10.325344,40.409798,68.93121
Estonia,EST,1988,11.120329,40.7583,65.754234
Estonia,EST,1989,11.120329,42.034187,68.07053
Estonia,EST,1990,14.21525,38.208683,72.02654
Estonia,EST,1991,14.27375,34.9583,66.05542
Estonia,EST,1992,8.34525,19.647087,53.37064
Estonia,EST,1993,4.1365,20.705559,42.677505
Estonia,EST,1994,5.94075,19.215202,43.68336
Estonia,EST,1995,6.7745,15.016495,40.50757
Estonia,EST,1996,7.4709997,16.2225,42.437965
Estonia,EST,1997,7.2595,15.9623785,41.945957
Estonia,EST,1998,6.89,15.872335,35.54562
Estonia,EST,1999,6.6975,14.794374,32.172234
Estonia,EST,2000,7.6992497,12.561229,34.2776
Estonia,EST,2001,8.2625,14.150989,34.074387
Estonia,EST,2002,6.9284997,14.698217,33.309147
Estonia,EST,2003,7.90875,14.322379,38.565674
Estonia,EST,2004,9.008,14.951368,38.46912
Estonia,EST,2005,9.30025,15.337512,38.088295
Estonia,EST,2006,9.39875,16.699583,36.38687
Estonia,EST,2007,9.343,17.589056,45.278614
Estonia,EST,2008,8.9609995,17.035866,40.484074
Estonia,EST,2009,6.10725,15.243807,34.976364
Estonia,EST,2010,6.542,15.592075,46.823254
Estonia,EST,2011,5.85325,15.401105,47.39259
Estonia,EST,2012,6.343,18.309076,43.549572
Estonia,EST,2013,6.4535,18.146963,48.426563
Estonia,EST,2014,5.0655003,17.065973,47.364048
Estonia,EST,2015,4.541,17.04543,41.969074
Estonia,EST,2016,4.98075,16.895807,44.06443
Estonia,EST,2017,4.8887925,17.793076,50.30146
Estonia,EST,2018,5.003573,17.440413,49.145332
Estonia,EST,2019,4.660554,15.53936,35.80476
Estonia,EST,2020,4.3005,16.103586,29.107565
Estonia,EST,2021,4.8631897,15.844214,31.759611
Estonia,EST,2022,4.0366664,16.447182,34.259235
Estonia,EST,2023,3.1296751,15.638858,29.26293
Estonia,EST,2024,3.4200678,15.851383,27.090725
Estonia,EST,2025,3.088126,14.670062,25.500467
Finland,FIN,1965,,67.48548,20.259819
Finland,FIN,1966,,81.86467,18.804535
Finland,FIN,1967,,85.7726,18.091894
Finland,FIN,1968,,97.22671,21.788618
Finland,FIN,1969,,112.92221,26.138052
Finland,FIN,1970,,126.97794,26.5675
Finland,FIN,1971,,131.4189,23.579445
Finland,FIN,1972,,139.85992,26.157778
Finland,FIN,1973,,156.46225,29.031944
Finland,FIN,1974,4.4444447,136.34688,29.58528
Finland,FIN,1975,7.355,140.98915,26.804998
Finland,FIN,1976,8.618334,151.2639,36.12
Finland,FIN,1977,8.764999,148.23775,36.420834
Finland,FIN,1978,9.543334,149.11165,49.09417
Finland,FIN,1979,9.509444,157.88281,47.313053
Finland,FIN,1980,8.945555,152.02914,53.688057
Finland,FIN,1981,7.1180553,145.4186,32.994167
Finland,FIN,1982,6.7233334,134.60008,36.59639
Finland,FIN,1983,6.520278,125.00577,39.750835
Finland,FIN,1984,7.467778,126.75379,45.78278
Finland,FIN,1985,9.475555,128.06352,58.025833
Finland,FIN,1986,11.472222,134.10484,53.05528
Finland,FIN,1987,15.172223,133.54774,59.426945
Finland,FIN,1988,16.32,131.87694,59.5
Finland,FIN,1989,21.4,131.68347,58.20639
Finland,FIN,1990,25.21,133.77747,61.2875
Finland,FIN,1991,26.57,132.74313,61.211666
Finland,FIN,1992,27.59,132.46938,55.71361
Finland,FIN,1993,28.51,124.6904,63.68889
Finland,FIN,1994,31.470001,129.38637,77.55639
Finland,FIN,1995,32.68,122.07735,68.605
Finland,FIN,1996,34.189445,120.74834,81.74694
Finland,FIN,1997,33.638332,119.510796,77.428055
Finland,FIN,1998,38.53639,125.27269,63.53889
Finland,FIN,1999,38.58,125.94697,61.565556
Finland,FIN,2000,39.41,126.881836,58.32722
Finland,FIN,2001,42.76,128.65701,70.48917
Finland,FIN,2002,42.460003,131.35736,76.59111
Finland,FIN,2003,47,133.14795,95.5925
Finland,FIN,2004,45.280003,132.59296,85.87945
Finland,FIN,2005,41.43,130.26495,55.168888
Finland,FIN,2006,44.280003,133.52223,86.153885
Finland,FIN,2007,40.960003,134.04243,81.35306
Finland,FIN,2008,41.880554,126.091934,62.043613
Finland,FIN,2009,37.38,118.44887,62.48972
Finland,FIN,2010,41.3,123.55622,78.925
Finland,FIN,2011,36.12,118.46273,64.1175
Finland,FIN,2012,31.945,111.98723,52.501667
Finland,FIN,2013,29.706667,114.29467,58.04139
Finland,FIN,2014,26.556667,110.82025,52.024723
Finland,FIN,2015,22.878613,111.465416,44.405003
Finland,FIN,2016,20.079723,116.98421,50.921112
Finland,FIN,2017,18.273056,112.44878,46.645557
Finland,FIN,2018,21.008888,110.68142,48.88139
Finland,FIN,2019,20.34639,111.9182,41.046947
Finland,FIN,2020,20.644722,99.737595,31.42889
Finland,FIN,2021,20.754168,96.446175,33.982224
Finland,FIN,2022,10.537223,99.922745,33.263332
Finland,FIN,2023,11.428056,89.170906,25.061823
Finland,FIN,2024,12.737222,91.190025,21.98133
Finland,FIN,2025,11.192222,90.79099,21.276297
France,FRA,1965,50.046993,637.3014,518.6519
France,FRA,1966,52.7965,683.123,481.15073
France,FRA,1967,60.339256,784.79,474.7507
France,FRA,1968,72.156494,850.43164,455.15802
France,FRA,1969,83.850494,982.66754,454.97604
France,FRA,1970,95.52925,1116.3309,431.5675
France,FRA,1971,113.2255,1216.7485,390.04514
France,FRA,1972,133.88774,1350.9572,342.50616
France,FRA,1973,157.0365,1506.0256,340.76196
France,FRA,1974,163.95924,1430.9877,343.38696
France,FRA,1975,182.87,1307.875,309.33948
France,FRA,1976,196.45325,1414.7838,350.43274
France,FRA,1977,205.08525,1358.8184,352.73724
France,FRA,1978,218.7795,1416.0526,350.37082
France,FRA,1979,242.37599,1408.642,377.1392
France,FRA,1980,251.71976,1309.0137,382.53546
France,FRA,1981,255.717,1181.7372,338.61462
France,FRA,1982,245.77225,1094.3964,347.7108
France,FRA,1983,261.80252,1068.1715,310.26437
France,FRA,1984,266.992,1029.9058,299.62274
France,FRA,1985,285.7915,1012.8425,292.56534
France,FRA,1986,287.41525,1033.2646,240.24608
France,FRA,1987,290.816,1040.2767,229.47267
France,FRA,1988,289.36124,1034.0203,224.35979
France,FRA,1989,283.14777,1061.674,242.27675
France,FRA,1990,302.7535,1060.0526,230.41907
France,FRA,1991,331.66623,1141.0382,244.24939
France,FRA,1992,330.99,1139.6106,216.20515
France,FRA,1993,338.51474,1101.6967,170.36862
France,FRA,1994,323.15027,1070.2838,168.88242
France,FRA,1995,343.97824,1084.53,179.88618
France,FRA,1996,380.1465,1110.012,189.07072
France,FRA,1997,364.46927,1112.2651,166.21768
France,FRA,1998,388.59476,1155.7661,196.86133
France,FRA,1999,396.21152,1159.9083,176.51741
France,FRA,2000,415.9635,1143.1821,171.16078
France,FRA,2001,436.684,1142.346,144.03574
France,FRA,2002,435.94275,1112.8135,154.58769
France,FRA,2003,457.26825,1116.9646,163.81403
France,FRA,2004,466.92523,1126.7009,157.7012
France,FRA,2005,477.12573,1104.4193,162.72182
France,FRA,2006,460.80548,1101.8494,150.37555
France,FRA,2007,447.60925,1075.5088,155.5553
France,FRA,2008,463.8645,1053.3467,147.43585
France,FRA,2009,447.31073,1010.69946,128.60323
France,FRA,2010,495.6445,979.68024,138.14598
France,FRA,2011,430.19037,964.28784,123.74992
France,FRA,2012,444.44296,931.50653,137.54936
France,FRA,2013,451.43155,919.6135,146.10484
France,FRA,2014,379.08353,889.6535,107.207726
France,FRA,2015,407.51764,902.1668,102.279854
France,FRA,2016,445.29938,888.43915,99.513885
France,FRA,2017,447.65698,902.0478,109.046196
France,FRA,2018,427.73114,879.50415,100.20472
France,FRA,2019,435.67624,872.30695,79.423065
France,FRA,2020,405.18387,735.6947,55.982357
France,FRA,2021,430.06158,790.98364,75.107765
France,FRA,2022,385.8212,789.45807,64.40096
France,FRA,2023,340.1094,777.8147,49.203228
France,FRA,2024,318.18982,777.3817,46.36313
France,FRA,2025,305.97708,768.5969,43.98816
Germany,DEU,1965,30.975674,1020.5698,1869.4766
Germany,DEU,1966,37.229923,1141.8322,1745.3394
Germany,DEU,1967,47.988647,1187.4216,1681.3043
Germany,DEU,1968,78.86974,1331.1227,1705.4391
Germany,DEU,1969,112.316376,1496.9418,1755.9606
Germany,DEU,1970,159.73753,1644.0703,1733.998
Germany,DEU,1971,211.02473,1712.5317,1659.38
Germany,DEU,1972,273.22437,1807.8164,1619.8612
Germany,DEU,1973,352.33054,1927.148,1625.1296
Germany,DEU,1974,440.76492,1748.5243,1632.1193
Germany,DEU,1975,465.1435,1698.3301,1478.5685
Germany,DEU,1976,492.28857,1834.953,1560.839
Germany,DEU,1977,522.7913,1812.3656,1499.0023
Germany,DEU,1978,560.4233,1890.2781,1518.4827
Germany,DEU,1979,619.478,1949.953,1606.7775
Germany,DEU,1980,610.7291,1764.3439,1643.761
Germany,DEU,1981,583.9388,1601.3844,1671.3124
Germany,DEU,1982,541.8615,1513.8575,1631.4796
Germany,DEU,1983,563.34344,1482.448,1690.967
Germany,DEU,1984,588.30133,1477.557,1745.2443
Germany,DEU,1985,581.49146,1522.7413,1735.9985
Germany,DEU,1986,579.8007,1604.2207,1640.3766
Germany,DEU,1987,628.617,1562.0078,1633.6312
Germany,DEU,1988,618.8514,1562.9131,1614.3953
Germany,DEU,1989,633.358,1468.3829,1640.0974
Germany,DEU,1990,636.8833,1537.2932,1529.6908
Germany,DEU,1991,669.1928,1607.6146,1343.5953
Germany,DEU,1992,661.6269,1621.6552,1214.498
Germany,DEU,1993,700.1133,1646.8728,1145.7743
Germany,DEU,1994,712.92725,1631.9728,1111.4517
Germany,DEU,1995,777.3736,1631.1296,1053.9395
Germany,DEU,1996,869.91,1658.878,1049.4019
Germany,DEU,1997,831.03357,1648.9271,1016.8183
Germany,DEU,1998,838.65027,1650.7172,992.5123
Germany,DEU,1999,836.19086,1601.1073,955.58167
Germany,DEU,2000,829.24585,1570.4348,992.0958
Germany,DEU,2001,874.48193,1590.9634,994.93604
Germany,DEU,2002,873.1278,1537.7799,997.1488
Germany,DEU,2003,883.7197,1507.7172,1013.6199
Germany,DEU,2004,888.2105,1490.4901,988.11005
Germany,DEU,2005,902.8105,1460.0576,945.3872
Germany,DEU,2006,920.069,1457.2372,983.3113
Germany,DEU,2007,886.36194,1319.4586,1008.28674
Germany,DEU,2008,895.00635,1399.0693,931.8082
Germany,DEU,2009,844.3012,1339.8384,834.2924
Germany,DEU,2010,880.71246,1357.6443,896.1722
Germany,DEU,2011,808.6072,1313.2709,910.7911
Germany,DEU,2012,811.1005,1305.3893,936.0742
Germany,DEU,2013,849.74335,1334.2625,963.3986
Germany,DEU,2014,738.9503,1298.318,925.89496
Germany,DEU,2015,769.5361,1296.5422,915.0558
Germany,DEU,2016,848.8475,1321.8785,889.93506
Germany,DEU,2017,877.38477,1408.9285,835.9297
Germany,DEU,2018,858.5072,1336.97,806.69
Germany,DEU,2019,892.8303,1351.0276,624.2178
Germany,DEU,2020,871.075,1223.2377,514.8666
Germany,DEU,2021,917.38025,1209.7521,621.9345
Germany,DEU,2022,755.8128,1241.9773,641.7603
Germany,DEU,2023,727.9709,1165.5121,487.4227
Germany,DEU,2024,757.63837,1176.5474,439.75
Germany,DEU,2025,785.19025,1166.4073,415.19098
Greece,GRC,1965,,52.273228,24.50441
Greece,GRC,1966,,57.076584,24.457891
Greece,GRC,1967,,67.11283,23.3763
Greece,GRC,1968,,68.693054,26.400099
Greece,GRC,1969,,73.09415,25.55111
Greece,GRC,1970,,79.16741,29.40064
Greece,GRC,1971,,87.45739,43.33338
Greece,GRC,1972,,101.31322,46.2874
Greece,GRC,1973,,117.920204,54.44003
Greece,GRC,1974,,110.66205,57.335903
Greece,GRC,1975,,117.248055,75.08328
Greece,GRC,1976,,124.7924,88.72527
Greece,GRC,1977,,127.140976,94.365814
Greece,GRC,1978,,138.43669,83.91045
Greece,GRC,1979,,146.42546,46.06643
Greece,GRC,1980,,144.97278,46.06643
Greece,GRC,1981,,140.84198,45.60123
Greece,GRC,1982,0.8435,141.5108,46.29903
Greece,GRC,1983,0.80399996,135.79776,56.77766
Greece,GRC,1984,0.8845,139.16304,60.62719
Greece,GRC,1985,0.83125,141.48158,70.303345
Greece,GRC,1986,1.13875,143.58203,67.093475
Greece,GRC,1987,1.3,155.96172,76.595184
Greece,GRC,1988,1.55925,161.07315,85.96896
Greece,GRC,1989,1.5725,177.45236,92.42361
Greece,GRC,1990,1.6065,186.76773,93.7266
Greece,GRC,1991,1.587,187.98637,90.17141
Greece,GRC,1992,1.4664999,192.23383,94.088234
Greece,GRC,1993,1.0815,197.03828,94.04727
Greece,GRC,1994,0.55324996,201.7928,94.24909
Greece,GRC,1995,0.51025003,210.60709,93.93198
Greece,GRC,1996,0.57325,217.91556,91.37747
Greece,GRC,1997,1.98875,220.76341,98.410995
Greece,GRC,1998,8.145165,231.28453,102.95045
Greece,GRC,1999,14.603706,225.91736,99.02893
Greece,GRC,2000,19.601875,236.24867,104.9478
Greece,GRC,2001,19.344769,239.57071,108.47606
Greece,GRC,2002,20.80514,240.72469,104.36563
Greece,GRC,2003,23.520193,252.75017,104.92749
Greece,GRC,2004,25.854729,247.72807,107.55803
Greece,GRC,2005,26.032501,249.09128,106.0982
Greece,GRC,2006,30.693,260.4055,97.70742
Greece,GRC,2007,38.867813,263.44055,103.01639
Greece,GRC,2008,45.02978,252.5715,96.96925
Greece,GRC,2009,37.812714,236.8714,98.0082
Greece,GRC,2010,41.439568,214.75667,91.50558
Greece,GRC,2011,51.09987,204.6029,91.84949
Greece,GRC,2012,46.964645,178.35648,94.6589
Greece,GRC,2013,41.45214,164.78659,81.26121
Greece,GRC,2014,31.60299,163.37802,78.098015
Greece,GRC,2015,34.126534,170.21135,65.4408
Greece,GRC,2016,44.420002,169.9643,50.692112
Greece,GRC,2017,53.57,174.0427,55.779747
Greece,GRC,2018,52.451,172.01466,54.774906
Greece,GRC,2019,57.583,177.2468,37.175343
Greece,GRC,2020,63.426598,143.51395,21.294857
Greece,GRC,2021,69.8031,152.0555,19.907978
Greece,GRC,2022,61.967,172.21721,18.437853
Greece,GRC,2023,53.822002,171.32507,14.2742195
Greece,GRC,2024,66.689,175.08669,10.022874
Greece,GRC,2025,71.13,176.04625,8.495628
Hong Kong,HKG,1965,,24.871521,1.43049
Hong Kong,HKG,1966,,27.293041,1.2327801
Hong Kong,HKG,1967,,32.704254,0.98855
Hong Kong,HKG,1968,,35.71866,0.70943
Hong Kong,HKG,1969,,42.38126,0.41868
Hong Kong,HKG,1970,,45.737446,0.24423
Hong Kong,HKG,1971,,48.245647,0.31401
Hong Kong,HKG,1972,,55.002895,0.15119
Hong Kong,HKG,1973,,57.120667,0.081410006
Hong Kong,HKG,1974,,58.476112,0.081410006
Hong Kong,HKG,1975,,55.057316,0.06978
Hong Kong,HKG,1976,,64.99793,0.09304
Hong Kong,HKG,1977,,70.20239,0.081410006
Hong Kong,HKG,1978,,72.9587,0.058149997
Hong Kong,HKG,1979,,74.716446,0.04652
Hong Kong,HKG,1980,,76.37257,0.02326
Hong Kong,HKG,1981,,81.002144,0.40704998
Hong Kong,HKG,1982,,78.94145,10.40885
Hong Kong,HKG,1983,,70.29673,24.446259
Hong Kong,HKG,1984,,65.150055,31.91272
Hong Kong,HKG,1985,,61.261135,39.50711
Hong Kong,HKG,1986,,59.873386,45.71753
Hong Kong,HKG,1987,,58.73012,57.28938
Hong Kong,HKG,1988,,67.36971,66.27937
Hong Kong,HKG,1989,,71.84668,71.01279
Hong Kong,HKG,1990,,75.48578,63.87196
Hong Kong,HKG,1991,,75.47003,68.91938
Hong Kong,HKG,1992,,96.86926,73.059654
Hong Kong,HKG,1993,,100.89406,84.608246
Hong Kong,HKG,1994,,107.65179,60.44111
Hong Kong,HKG,1995,0.3039472,115.22543,65.15126
Hong Kong,HKG,1996,19.268679,112.906654,48.41569
Hong Kong,HKG,1997,30.086596,111.75032,40.85619
Hong Kong,HKG,1998,28.225657,107.219894,50.78821
Hong Kong,HKG,1999,31.124638,114.0835,43.41361
Hong Kong,HKG,2000,28.136944,118.88865,50.449722
Hong Kong,HKG,2001,28.3967,141.33519,79.68833
Hong Kong,HKG,2002,26.977533,154.46638,61.98861
Hong Kong,HKG,2003,17.347586,155.44257,78.61528
Hong Kong,HKG,2004,25.06098,183.05957,73.40639
Hong Kong,HKG,2005,25.118761,165.10948,79.86222
Hong Kong,HKG,2006,27.556843,178.45949,79.73417
Hong Kong,HKG,2007,25.744291,191.26967,86.998055
Hong Kong,HKG,2008,29.780863,173.34848,79.721664
Hong Kong,HKG,2009,28.922625,196.68486,83.24778
Hong Kong,HKG,2010,35.943127,212.63667,72.42306
Hong Kong,HKG,2011,28.625381,214.10521,86.14694
Hong Kong,HKG,2012,26.359236,205.13832,84.79666
Hong Kong,HKG,2013,24.833277,209.29407,90.37639
Hong Kong,HKG,2014,23.870398,198.1297,94.72611
Hong Kong,HKG,2015,30.456371,217.42123,77.90111
Hong Kong,HKG,2016,31.265652,225.19812,77.89527
Hong Kong,HKG,2017,31.161383,254.45477,72.96777
Hong Kong,HKG,2018,30.1735,257.5806,74.94056
Hong Kong,HKG,2019,31.161623,240.73477,71.769165
Hong Kong,HKG,2020,49.442585,169.06566,38.230556
Hong Kong,HKG,2021,48.25467,151.34477,42.464996
Hong Kong,HKG,2022,45.324413,128.26762,41.76583
Hong Kong,HKG,2023,48.467804,159.25752,40.80528
Hong Kong,HKG,2024,54.230053,180.91225,34.841667
Hong Kong,HKG,2025,52.534966,189.4743,29.200277
Hungary,HUN,1965,13.59725,44.273094,126.88329
Hungary,HUN,1966,16.85625,48.626213,121.684685
Hungary,HUN,1967,21.63475,51.449696,105.56551
Hungary,HUN,1968,27.229,53.920544,104.19317
Hungary,HUN,1969,32.416,60.313942,105.75159
Hungary,HUN,1970,36.353,70.053635,107.47283
Hungary,HUN,1971,37.855503,78.927284,104.03034
Hungary,HUN,1972,40.85975,85.993385,101.099594
Hungary,HUN,1973,48.520252,96.752205,101.62294
Hungary,HUN,1974,51.675503,105.922,96.92442
Hungary,HUN,1975,57.40325,119.49149,92.3422
Hungary,HUN,1976,68.92725,125.17623,93.56335
Hungary,HUN,1977,74.27975,133.09103,95.16829
Hungary,HUN,1978,81.34125,147.2131,95.07526
Hungary,HUN,1979,85.92225,138.70981,95.807945
Hungary,HUN,1980,92.71975,134.84071,93.94714
Hungary,HUN,1981,94.840996,128.84254,94.40071
Hungary,HUN,1982,99.048744,122.05013,98.42468
Hungary,HUN,1983,98.74575,115.73054,92.52828
Hungary,HUN,1984,100.565506,121.191,90.03947
Hungary,HUN,1985,102.6675,123.43376,88.43452
Hungary,HUN,1986,108.902245,114.001625,87.39945
Hungary,HUN,1987,108.11625,119.51186,87.352936
Hungary,HUN,1988,106.93825,110.64611,82.42181
Hungary,HUN,1989,108.948006,107.246796,73.82724
Hungary,HUN,1990,103.65888,106.33131,71.6092
Hungary,HUN,1991,102.789444,98.23867,66.68337
Hungary,HUN,1992,90.36,95.298004,60.13497
Hungary,HUN,1993,97.23778,92.3488,54.169632
Hungary,HUN,1994,98.19611,90.97473,51.38704
Hungary,HUN,1995,106.70389,91.15948,50.546745
Hungary,HUN,1996,119.06167,83.90669,49.91668
Hungary,HUN,1997,112.91389,85.98019,47.68172
Hungary,HUN,1998,113.69833,89.39313,46.271748
Hungary,HUN,1999,115.19584,85.7228,48.17067
Hungary,HUN,2000,112.30806,82.23855,44.99306
Hungary,HUN,2001,124.56473,79.71976,42.749565
Hungary,HUN,2002,125.72667,79.86267,41.24688
Hungary,HUN,2003,138.23473,76.85952,42.210484
Hungary,HUN,2004,136.21333,77.29746,40.02382
Hungary,HUN,2005,140.65251,87.828926,35.593605
Hungary,HUN,2006,133.24223,91.64636,35.72894
Hungary,HUN,2007,124.49722,90.24266,36.334526
Hungary,HUN,2008,122.822495,87.269554,35.293922
Hungary,HUN,2009,106.436386,86.07807,29.717325
Hungary,HUN,2010,114.15417,81.30606,31.30873
Hungary,HUN,2011,109.13528,77.20298,31.54748
Hungary,HUN,2012,97.39972,72.05541,30.353476
Hungary,HUN,2013,90.80139,70.47382,26.576935
Hungary,HUN,2014,81.19611,78.41945,26.271076
Hungary,HUN,2015,87.10667,84.03167,27.226086
Hungary,HUN,2016,93.36222,83.451355,25.506508
Hungary,HUN,2017,99.34139,90.3991,26.144308
Hungary,HUN,2018,96.22417,96.8896,24.698467
Hungary,HUN,2019,98.44,97.92278,21.38699
Hungary,HUN,2020,101.92972,89.379326,19.594992
Hungary,HUN,2021,108.104004,97.09771,15.938159
Hungary,HUN,2022,91.90975,96.33766,14.501377
Hungary,HUN,2023,82.14825,94.0944,10.506077
Hungary,HUN,2024,82.511246,93.32065,8.568239
Hungary,HUN,2025,86.008606,92.39464,4.4907484
Iceland,ISL,1965,,5.612466,0.07602083
Iceland,ISL,1966,,6.0511594,0.055976667
Iceland,ISL,1967,,5.8715425,0.04302139
Iceland,ISL,1968,,6.2693133,0.03397722
Iceland,ISL,1969,,5.7495003,0.02395511
Iceland,ISL,1970,,5.875635,0.016010834
Iceland,ISL,1971,,6.3996997,0.010999806
Iceland,ISL,1972,,6.8569255,0.007944305
Iceland,ISL,1973,,7.9397244,0.0050110277
Iceland,ISL,1974,,7.4100266,0.00403325
Iceland,ISL,1975,,6.9604106,0.0027066665
Iceland,ISL,1976,,6.9930778,0.0027533332
Iceland,ISL,1977,,7.313648,0.0025083334
Iceland,ISL,1978,,7.7066045,0.0021233333
Iceland,ISL,1979,,7.482763,0.18333001
Iceland,ISL,1980,,6.962151,0.24444
Iceland,ISL,1981,,6.795264,0.41554806
Iceland,ISL,1982,,6.2100058,0.38756806
Iceland,ISL,1983,,6.033723,0.5539439
Iceland,ISL,1984,,6.2958694,0.765592
Iceland,ISL,1985,,6.274548,0.81852806
Iceland,ISL,1986,,6.36477,0.92198384
Iceland,ISL,1987,,6.8829937,0.73538387
Iceland,ISL,1988,,7.1954055,0.7415439
Iceland,ISL,1989,,7.6968536,0.792192
Iceland,ISL,1990,,8.191046,0.7556561
Iceland,ISL,1991,,7.766676,0.7795281
Iceland,ISL,1992,,8.415177,0.61407197
Iceland,ISL,1993,,8.6441,0.63431996
Iceland,ISL,1994,,8.66809,0.62668806
Iceland,ISL,1995,,8.987374,0.7371681
Iceland,ISL,1996,,9.390266,0.73020804
Iceland,ISL,1997,,9.83036,0.7573681
Iceland,ISL,1998,,10.216269,0.6799039
Iceland,ISL,1999,,10.53843,0.79519194
Iceland,ISL,2000,,10.604238,1.099672
Iceland,ISL,2001,,10.09992,1.1929681
Iceland,ISL,2002,,10.565933,1.1883333
Iceland,ISL,2003,,10.403124,1.1666666
Iceland,ISL,2004,,11.094587,1.2222222
Iceland,ISL,2005,,10.867801,1.1666666
Iceland,ISL,2006,,11.764906,1.1944445
Iceland,ISL,2007,0,11.936759,1.2777778
Iceland,ISL,2008,,13.088133,1.1111112
Iceland,ISL,2009,,12.503299,1.0277778
Iceland,ISL,2010,,8.497562,1.0833333
Iceland,ISL,2011,,8.345639,1.0833333
Iceland,ISL,2012,,8.243708,1.1083333
Iceland,ISL,2013,,8.593169,1.275
Iceland,ISL,2014,,9.030529,1.0444444
Iceland,ISL,2015,,9.803495,1.1555556
Iceland,ISL,2016,,10.829254,1.3444445
Iceland,ISL,2017,,11.986396,1.3333334
Iceland,ISL,2018,,13.109028,1.3333334
Iceland,ISL,2019,,11.0991955,1.3055556
Iceland,ISL,2020,,7.2965393,0.96123195
Iceland,ISL,2021,,8.542696,1.3613052
Iceland,ISL,2022,,10.809577,1.3469023
Iceland,ISL,2023,,11.310686,0.9684758
Iceland,ISL,2024,,11.604769,1.2522525
Iceland,ISL,2025,,11.682964,0.91842306
India,IND,1965,2.37252,146.99513,413.40735
India,IND,1966,2.66327,164.14969,412.41537
India,IND,1967,3.55878,169.36023,419.28528
India,IND,1968,3.9542,189.77089,433.82474
India,IND,1969,4.74504,227.92883,460.8412
India,IND,1970,6.3284664,226.89145,436.80887
India,IND,1971,6.706219,243.33247,442.87222
India,IND,1972,7.3559065,262.38327,467.68307
India,IND,1973,7.336656,276.95908,461.4494
India,IND,1974,8.303968,271.54297,520.85614
India,IND,1975,10.630813,278.09283,559.90625
India,IND,1976,12.914344,293.2587,583.0348
India,IND,1977,13.792624,315.04404,610.3462
India,IND,1978,15.404812,342.3745,590.66406
India,IND,1979,19.158562,369.47278,627.49286
India,IND,1980,11.331031,376.81616,659.565
India,IND,1981,19.781782,405.65527,742.1424
India,IND,1982,25.934563,422.65634,733.90405
India,IND,1983,30.857752,444.35297,779.0481
India,IND,1984,35.340595,477.06705,818.31085
India,IND,1985,43.228283,517.6358,857.39703
India,IND,1986,60.40024,544.25946,921.24005
India,IND,1987,69.577,561.7668,1011.6298
India,IND,1988,81.50488,616.5008,1085.5574
India,IND,1989,96.904594,667.77264,1179.941
India,IND,1990,115.92735,694.0582,1276.0251
India,IND,1991,129.10802,706.1011,1357.8777
India,IND,1992,144.34691,744.1866,1438.2565
India,IND,1993,146.67085,752.0428,1489.6254
India,IND,1994,158.56918,808.2667,1537.2871
India,IND,1995,180.77829,901.3517,1631.6134
India,IND,1996,197.31721,972.76135,1678.4825
India,IND,1997,214.52634,1039.8557,1755.3627
India,IND,1998,235.42874,1113.5074,1813.6592
India,IND,1999,241.23369,1219.4528,1796.674
India,IND,2000,253.62694,1277.5098,1911.1663
India,IND,2001,254.27748,1281.0958,1926.9531
India,IND,2002,265.54413,1324.2423,2012.7899
India,IND,2003,284.26898,1347.6937,2107.9836
India,IND,2004,306.6914,1426.8564,2243.5286
India,IND,2005,343.25635,1450.1283,2456.1133
India,IND,2006,358.77188,1532.0394,2549.8647
India,IND,2007,388.1026,1637.4816,2790.2725
India,IND,2008,399.87668,1719.2588,3020.762
India,IND,2009,491.08084,1806.7904,3268.2656
India,IND,2010,589.6162,1848.4161,3348.5461
India,IND,2011,602.85876,1935.7648,3478.864
India,IND,2012,556.9909,2051.6697,3787.818
India,IND,2013,490.193,2065.6555,4009.729
India,IND,2014,485.0157,2125.4941,4401.073
India,IND,2015,478.0684,2296.0386,4490.47
India,IND,2016,507.90982,2514.2617,4587.6924
India,IND,2017,535.9986,2588.196,4737.1567
India,IND,2018,579.96277,2704.5122,4981.6016
India,IND,2019,592.4985,2791.9463,4989.0234
India,IND,2020,603.6012,2537.8525,4714.672
India,IND,2021,623.72705,2588.9045,5352.792
India,IND,2022,582.5085,2804.5303,5561.3345
India,IND,2023,620.34424,2939.235,6137.2236
India,IND,2024,709.1052,3025.56,6387.6904
India,IND,2025,665.6911,3025.5723,6408.631
Indonesia,IDN,1965,5.0750003,72.543625,1.50027
Indonesia,IDN,1966,5.1765,69.86446,1.83754
Indonesia,IDN,1967,6.32345,67.4028,1.29093
Indonesia,IDN,1968,6.42495,71.29931,0.96528995
Indonesia,IDN,1969,12.10895,76.334076,1.1630001
Indonesia,IDN,1970,12.5758505,80.99267,1.01181
Indonesia,IDN,1971,12.71795,83.94383,1.1630001
Indonesia,IDN,1972,12.47435,90.78368,1.1630001
Indonesia,IDN,1973,8.12,108.37456,0.77921
Indonesia,IDN,1974,11.439051,113.21974,0.84898996
Indonesia,IDN,1975,23.6495,129.84836,1.0815899
Indonesia,IDN,1976,23.852499,139.89664,1.0815899
Indonesia,IDN,1977,50.75,164.95786,1.1630001
Indonesia,IDN,1978,58.667,185.91682,1.5467899
Indonesia,IDN,1979,75.719,202.2756,2.3260002
Indonesia,IDN,1980,71.3545,227.56358,2.94239
Indonesia,IDN,1981,71.253,249.5228,3.1401
Indonesia,IDN,1982,67.7005,259.33398,2.96565
Indonesia,IDN,1983,90.84251,253.85255,2.96565
Indonesia,IDN,1984,106.0675,273.57245,3.10521
Indonesia,IDN,1985,125.454,268.883,10.467
Indonesia,IDN,1986,135.2995,275.73636,16.81698
Indonesia,IDN,1987,139.96849,285.60983,26.36521
Indonesia,IDN,1988,148.59601,300.38272,27.53984
Indonesia,IDN,1989,166.3585,318.60794,41.33302
Indonesia,IDN,1990,171.73029,366.26285,39.787926
Indonesia,IDN,1991,197.6868,390.09222,40.266277
Indonesia,IDN,1992,215.5959,420.5104,49.150906
Indonesia,IDN,1993,228.6911,448.4648,57.296738
Indonesia,IDN,1994,270.83142,443.34113,57.316826
Indonesia,IDN,1995,285.58444,490.8204,63.07747
Indonesia,IDN,1996,297.3052,527.91,75.18891
Indonesia,IDN,1997,310.11414,584.76495,92.728874
Indonesia,IDN,1998,298.9895,557.09625,99.51191
Indonesia,IDN,1999,324.91727,583.22876,136.964
Indonesia,IDN,2000,330.0515,637.6342,153.06941
Indonesia,IDN,2001,341.34586,659.7541,194.33177
Indonesia,IDN,2002,371.0345,663.0471,200.4558
Indonesia,IDN,2003,395.58176,683.08,269.08673
Indonesia,IDN,2004,362.02185,721.0085,247.38066
Indonesia,IDN,2005,363.93564,720.29486,283.74948
Indonesia,IDN,2006,371.11362,693.5674,330.78885
Indonesia,IDN,2007,346.4204,731.7054,417.32904
Indonesia,IDN,2008,396.94687,746.4561,366.07092
Indonesia,IDN,2009,421.00803,750.0341,378.32092
Indonesia,IDN,2010,440.47586,793.81995,429.6194
Indonesia,IDN,2011,427.34302,850.97736,496.2655
Indonesia,IDN,2012,469.77582,894.8122,505.7057
Indonesia,IDN,2013,437.8836,865.0088,440.75632
Indonesia,IDN,2014,441.3333,861.4602,469.06967
Indonesia,IDN,2015,469.23,822.09674,532.274
Indonesia,IDN,2016,440.13916,792.95087,544.3162
Indonesia,IDN,2017,499.61502,850.3321,566.1091
Indonesia,IDN,2018,431.07056,877.21906,655.7294
Indonesia,IDN,2019,407.2039,855.10266,801.23114
Indonesia,IDN,2020,376.63028,753.2117,765.3799
Indonesia,IDN,2021,407.7586,786.71375,763.2296
Indonesia,IDN,2022,398.3222,858.0724,1216.5106
Indonesia,IDN,2023,434.47916,854.7072,1199.9062
Indonesia,IDN,2024,472.71695,875.5163,1311.3605
Indonesia,IDN,2025,483.08417,910.4112,1431.7639
Iran,IRN,1965,7.813279,81.939705,2.45393
Iran,IRN,1966,8.191687,89.68452,2.69816
Iran,IRN,1967,8.587943,99.20545,2.97728
Iran,IRN,1968,9.173318,109.47246,3.27966
Iran,IRN,1969,10.7639265,119.56593,3.6169298
Iran,IRN,1970,25.524555,129.19635,3.98909
Iran,IRN,1971,29.543463,141.64665,2.810413
Iran,IRN,1972,33.817947,157.65855,4.391081
Iran,IRN,1973,41.077072,189.24191,7.3832474
Iran,IRN,1974,41.765083,219.959,8.086142
Iran,IRN,1975,42.608833,257.91962,14.979475
Iran,IRN,1976,47.995686,292.32513,14.805025
Iran,IRN,1977,49.080723,339.15933,14.977358
Iran,IRN,1978,38.00843,340.1507,9.15167
Iran,IRN,1979,50.9207,357.9212,13.209831
Iran,IRN,1980,45.35404,330.28473,13.911492
Iran,IRN,1981,49.280403,328.61838,11.616998
Iran,IRN,1982,67.49103,357.87906,15.668668
Iran,IRN,1983,77.13311,435.68042,14.783498
Iran,IRN,1984,89.78872,471.64413,11.429499
Iran,IRN,1985,96.86438,518.38904,11.244663
Iran,IRN,1986,93.05475,478.29694,11.074993
Iran,IRN,1987,113.91767,498.8362,10.89417
Iran,IRN,1988,123.67468,500.27936,11.242
Iran,IRN,1989,156.16837,536.6414,8.259161
Iran,IRN,1990,227.98512,553.2112,8.261172
Iran,IRN,1991,265.31036,586.54645,11.791995
Iran,IRN,1992,305.18286,630.63934,10.385509
Iran,IRN,1993,165.13165,691.7041,12.766507
Iran,IRN,1994,261.05283,714.48303,12.817842
Iran,IRN,1995,318.67996,702.6482,12.004997
Iran,IRN,1996,374.79385,737.46826,12.558331
Iran,IRN,1997,397.5235,758.171,12.872003
Iran,IRN,1998,462.3135,736.06213,14.989162
Iran,IRN,1999,549.7264,752.26575,14.264881
Iran,IRN,2000,594.40875,775.7112,15.159658
Iran,IRN,2001,665.327,799.744,14.862
Iran,IRN,2002,782.20325,806.6087,14.081557
Iran,IRN,2003,802.7674,810.2835,15.257164
Iran,IRN,2004,932.5602,848.9064,15.971223
Iran,IRN,2005,970.46906,910.1544,18.102768
Iran,IRN,2006,1057.84,991.9344,17.473772
Iran,IRN,2007,1185.5222,999.07385,18.215395
Iran,IRN,2008,1257.8672,1029.7059,14.342342
Iran,IRN,2009,1347.9441,1002.6773,9.255012
Iran,IRN,2010,1443.894,972.17633,13.363621
Iran,IRN,2011,1531.9261,978.04443,13.733183
Iran,IRN,2012,1525.4553,998.7805,10.651124
Iran,IRN,2013,1538.3448,1075.3906,8.86266
Iran,IRN,2014,1734.0094,991.93774,10.552487
Iran,IRN,2015,1840.1948,864.85693,12.6951065
Iran,IRN,2016,1963.1906,888.2897,10.559657
Iran,IRN,2017,2050.0398,896.9061,11.981638
Iran,IRN,2018,2126.4338,933.4988,15.848833
Iran,IRN,2019,2183.8955,985.50775,18.932867
Iran,IRN,2020,2367.6733,950.84296,21.400637
Iran,IRN,2021,2295.3145,1009.99646,20.254835
Iran,IRN,2022,2394.013,1032.7953,21.513763
Iran,IRN,2023,2465.8333,1049.5453,18.062593
Iran,IRN,2024,2537.3425,1068.649,18.450346
Iran,IRN,2025,2562.716,1074.7173,18.827507
Iraq,IRQ,1965,4.7310004,18.0648,
Iraq,IRQ,1966,5.7665,19.331001,
Iraq,IRQ,1967,4.598,20.708927,
Iraq,IRQ,1968,4.6075,22.232122,
Iraq,IRQ,1969,7.2390003,23.810186,
Iraq,IRQ,1970,7.41,31.23763,
Iraq,IRQ,1971,8.7875,33.480137,
Iraq,IRQ,1972,8.882501,40.72927,
Iraq,IRQ,1973,8.645,39.85893,
Iraq,IRQ,1974,7.9420004,39.219147,
Iraq,IRQ,1975,12.3025,39.173504,
Iraq,IRQ,1976,17.1475,47.936947,
Iraq,IRQ,1977,11.191,56.694485,
Iraq,IRQ,1978,11.5995,60.07625,
Iraq,IRQ,1979,16.6345,72.68304,
Iraq,IRQ,1980,12.1695,87.1314,
Iraq,IRQ,1981,5.89,87.037094,
Iraq,IRQ,1982,6.46,89.883965,
Iraq,IRQ,1983,4.465,106.461365,
Iraq,IRQ,1984,5.605,117.46719,
Iraq,IRQ,1985,8.075,133.36305,
Iraq,IRQ,1986,14.725,148.48793,
Iraq,IRQ,1987,35.625,151.33095,
Iraq,IRQ,1988,53.2,164.51309,
Iraq,IRQ,1989,61.274998,186.95409,
Iraq,IRQ,1990,37.809998,186.1421,
Iraq,IRQ,1991,16.53,127.142624,
Iraq,IRQ,1992,21.565,201.05925,
Iraq,IRQ,1993,24.225,273.86227,
Iraq,IRQ,1994,30.115,309.44556,
Iraq,IRQ,1995,30.115,305.5216,
Iraq,IRQ,1996,30.78,307.12216,
Iraq,IRQ,1997,28.975,374.77612,
Iraq,IRQ,1998,28.025002,271.37985,
Iraq,IRQ,1999,30.21,188.50584,
Iraq,IRQ,2000,29.925001,283.2356,
Iraq,IRQ,2001,26.220001,323.30173,
Iraq,IRQ,2002,22.42,306.809,
Iraq,IRQ,2003,14.82,275.40967,
Iraq,IRQ,2004,9.5,299.94012,
Iraq,IRQ,2005,13.775,280.47946,
Iraq,IRQ,2006,13.775,271.65643,
Iraq,IRQ,2007,45.429573,243.81943,
Iraq,IRQ,2008,64.57625,273.0638,
Iraq,IRQ,2009,68.5273,263.04932,
Iraq,IRQ,2010,71.35259,321.55725,
Iraq,IRQ,2011,63.0192,356.88937,
Iraq,IRQ,2012,63.413452,380.48477,
Iraq,IRQ,2013,70.72655,413.21475,
Iraq,IRQ,2014,75.30834,398.70303,
Iraq,IRQ,2015,73.01097,401.53625,
Iraq,IRQ,2016,98.95578,412.21582,
Iraq,IRQ,2017,114.26856,477.13312,0
Iraq,IRQ,2018,146.00446,472.2986,0
Iraq,IRQ,2019,194.95229,471.32565,0
Iraq,IRQ,2020,184.85127,345.27032,
Iraq,IRQ,2021,164.19315,411.0615,
Iraq,IRQ,2022,183.6163,435.83615,
Iraq,IRQ,2023,192.28493,481.30023,
Iraq,IRQ,2024,183.66034,484.66443,
Iraq,IRQ,2025,184.20703,511.83087,
Ireland,IRL,1965,,28.522163,36.35538
Ireland,IRL,1966,,31.881552,41.41443
Ireland,IRL,1967,,35.69569,44.10096
Ireland,IRL,1968,,39.704014,53.85853
Ireland,IRL,1969,,43.153435,51.276672
Ireland,IRL,1970,,48.426376,25.0045
Ireland,IRL,1971,,53.493187,23.86476
Ireland,IRL,1972,,58.884476,22.213299
Ireland,IRL,1973,,63.811317,21.66669
Ireland,IRL,1974,,63.197315,23.364672
Ireland,IRL,1975,,61.815147,19.78263
Ireland,IRL,1976,,62.782482,20.34087
Ireland,IRL,1977,,66.95627,21.30616
Ireland,IRL,1978,,71.89355,20.154789
Ireland,IRL,1979,2.7623749,75.46185,23.120441
Ireland,IRL,1980,8.06575,67.97169,21.91092
Ireland,IRL,1981,12.127501,60.38429,22.93436
Ireland,IRL,1982,17.796625,52.857918,24.26018
Ireland,IRL,1983,19.25,48.004547,26.31869
Ireland,IRL,1984,20.395374,47.20721,25.22547
Ireland,IRL,1985,21.00175,47.078075,28.98196
Ireland,IRL,1986,14.812875,58.11852,31.85457
Ireland,IRL,1987,14.755125,51.009117,40.92597
Ireland,IRL,1988,17.700375,46.249054,41.67029
Ireland,IRL,1989,20.072939,47.584457,41.7517
Ireland,IRL,1990,21.82951,53.319946,40.26153
Ireland,IRL,1991,22.36449,57.319523,38.621994
Ireland,IRL,1992,22.12026,58.637505,36.786816
Ireland,IRL,1993,25.132431,60.311337,35.746235
Ireland,IRL,1994,25.562738,66.518364,34.203613
Ireland,IRL,1995,27.20257,67.95062,34.437813
Ireland,IRL,1996,30.900911,70.36446,34.62536
Ireland,IRL,1997,32.29651,77.970825,32.98866
Ireland,IRL,1998,32.65704,86.61931,33.207924
Ireland,IRL,1999,34.92489,97.60812,28.569187
Ireland,IRL,2000,40.04209,100.683975,30.419252
Ireland,IRL,2001,41.763332,105.5485,31.861221
Ireland,IRL,2002,42.868183,102.8456,30.630024
Ireland,IRL,2003,42.55417,102.08673,29.650684
Ireland,IRL,2004,42.48439,107.23524,27.702469
Ireland,IRL,2005,40.437508,115.86578,30.784609
Ireland,IRL,2006,45.90361,115.01625,27.77244
Ireland,IRL,2007,49.83455,111.102745,27.12116
Ireland,IRL,2008,52.20707,108.802185,26.53966
Ireland,IRL,2009,49.55543,93.32596,23.20185
Ireland,IRL,2010,54.67263,92.90513,23.097181
Ireland,IRL,2011,48.09005,83.329216,22.66687
Ireland,IRL,2012,46.903374,78.681175,26.29543
Ireland,IRL,2013,44.67215,79.80276,23.79498
Ireland,IRL,2014,43.282696,78.99447,23.38793
Ireland,IRL,2015,43.763687,81.82423,25.505402
Ireland,IRL,2016,49.20653,86.16182,24.50441
Ireland,IRL,2017,50.18881,85.45698,20.86448
Ireland,IRL,2018,52.105392,88.80606,16.40505
Ireland,IRL,2019,53.158844,88.61781,11.740789
Ireland,IRL,2020,53.08083,75.083244,10.0594015
Ireland,IRL,2021,50.982754,81.75065,13.721661
Ireland,IRL,2022,51.99971,85.8218,11.048163
Ireland,IRL,2023,48.262775,84.50989,6.578881
Ireland,IRL,2024,49.703754,84.93315,4.763181
Ireland,IRL,2025,48.679916,84.065704,3.2976842
Israel,ISR,1965,0.72992194,40.27698,
Israel,ISR,1966,0.946265,41.695316,
Israel,ISR,1967,1.0596769,50.674126,
Israel,ISR,1968,1.3598695,51.301483,
Israel,ISR,1969,1.397763,58.121662,
Israel,ISR,1970,1.2773637,62.26058,
Israel,ISR,1971,1.1956639,70.908646,
Israel,ISR,1972,1.1819577,67.1222,
Israel,ISR,1973,0.5130417,72.303604,
Israel,ISR,1974,0.62699115,72.49729,
Israel,ISR,1975,0.5729725,74.568344,
Israel,ISR,1976,0.5520103,76.48452,
Israel,ISR,1977,0.5485164,80.3445,
Israel,ISR,1978,0.53964776,87.7867,
Israel,ISR,1979,0.38431084,90.86663,
Israel,ISR,1980,0.018274918,92.546585,0.01163
Israel,ISR,1981,0.019349916,94.11931,0.01163
Israel,ISR,1982,0.43080443,94.85222,6.45465
Israel,ISR,1983,0.6103286,89.02869,12.16498
Israel,ISR,1984,0.5329292,85.71314,19.689589
Israel,ISR,1985,0.5014855,76.264885,21.48061
Israel,ISR,1986,0.37597972,79.106224,23.853128
Israel,ISR,1987,0.42838585,84.97657,25.39992
Israel,ISR,1988,0.3931797,94.02596,24.341589
Israel,ISR,1989,0.36092973,97.610435,26.29543
Israel,ISR,1990,0.3122861,101.24891,27.565228
Israel,ISR,1991,0.25988027,101.15154,29.848465
Israel,ISR,1992,0.22225527,116.151215,36.737354
Israel,ISR,1993,0.22144917,124.56148,41.506565
Israel,ISR,1994,0.20451778,129.30417,43.992268
Israel,ISR,1995,0.23838027,146.87704,48.019012
Israel,ISR,1996,0.14969306,143.86281,58.213406
Israel,ISR,1997,0.17871806,157.65808,63.302193
Israel,ISR,1998,0.11233695,164.65373,67.9536
Israel,ISR,1999,0.101049446,174.33197,66.74112
Israel,ISR,2000,0.09083722,154.44406,72.74457
Israel,ISR,2001,0.09513722,143.08977,83.96879
Israel,ISR,2002,0.08492472,142.72649,88.76049
Israel,ISR,2003,0.07713083,146.52625,91.98803
Israel,ISR,2004,11.2940235,139.08589,92.87359
Israel,ISR,2005,15.564874,136.45407,92.33707
Israel,ISR,2006,21.733877,132.76782,91.287125
Israel,ISR,2007,26.004726,135.56348,93.359634
Israel,ISR,2008,35.780224,134.59229,91.8698
Israel,ISR,2009,39.671444,124.926895,89.96574
Israel,ISR,2010,50.680744,123.8482,89.91977
Israel,ISR,2011,47.07425,129.74031,92.25194
Israel,ISR,2012,24.201479,154.56673,102.46896
Israel,ISR,2013,65.77108,117.32228,82.44158
Israel,ISR,2014,71.84518,109.44141,76.612236
Israel,ISR,2015,79.90341,116.4035,75.02718
Israel,ISR,2016,91.77966,119.49044,64.12097
Israel,ISR,2017,97.64178,124.57352,58.192833
Israel,ISR,2018,104.510666,125.85821,54.78136
Israel,ISR,2019,105.12822,127.130394,57.898838
Israel,ISR,2020,112.68187,109.86071,50.470398
Israel,ISR,2021,117.33736,114.3978,45.23372
Israel,ISR,2022,121.42279,121.608055,44.42776
Israel,ISR,2023,124.4631,122.05581,35.17726
Israel,ISR,2024,133.01347,116.34696,30.971853
Israel,ISR,2025,135.71811,114.62597,20.86736
Italy,ITA,1965,73.746994,610.7383,100.32038
Italy,ITA,1966,80.52125,673.4347,104.34436
Italy,ITA,1967,87.953255,745.36487,114.34616
Italy,ITA,1968,103.2935,821.8544,110.74086
Italy,ITA,1969,113.41175,905.2703,113.67162
Italy,ITA,1970,122.352005,1024.0592,114.7881
Italy,ITA,1971,126.3975,1101.3706,110.89205
Italy,ITA,1972,144.94624,1156.2516,103.19299
Italy,ITA,1973,162.83325,1217.0194,104.70489
Italy,ITA,1974,183.13525,1184.078,114.02052
Italy,ITA,1975,211.03175,1112.0739,114.3229
Italy,ITA,1976,255.52075,1162.1108,113.35761
Italy,ITA,1977,260.9535,1130.0889,111.47355
Italy,ITA,1978,257.09375,1186.6757,113.392494
Italy,ITA,1979,264.134,1225.9446,124.440994
Italy,ITA,1980,262.16376,1163.8812,146.00302
Italy,ITA,1981,254.19875,1138.7347,149.63158
Italy,ITA,1982,253.31276,1081.3064,167.29756
Italy,ITA,1983,260.48724,1053.4365,156.58632
Italy,ITA,1984,306.87524,1005.08795,177.5901
Italy,ITA,1985,311.90073,999.8842,175.33388
Italy,ITA,1986,329.77652,1023.8365,172.34497
Italy,ITA,1987,365.805,1067.5886,171.0773
Italy,ITA,1988,396.84848,1086.6915,160.35445
Italy,ITA,1989,429.2785,1118.1211,167.30917
Italy,ITA,1990,454.26025,1099.9613,170.25906
Italy,ITA,1991,482.582,1113.4999,161.7242
Italy,ITA,1992,478.1345,1134.8945,141.86089
Italy,ITA,1993,487.87524,1118.0892,124.069534
Italy,ITA,1994,471.44324,1104.0833,131.00253
Italy,ITA,1995,519.3058,1148.2211,140.90717
Italy,ITA,1996,535.7568,1131.0774,129.65752
Italy,ITA,1997,556.2978,1137.1052,131.55106
Italy,ITA,1998,598.945,1140.6208,136.56216
Italy,ITA,1999,651.00085,1107.6522,136.37933
Italy,ITA,2000,678.785,1094.115,145.58014
Italy,ITA,2001,680.64575,1074.7948,154.69652
Italy,ITA,2002,676.0287,1096.8329,159.67828
Italy,ITA,2003,745.3318,1087.8732,172.29904
Italy,ITA,2004,773.4183,1071.7994,193.01273
Italy,ITA,2005,827.69543,1034.2896,191.53354
Italy,ITA,2006,810.5877,1040.8889,193.91122
Italy,ITA,2007,814.5612,1010.7407,189.84833
Italy,ITA,2008,808.51514,959.65137,183.7009
Italy,ITA,2009,743.1756,875.43274,143.82344
Italy,ITA,2010,791.499,870.92426,159.02751
Italy,ITA,2011,742.1607,838.2304,178.26997
Italy,ITA,2012,713.5658,770.0105,182.7333
Italy,ITA,2013,667.4043,703.78674,157.40312
Italy,ITA,2014,589.7159,709.54504,153.44742
Italy,ITA,2015,643.1542,715.97876,143.39546
Italy,ITA,2016,675.4584,698.3066,126.97493
Italy,ITA,2017,715.78796,697.70245,111.18957
Italy,ITA,2018,692.14087,710.8526,101.994774
Italy,ITA,2019,707.9061,701.25146,77.0536
Italy,ITA,2020,676.2516,575.9923,58.868187
Italy,ITA,2021,723.73676,644.5087,65.09709
Italy,ITA,2022,651.9902,702.0944,86.41852
Italy,ITA,2023,585.93884,687.6171,53.60289
Italy,ITA,2024,589.25793,702.2383,26.412928
Italy,ITA,2025,601.3764,674.0875,23.919544
Japan,JPN,1965,18.2615,1022.04364,566.5229
Japan,JPN,1966,18.73975,1220.0682,603.7729
Japan,JPN,1967,19.386002,1445.0398,663.1947
Japan,JPN,1968,21.095001,1645.5842,682.455
Japan,JPN,1969,23.325546,2017.5236,728.98267
Japan,JPN,1970,35.721493,2444.1145,702.30524
Japan,JPN,1971,38.301754,2633.4075,637.6661
Japan,JPN,1972,38.316814,2894.374,623.12146
Japan,JPN,1973,53.32014,3271.468,658.8215
Japan,JPN,1974,72.872955,3098.383,698.3457
Japan,JPN,1975,87.283585,3070.5293,653.26324
Japan,JPN,1976,104.6348,3215.9766,638.7905
Japan,JPN,1977,127.78507,3247.2256,602.65674
Japan,JPN,1978,179.3443,3274.6074,545.7324
Japan,JPN,1979,212.78882,3221.443,582.8143
Japan,JPN,1980,251.80937,2871.159,677.0605
Japan,JPN,1981,252.3105,2707.4973,759.07
Japan,JPN,1982,258.38336,2555.3738,723.9473
Japan,JPN,1983,278.06335,2620.6226,713.5824
Japan,JPN,1984,373.98093,2568.1838,797.98047
Japan,JPN,1985,400.5977,2509.7917,832.8265
Japan,JPN,1986,407.61813,2522.5608,793.0756
Japan,JPN,1987,418.04544,2639.6982,809.3264
Japan,JPN,1988,443.39005,2798.2007,874.77185
Japan,JPN,1989,460.5596,2900.8262,876.1641
Japan,JPN,1990,503.1589,2990.1934,907.68976
Japan,JPN,1991,532.0146,3042.125,900.4808
Japan,JPN,1992,553.1084,3117.8647,885.2547
Japan,JPN,1993,556.9387,3067.9346,902.80554
Japan,JPN,1994,595.6147,3241.051,945.3257
Japan,JPN,1995,606.17584,3254.8723,979.8555
Japan,JPN,1996,646.7724,3278.913,1005.58246
Japan,JPN,1997,671.34784,3250.7468,1032.946
Japan,JPN,1998,691.63885,3149.5618,984.7194
Japan,JPN,1999,726.41864,3198.1865,1035.9772
Japan,JPN,2000,756.65015,3195.0925,1110.6034
Japan,JPN,2001,777.28394,3088.983,1137.1547
Japan,JPN,2002,760.4604,3046.1982,1207.9081
Japan,JPN,2003,834.98224,3135.7334,1241.2594
Japan,JPN,2004,806.0406,3060.9292,1274.1025
Japan,JPN,2005,827.27966,3097.9792,1334.8142
Japan,JPN,2006,885.50336,3002.5505,1312.1418
Japan,JPN,2007,953.90063,2899.241,1377.4036
Japan,JPN,2008,990.995,2784.8713,1414.7809
Japan,JPN,2009,924.7802,2516.523,1186.9474
Japan,JPN,2010,999.3672,2551.5552,1352.7346
Japan,JPN,2011,1120.2524,2556.386,1282.6497
Japan,JPN,2012,1232.1508,2713.0208,1354.1991
Japan,JPN,2013,1235.3688,2583.439,1409.4381
Japan,JPN,2014,1247.5212,2452.2993,1385.7356
Japan,JPN,2015,1187.1764,2376.8066,1397.981
Japan,JPN,2016,1164.1744,2305.7126,1395.3855
Japan,JPN,2017,1169.8649,2264.6455,1415.9634
Japan,JPN,2018,1157.0815,2196.718,1386.5973
Japan,JPN,2019,1081.2328,2132.0625,1362.5939
Japan,JPN,2020,1041.275,1916.9346,1270.7518
Japan,JPN,2021,1027.2983,1960.9039,1369.4674
Japan,JPN,2022,995.35834,1960.1013,1365.5248
Japan,JPN,2023,916.1117,1919.0326,1260.1106
Japan,JPN,2024,909.4384,1836.6366,1258.5521
Japan,JPN,2025,903.99677,1808.1323,1210.6481
Kazakhstan,KAZ,1985,90.23375,246.88788,443.4984
Kazakhstan,KAZ,1986,109.256004,224.8873,465.9676
Kazakhstan,KAZ,1987,114.1335,217.35507,484.15692
Kazakhstan,KAZ,1988,119.010994,218.25153,505.02112
Kazakhstan,KAZ,1989,122.912994,222.71523,482.01697
Kazakhstan,KAZ,1990,131.00966,256.32733,450.30725
Kazakhstan,KAZ,1991,137.5455,258.59717,439.57452
Kazakhstan,KAZ,1992,141.4475,241.5884,442.82013
Kazakhstan,KAZ,1993,135.5945,186.60751,402.12625
Kazakhstan,KAZ,1994,98.5255,146.3026,393.3724
Kazakhstan,KAZ,1995,113.158005,143.00717,317.6904
Kazakhstan,KAZ,1996,94.6235,120.90727,283.74292
Kazakhstan,KAZ,1997,74.274574,121.64777,243.58575
Kazakhstan,KAZ,1998,73.630745,101.10801,239.85452
Kazakhstan,KAZ,1999,83.36623,83.37866,222.0837
Kazakhstan,KAZ,2000,47.799503,92.2146,207.46405
Kazakhstan,KAZ,2001,40.93198,92.17118,259.34784
Kazakhstan,KAZ,2002,41.078304,94.16745,262.75076
Kazakhstan,KAZ,2003,46.833755,102.73209,290.11267
Kazakhstan,KAZ,2004,52.354424,105.7996,309.25217
Kazakhstan,KAZ,2005,60.58933,108.86972,312.6714
Kazakhstan,KAZ,2006,66.522194,125.20107,329.56393
Kazakhstan,KAZ,2007,81.16604,136.47191,362.14426
Kazakhstan,KAZ,2008,85.557655,135.96167,392.95062
Kazakhstan,KAZ,2009,80.93388,109.06764,359.79312
Kazakhstan,KAZ,2010,87.56788,113.105934,388.25568
Kazakhstan,KAZ,2011,98.7367,150.89111,422.64
Kazakhstan,KAZ,2012,107.33574,161.30411,440.26526
Kazakhstan,KAZ,2013,111.82619,162.81444,435.88077
Kazakhstan,KAZ,2014,148.2957,167.67194,430.71915
Kazakhstan,KAZ,2015,138.0262,154.43547,318.00595
Kazakhstan,KAZ,2016,150.1451,157.86322,371.23032
Kazakhstan,KAZ,2017,167.25644,159.55869,407.11957
Kazakhstan,KAZ,2018,166.70808,170.21378,423.42175
Kazakhstan,KAZ,2019,197.0411,171.49725,400.9196
Kazakhstan,KAZ,2020,176.56165,148.74731,379.28656
Kazakhstan,KAZ,2021,216.16681,183.11275,389.9888
Kazakhstan,KAZ,2022,212.81737,180.0903,391.72864
Kazakhstan,KAZ,2023,199.51997,185.62042,423.5181
Kazakhstan,KAZ,2024,234.47044,198.33356,407.47217
Kazakhstan,KAZ,2025,238.89441,217.18788,436.7504
Kuwait,KWT,1965,17.2615,61.96006,
Kuwait,KWT,1966,22.609999,60.271442,
Kuwait,KWT,1967,25.726,58.632427,
Kuwait,KWT,1968,31.720499,57.05615,
Kuwait,KWT,1969,35.4065,55.53032,
Kuwait,KWT,1970,19.351501,54.056026,
Kuwait,KWT,1971,19.987999,53.168793,
Kuwait,KWT,1972,23.626501,57.331783,
Kuwait,KWT,1973,26.467,54.19715,
Kuwait,KWT,1974,27.8445,49.556572,
Kuwait,KWT,1975,30.514,38.492832,
Kuwait,KWT,1976,36.708,45.590458,
Kuwait,KWT,1977,40.023502,44.11577,
Kuwait,KWT,1978,44.8495,47.563553,
Kuwait,KWT,1979,59.384502,53.34273,
Kuwait,KWT,1980,38.6745,46.04957,
Kuwait,KWT,1981,44.498,64.21076,
Kuwait,KWT,1982,34.912502,72.00998,
Kuwait,KWT,1983,38.3325,79.70098,
Kuwait,KWT,1984,41.572,84.2102,
Kuwait,KWT,1985,39.899998,80.65508,
Kuwait,KWT,1986,54.435,83.613396,
Kuwait,KWT,1987,45.41,82.10621,
Kuwait,KWT,1988,64.979996,79.01365,
Kuwait,KWT,1989,77.52,77.53028,
Kuwait,KWT,1990,39.805,51.68767,
Kuwait,KWT,1991,4.75,41.370697,
Kuwait,KWT,1992,24.89,56.785267,
Kuwait,KWT,1993,51.489998,48.682903,
Kuwait,KWT,1994,56.715,60.2195,
Kuwait,KWT,1995,88.141,62.408756,
Kuwait,KWT,1996,88.369,60.6511,
Kuwait,KWT,1997,88.065,66.98625,
Kuwait,KWT,1998,90.1645,100.81921,
Kuwait,KWT,1999,82.536,115.729126,
Kuwait,KWT,2000,91.2,126.9616,0.00028987223
Kuwait,KWT,2001,90.25,129.56995,0.0007562556
Kuwait,KWT,2002,82.744995,150.12158,0.0032793332
Kuwait,KWT,2003,95,183.11217,0.0010898722
Kuwait,KWT,2004,103.549995,206.34384,0.0009850917
Kuwait,KWT,2005,116.85,224.51132,0
Kuwait,KWT,2006,117.895,210.7111,0.027147556
Kuwait,KWT,2007,106.96999,212.70093,0.0046203053
Kuwait,KWT,2008,120.65,224.65944,0.0078150835
Kuwait,KWT,2009,118.46113,231.67783,0
Kuwait,KWT,2010,139.75537,265.28568,0.04470917
Kuwait,KWT,2011,158.57925,251.1297,0.15746082
Kuwait,KWT,2012,175.31842,246.64758,0.75596887
Kuwait,KWT,2013,177.7039,267.5382,3.1863277
Kuwait,KWT,2014,178.71143,256.05963,2.5329473
Kuwait,KWT,2015,203.22707,263.35034,2.099681
Kuwait,KWT,2016,211.49913,251.8702,2.5887494
Kuwait,KWT,2017,210.27515,254.61877,1.959468
Kuwait,KWT,2018,211.52237,268.35373,2.7321103
Kuwait,KWT,2019,183.73248,256.9169,2.2074833
Kuwait,KWT,2020,179.13583,239.93976,0.55594414
Kuwait,KWT,2021,197.58406,262.2006,1.0743189
Kuwait,KWT,2022,216.60086,265.3061,0.5881967
Kuwait,KWT,2023,236.9542,263.5062,1.0841719
Kuwait,KWT,2024,252.35571,266.59235,2.5001128
Kuwait,KWT,2025,258.2124,266.21362,2.4932816
Latvia,LVA,1985,21.104965,67.93239,8.443379
Latvia,LVA,1986,22.070305,57.170307,10.654708
Latvia,LVA,1987,22.9552,46.47371,9.755941
Latvia,LVA,1988,24.720257,41.671085,9.792228
Latvia,LVA,1989,24.720257,41.656254,7.996788
Latvia,LVA,1990,25.685595,47.24132,8.239855
Latvia,LVA,1991,24.720257,38.538788,7.22223
Latvia,LVA,1992,14.120452,32.234894,6.3534694
Latvia,LVA,1993,8.830015,30.65245,5.806859
Latvia,LVA,1994,8.830015,29.874575,4.368228
Latvia,LVA,1995,10.590339,23.614723,3.107536
Latvia,LVA,1996,9.705445,24.636782,2.9133148
Latvia,LVA,1997,9.705445,21.436329,2.6027942
Latvia,LVA,1998,10.978368,20.533512,1.9201131
Latvia,LVA,1999,10.5146265,19.22668,1.483988
Latvia,LVA,2000,12.73396,15.986878,1.530508
Latvia,LVA,2001,13.240291,18.221403,1.4281639
Latvia,LVA,2002,15.085792,18.521862,1.15137
Latvia,LVA,2003,15.005346,18.966362,1.0327438
Latvia,LVA,2004,16.562193,19.642788,0.7815361
Latvia,LVA,2005,16.088987,20.629616,0.94086695
Latvia,LVA,2006,16.62844,21.371248,1.008321
Latvia,LVA,2007,16.088987,22.807394,1.246736
Latvia,LVA,2008,15.757743,21.995258,1.2425
Latvia,LVA,2009,14.451696,20.845797,0.9941667
Latvia,LVA,2010,17.234144,21.192507,1.2677777
Latvia,LVA,2011,15.180432,19.342066,1.2866666
Latvia,LVA,2012,14.271878,19.33762,1.0666666
Latvia,LVA,2013,14.062125,19.562716,0.845
Latvia,LVA,2014,12.637625,19.589468,0.69666666
Latvia,LVA,2015,12.7435,20.65956,0.54472226
Latvia,LVA,2016,13.195875,21.447342,0.47583333
Latvia,LVA,2017,11.963876,21.716269,0.48027778
Latvia,LVA,2018,13.715625,19.510897,0.56361115
Latvia,LVA,2019,13.118875,22.32267,0.4766667
Latvia,LVA,2020,10.731875,19.587238,0.28611112
Latvia,LVA,2021,11.5885,20.482428,0.22388889
Latvia,LVA,2022,8.10425,19.615505,0.16444445
Latvia,LVA,2023,7.671125,19.472075,0.17444445
Latvia,LVA,2024,8.171625,17.984465,0.1513889
Latvia,LVA,2025,8.056125,17.934309,0.15992333
Lithuania,LTU,1985,40.7919,102.38193,9.457702
Lithuania,LTU,1986,40.87846,85.666695,11.0072365
Lithuania,LTU,1987,42.69624,94.00656,10.835299
Lithuania,LTU,1988,44.514023,90.391785,10.923088
Lithuania,LTU,1989,47.240696,92.738045,10.205695
Lithuania,LTU,1990,54.41444,82.824165,9.271437
Lithuania,LTU,1991,56.32874,90.637054,10.355351
Lithuania,LTU,1992,32.18021,51.86617,4.853199
Lithuania,LTU,1993,17.404295,45.75867,4.3031
Lithuania,LTU,1994,20.135017,42.190865,3.572736
Lithuania,LTU,1995,23.596107,38.271038,2.854002
Lithuania,LTU,1996,25.226633,39.927193,2.622565
Lithuania,LTU,1997,23.28791,40.03619,2.120149
Lithuania,LTU,1998,20.397856,45.90011,1.84917
Lithuania,LTU,1999,21.084028,36.30458,1.5781912
Lithuania,LTU,2000,24.007809,28.525013,1.0734489
Lithuania,LTU,2001,24.966122,31.414404,0.9745939
Lithuania,LTU,2002,25.24175,30.509422,1.5712131
Lithuania,LTU,2003,27.380508,28.764093,2.0294352
Lithuania,LTU,2004,27.311892,31.088854,1.961981
Lithuania,LTU,2005,28.806347,33.621483,2.1492238
Lithuania,LTU,2006,28.545835,33.145622,2.91913
Lithuania,LTU,2007,33.635124,33.59571,2.901685
Lithuania,LTU,2008,30.19148,36.063103,2.462071
Lithuania,LTU,2009,25.37201,31.06497,1.9573288
Lithuania,LTU,2010,28.98196,31.699005,2.40741
Lithuania,LTU,2011,31.619642,30.631077,2.7877111
Lithuania,LTU,2012,30.87416,30.99526,2.717931
Lithuania,LTU,2013,25.171972,30.120863,3.127307
Lithuania,LTU,2014,24.017113,29.522429,2.6458251
Lithuania,LTU,2015,24.037651,32.41703,2.121312
Lithuania,LTU,2016,21.41865,35.661934,2.1492238
Lithuania,LTU,2017,22.28886,36.70305,2.3039029
Lithuania,LTU,2018,22.38687,39.087585,2.458582
Lithuania,LTU,2019,21.57156,39.038982,2.308555
Lithuania,LTU,2020,23.604841,36.593956,1.801487
Lithuania,LTU,2021,22.281841,36.981213,2.158528
Lithuania,LTU,2022,16.07382,37.15651,2.138757
Lithuania,LTU,2023,15.6552305,38.186306,1.378155
Lithuania,LTU,2024,17.01801,37.632763,1.1478808
Lithuania,LTU,2025,16.67952,33.79465,0.8607228
Luxembourg,LUX,1965,0,9.832363,31.716173
Luxembourg,LUX,1966,0,11.189572,28.637712
Luxembourg,LUX,1967,0,12.358045,26.833899
Luxembourg,LUX,1968,0,13.641634,28.762154
Luxembourg,LUX,1969,0.02925,15.104542,30.5555
Luxembourg,LUX,1970,0.07295056,16.02329,31.330057
Luxembourg,LUX,1971,0.14653806,16.681265,28.872639
Luxembourg,LUX,1972,1.1723038,17.51691,28.415579
Luxembourg,LUX,1973,2.3446078,19.464947,28.15623
Luxembourg,LUX,1974,3.150567,17.504738,30.017029
Luxembourg,LUX,1975,3.647525,15.61211,22.825037
Luxembourg,LUX,1976,4.176333,16.907217,21.138687
Luxembourg,LUX,1977,4.39614,16.632332,18.219559
Luxembourg,LUX,1978,4.835754,16.749968,19.262768
Luxembourg,LUX,1979,5.055561,15.525217,21.39106
Luxembourg,LUX,1980,4.4499803,12.98823,21.220098
Luxembourg,LUX,1981,3.443643,12.481877,17.067026
Luxembourg,LUX,1982,2.857491,12.346533,15.716783
Luxembourg,LUX,1983,2.710953,11.758569,14.422363
Luxembourg,LUX,1984,2.9307601,11.779353,16.419233
Luxembourg,LUX,1985,3.209822,12.517873,16.29712
Luxembourg,LUX,1986,3.1368713,13.635571,14.482839
Luxembourg,LUX,1987,3.5745747,15.456239,10.434436
Luxembourg,LUX,1988,3.7204757,15.865759,10.640287
Luxembourg,LUX,1989,4.231129,17.436583,13.181442
Luxembourg,LUX,1990,4.981477,19.125217,12.797652
Luxembourg,LUX,1991,5.1794853,22.28313,12.1731205
Luxembourg,LUX,1992,5.398337,22.93275,11.46718
Luxembourg,LUX,1993,5.6067667,22.86836,11.848644
Luxembourg,LUX,1994,5.6484528,22.842442,10.216955
Luxembourg,LUX,1995,6.4549127,21.410866,5.7463827
Luxembourg,LUX,1996,7.0810966,22.176525,5.414928
Luxembourg,LUX,1997,7.2558656,23.158905,3.435502
Luxembourg,LUX,1998,7.326419,24.09103,1.1432289
Luxembourg,LUX,1999,7.599462,25.739426,1.156022
Luxembourg,LUX,2000,7.8077517,27.610802,1.2758112
Luxembourg,LUX,2001,8.6795,29.31099,1.376992
Luxembourg,LUX,2002,12.40725,29.86881,0.85713106
Luxembourg,LUX,2003,12.5595,32.06685,0.6582581
Luxembourg,LUX,2004,13.908,36.371384,0.924585
Luxembourg,LUX,2005,13.680046,37.356655,0.90248805
Luxembourg,LUX,2006,14.30931,35.52233,1.076938
Luxembourg,LUX,2007,13.356534,34.57503,0.911792
Luxembourg,LUX,2008,12.714174,34.84931,0.87108696
Luxembourg,LUX,2009,12.937939,32.625046,0.7780469
Luxembourg,LUX,2010,13.916305,34.167213,0.77921
Luxembourg,LUX,2011,12.005276,34.900715,0.67919195
Luxembourg,LUX,2012,12.2237215,33.672718,0.62453115
Luxembourg,LUX,2013,10.34957,33.112263,0.55707693
Luxembourg,LUX,2014,9.805904,31.917315,0.6209489
Luxembourg,LUX,2015,8.9427395,31.355425,0.57145166
Luxembourg,LUX,2016,8.247018,31.312542,0.59231585
Luxembourg,LUX,2017,8.061143,32.775616,0.54795915
Luxembourg,LUX,2018,7.9506326,34.678898,0.48566887
Luxembourg,LUX,2019,7.9555883,35.056538,0.5321655
Luxembourg,LUX,2020,7.225362,28.461853,0.44708055
Luxembourg,LUX,2021,7.789808,30.569939,0.457815
Luxembourg,LUX,2022,6.1173964,27.838793,0.4722361
Luxembourg,LUX,2023,5.7326264,26.817352,0.26491973
Luxembourg,LUX,2024,6.0339556,25.929195,0.2298089
Luxembourg,LUX,2025,6.082924,24.429531,0.2899686
Malaysia,MYS,1965,,31.176205,0.17445
Malaysia,MYS,1966,,35.99366,0.23259999
Malaysia,MYS,1967,,38.8187,0.13956
Malaysia,MYS,1968,,39.98575,0.13956
Malaysia,MYS,1969,,43.46176,0.17445
Malaysia,MYS,1970,0.081410006,40.44124,0.18608
Malaysia,MYS,1971,0.8287453,45.043636,0.47683
Malaysia,MYS,1972,1.1605041,49.28976,1.20952
Malaysia,MYS,1973,1.1605041,52.4388,1.15137
Malaysia,MYS,1974,2.4192514,52.282986,1.15137
Malaysia,MYS,1975,2.9162495,54.681435,0.10467
Malaysia,MYS,1976,3.471752,61.35862,0.116299994
Malaysia,MYS,1977,3.1767428,73.671425,0.12793
Malaysia,MYS,1978,23.50423,78.81282,0.27912
Malaysia,MYS,1979,29.24945,88.16213,0.39542
Malaysia,MYS,1980,26.01631,95.84808,0.58150005
Malaysia,MYS,1981,21.87603,103.31686,1.0815899
Malaysia,MYS,1982,27.53984,107.18903,0.98855
Malaysia,MYS,1983,38.599968,114.6193,2.57023
Malaysia,MYS,1984,47.822563,112.663635,2.77957
Malaysia,MYS,1985,46.18273,110.8479,3.70997
Malaysia,MYS,1986,71.66406,102.053825,2.75631
Malaysia,MYS,1987,71.48961,104.55259,3.80301
Malaysia,MYS,1988,72.93173,111.706696,3.0238001
Malaysia,MYS,1989,83.51503,115.900215,13.92111
Malaysia,MYS,1990,79.09563,134.5487,15.411066
Malaysia,MYS,1991,117.60256,152.95303,18.153912
Malaysia,MYS,1992,127.80207,181.01822,19.060444
Malaysia,MYS,1993,125.510956,186.73097,15.934066
Malaysia,MYS,1994,130.32578,196.5406,17.700644
Malaysia,MYS,1995,135.36157,224.80556,19.39749
Malaysia,MYS,1996,162.94792,240.64809,19.490467
Malaysia,MYS,1997,202.29222,281.96838,18.851244
Malaysia,MYS,1998,204.39726,257.74655,20.118067
Malaysia,MYS,1999,232.64651,251.90372,22.54711
Malaysia,MYS,2000,287.54013,272.32065,28.892845
Malaysia,MYS,2001,277.09637,294.53574,34.52962
Malaysia,MYS,2002,280.88776,318.8626,42.328136
Malaysia,MYS,2003,302.65912,333.62247,61.783733
Malaysia,MYS,2004,326.94257,349.7196,77.078575
Malaysia,MYS,2005,373.73007,362.19116,80.06549
Malaysia,MYS,2006,388.6397,350.31897,84.81898
Malaysia,MYS,2007,404.01456,373.56778,102.8218
Malaysia,MYS,2008,435.49698,358.46222,113.688576
Malaysia,MYS,2009,400.2232,355.62152,123.46287
Malaysia,MYS,2010,380.2312,359.26303,171.74158
Malaysia,MYS,2011,383.1736,366.93448,171.68346
Malaysia,MYS,2012,420.157,402.15158,184.58412
Malaysia,MYS,2013,445.67325,427.7041,175.11201
Malaysia,MYS,2014,447.0921,429.4578,178.48247
Malaysia,MYS,2015,468.39825,398.72943,202.29639
Malaysia,MYS,2016,449.9298,443.1652,217.84692
Malaysia,MYS,2017,450.44153,417.50873,241.40518
Malaysia,MYS,2018,446.77808,423.48398,258.9431
Malaysia,MYS,2019,452.15112,460.104,244.72914
Malaysia,MYS,2020,436.13663,382.17374,288.09164
Malaysia,MYS,2021,513.51715,369.3167,266.34647
Malaysia,MYS,2022,519.453,446.86496,274.92365
Malaysia,MYS,2023,438.35837,489.14957,288.7076
Malaysia,MYS,2024,465.78366,503.21747,293.7168
Malaysia,MYS,2025,461.53265,514.21436,306.37143
Mexico,MEX,1965,80.64689,178.4483,8.0222225
Mexico,MEX,1966,85.11342,186.99396,8.556944
Mexico,MEX,1967,73.19651,200.27634,10.499444
Mexico,MEX,1968,78.59209,217.7839,11.006389
Mexico,MEX,1969,97.470535,230.15845,11.156944
Mexico,MEX,1970,99.67502,247.47473,12.5125
Mexico,MEX,1971,103.59451,262.43677,15.708611
Mexico,MEX,1972,110.77967,295.5131,17.361666
Mexico,MEX,1973,122.74594,316.24557,18.612501
Mexico,MEX,1974,129.14703,357.2522,20.5625
Mexico,MEX,1975,131.39035,394.2111,23.618334
Mexico,MEX,1976,128.85493,434.23633,18.125
Mexico,MEX,1977,135.9986,448.20316,26.07
Mexico,MEX,1978,171.05864,504.61945,27.181389
Mexico,MEX,1979,207.65465,541.5423,26.703054
Mexico,MEX,1980,223.01714,603.66943,27.038055
Mexico,MEX,1981,241.79158,660.86053,23.898888
Mexico,MEX,1982,259.95645,684.2733,28.62111
Mexico,MEX,1983,268.19806,666.7178,32.584167
Mexico,MEX,1984,268.5839,705.7309,32.676945
Mexico,MEX,1985,275.2785,734.98035,35.421665
Mexico,MEX,1986,244.92165,744.0882,39.0575
Mexico,MEX,1987,249.24323,780.32104,37.77278
Mexico,MEX,1988,253.59618,778.4027,35.750557
Mexico,MEX,1989,247.96423,832.9989,39.573334
Mexico,MEX,1990,268.17517,940.97327,39.24111
Mexico,MEX,1991,282.36115,973.9488,37.955
Mexico,MEX,1992,282.39487,982.08527,38.382504
Mexico,MEX,1993,283.26508,970.30255,43.2925
Mexico,MEX,1994,301.03,1048.5232,52.318333
Mexico,MEX,1995,306.90234,980.55066,58.25861
Mexico,MEX,1996,312.78293,995.4189,66.79972
Mexico,MEX,1997,314.37393,1026.0499,66.86417
Mexico,MEX,1998,334.79,1079.3955,68.34778
Mexico,MEX,1999,337.90872,1068.5171,69.5475
Mexico,MEX,2000,359.13306,1095.9884,76.18694
Mexico,MEX,2001,361.90524,1073.2108,83.67358
Mexico,MEX,2002,410.68826,1025.172,140.1058
Mexico,MEX,2003,445.09406,1033.2018,103.318375
Mexico,MEX,2004,480.21918,1081.06,105.719696
Mexico,MEX,2005,527.12335,1077.6495,133.42952
Mexico,MEX,2006,582.8828,1074.2771,143.19829
Mexico,MEX,2007,570.4138,1138.8099,131.58376
Mexico,MEX,2008,599.96576,1161.9001,117.5453
Mexico,MEX,2009,651.688,1110.8838,119.74645
Mexico,MEX,2010,660.44543,1112.777,148.11874
Mexico,MEX,2011,708.0849,1124.4806,171.32704
Mexico,MEX,2012,736.5377,1128.043,149.266
Mexico,MEX,2013,777.9507,1104.3536,148.22661
Mexico,MEX,2014,788.4845,1055.3928,147.93884
Mexico,MEX,2015,807.82916,1077.9459,147.65045
Mexico,MEX,2016,853.08124,1083.3727,144.6333
Mexico,MEX,2017,896.77747,1052.6349,176.75279
Mexico,MEX,2018,921.7973,1012.1245,157.54546
Mexico,MEX,2019,952.64667,928.019,150.41484
Mexico,MEX,2020,951.09265,812.51263,66.491005
Mexico,MEX,2021,939.0382,907.5656,55.12622
Mexico,MEX,2022,933.121,986.4036,67.836945
Mexico,MEX,2023,1006.85254,966.99414,77.30528
Mexico,MEX,2024,1003.7736,964.49615,65.66045
Mexico,MEX,2025,996.68335,963.2437,60.555267
Morocco,MAR,1965,0.5145,11.545965,2.1136668
Morocco,MAR,1966,0.5145,16.513165,3.2408333
Morocco,MAR,1967,0.5145,18.142168,3.2271667
Morocco,MAR,1968,0.5145,19.909143,2.9001667
Morocco,MAR,1969,0.5145,21.551186,2.8981667
Morocco,MAR,1970,0.5145,22.557482,3.3230002
Morocco,MAR,1971,0.50210196,23.806576,3.4766667
Morocco,MAR,1972,0.54384196,25.329979,4.2968335
Morocco,MAR,1973,0.68005276,30.294249,4.2571664
Morocco,MAR,1974,0.78028,32.480705,4.2161665
Morocco,MAR,1975,0.6902986,33.62336,4.7921667
Morocco,MAR,1976,0.77203417,36.71666,5.1995
Morocco,MAR,1977,0.84101194,41.40305,4.9101663
Morocco,MAR,1978,0.7940267,44.40629,4.9498334
Morocco,MAR,1979,0.7352953,50.361397,4.8281665
Morocco,MAR,1980,0.64531386,51.022358,4.6280003
Morocco,MAR,1981,0.8285094,50.176956,4.9168334
Morocco,MAR,1982,0.7687777,52.81164,5.477667
Morocco,MAR,1983,0.8117739,53.351723,6.785333
Morocco,MAR,1984,0.81077385,55.4834,5.8275
Morocco,MAR,1985,0.9162347,55.25038,7.69906
Morocco,MAR,1986,0.8869969,54.291435,10.45537
Morocco,MAR,1987,0.72079253,54.274662,12.13009
Morocco,MAR,1988,0.7365394,58.015285,11.96727
Morocco,MAR,1989,0.5440981,63.67005,13.21168
Morocco,MAR,1990,0.50335807,65.89839,12.74648
Morocco,MAR,1991,0.32216248,65.97015,13.88622
Morocco,MAR,1992,0.21168917,77.84268,12.87441
Morocco,MAR,1993,0.20694417,79.18833,14.060671
Morocco,MAR,1994,0.2021875,86.091125,15.677239
Morocco,MAR,1995,0.127965,81.52536,18.99179
Morocco,MAR,1996,0.1627036,76.85733,24.3067
Morocco,MAR,1997,0.29991445,81.739136,23.15533
Morocco,MAR,1998,0.32915223,81.00673,27.62125
Morocco,MAR,1999,0.3836389,89.25713,26.411732
Morocco,MAR,2000,0.44187027,83.48259,31.226551
Morocco,MAR,2001,0.43712527,83.637276,39.69319
Morocco,MAR,2002,0.55943996,87.03641,39.47222
Morocco,MAR,2003,0.53613,87.084114,38.060337
Morocco,MAR,2004,0.687645,100.61575,42.100597
Morocco,MAR,2005,4.49883,109.33425,44.14748
Morocco,MAR,2006,5.582745,110.873024,44.8918
Morocco,MAR,2007,6.2976627,115.9952,37.59607
Morocco,MAR,2008,6.2191076,127.88396,42.616043
Morocco,MAR,2009,6.831928,129.22275,31.469973
Morocco,MAR,2010,7.379246,143.70778,32.415386
Morocco,MAR,2011,9.3402,153.33934,34.625904
Morocco,MAR,2012,12.491665,154.29112,35.170517
Morocco,MAR,2013,12.112491,156.06314,34.901863
Morocco,MAR,2014,11.739,148.68529,46.95287
Morocco,MAR,2015,11.770798,145.51521,51.69651
Morocco,MAR,2016,11.975875,149.06464,49.815945
Morocco,MAR,2017,11.88071,157.80403,51.781147
Morocco,MAR,2018,10.71516,154.05064,59.892403
Morocco,MAR,2019,10.126819,156.34242,77.48747
Morocco,MAR,2020,7.8666134,136.37965,79.828316
Morocco,MAR,2021,7.899017,154.74522,85.96896
Morocco,MAR,2022,2.2269576,159.52397,86.36192
Morocco,MAR,2023,8.880107,158.34901,81.00748
Morocco,MAR,2024,9.021482,168.33871,74.091194
Morocco,MAR,2025,9.501881,176.46678,78.16306
Netherlands,NLD,1965,15,295.90454,103.05555
Netherlands,NLD,1966,28.61111,320.87744,93.888885
Netherlands,NLD,1967,50.555553,327.9667,90.27777
Netherlands,NLD,1968,85,353.75812,85.55556
Netherlands,NLD,1969,125.27778,385.8374,72.77778
Netherlands,NLD,1970,176.38889,429.0313,53.333332
Netherlands,NLD,1971,230.55556,423.7892,40.277775
Netherlands,NLD,1972,300,472.7687,34.444443
Netherlands,NLD,1973,333.6111,487.92667,35
Netherlands,NLD,1974,355,418.32547,33.333332
Netherlands,NLD,1975,370.27777,412.4857,28.055557
Netherlands,NLD,1976,384.44443,464.20844,35
Netherlands,NLD,1977,385.83334,445.5194,36.666668
Netherlands,NLD,1978,386.66666,455.18344,41.944443
Netherlands,NLD,1979,385,490.44183,40
Netherlands,NLD,1980,351.94443,458.67545,46.38889
Netherlands,NLD,1981,335,426.86795,51.38889
Netherlands,NLD,1982,320,373.0677,59.444447
Netherlands,NLD,1983,342.22223,353.5345,61.38889
Netherlands,NLD,1984,363.6111,349.0069,74.166664
Netherlands,NLD,1985,383.33334,353.14587,73.88889
Netherlands,NLD,1986,382.22223,391.56683,76.11111
Netherlands,NLD,1987,394.44443,394.37207,80.27778
Netherlands,NLD,1988,356.6667,418.44595,96.11111
Netherlands,NLD,1989,365.83334,412.89236,95.27778
Netherlands,NLD,1990,368.05557,447.2584,101.666664
Netherlands,NLD,1991,410.69446,450.1436,93.611115
Netherlands,NLD,1992,399.91666,456.14334,93.333336
Netherlands,NLD,1993,411.30557,454.58084,94.166664
Netherlands,NLD,1994,397.2222,466.11554,100.27778
Netherlands,NLD,1995,408.02777,475.48407,103.61111
Netherlands,NLD,1996,452.19446,488.7602,100.00001
Netherlands,NLD,1997,423.69446,504.13,97.22222
Netherlands,NLD,1998,418.3889,508.10745,99.166664
Netherlands,NLD,1999,408.7778,518.68,86.94444
Netherlands,NLD,2000,409.9167,526.4885,90.27777
Netherlands,NLD,2001,418.19443,546.9315,96.11111
Netherlands,NLD,2002,413.97223,558.2291,96.666664
Netherlands,NLD,2003,416.8333,572.7628,100.00001
Netherlands,NLD,2004,426.77777,589.4559,98.61111
Netherlands,NLD,2005,414.55557,602.42316,94.166664
Netherlands,NLD,2006,398.08334,616.5873,89.72223
Netherlands,NLD,2007,388.05554,623.8288,97.77778
Netherlands,NLD,2008,403.8889,596.31586,92.5
Netherlands,NLD,2009,413.5833,562.08636,87.22222
Netherlands,NLD,2010,467.58334,568.00195,87.77778
Netherlands,NLD,2011,409.27777,567.4297,86.58333
Netherlands,NLD,2012,392.8333,555.9069,95.138885
Netherlands,NLD,2013,391.1389,529.2256,95.19444
Netherlands,NLD,2014,343.27777,518.6247,105.30556
Netherlands,NLD,2015,337.8889,506.40988,128.66667
Netherlands,NLD,2016,351.6389,517.92004,119.27778
Netherlands,NLD,2017,363.05557,520.74,106.97222
Netherlands,NLD,2018,355.94443,506.35074,96.083336
Netherlands,NLD,2019,371.83334,493.8459,74.69444
Netherlands,NLD,2020,361.30554,469.32333,47.805553
Netherlands,NLD,2021,348.5833,470.76492,65.166664
Netherlands,NLD,2022,271.55554,460.64832,64.05556
Netherlands,NLD,2023,258.5833,461.9948,43.75
Netherlands,NLD,2024,259.69443,466.8821,47.86111
Netherlands,NLD,2025,260.69443,460.20206,52.666668
New Zealand,NZL,1965,,32.636177,19.13135
New Zealand,NZL,1966,,36.133484,18.608002
New Zealand,NZL,1967,,37.95181,16.99143
New Zealand,NZL,1968,,38.99597,15.99125
New Zealand,NZL,1969,,40.50511,16.3983
New Zealand,NZL,1970,0.7104,47.609863,16.40993
New Zealand,NZL,1971,0.9024,49.17649,14.59565
New Zealand,NZL,1972,1.6352,52.94315,14.95618
New Zealand,NZL,1973,1.9008,55.96276,16.94491
New Zealand,NZL,1974,3.203475,52.95165,17.444561
New Zealand,NZL,1975,3.4746535,51.229183,16.41662
New Zealand,NZL,1976,9.330131,52.702564,16.916695
New Zealand,NZL,1977,15.340603,52.725574,16.111174
New Zealand,NZL,1978,14.378684,50.76636,14.861116
New Zealand,NZL,1979,9.718228,51.13983,13.249994
New Zealand,NZL,1980,8.895992,48.85752,13.628225
New Zealand,NZL,1981,10.966378,46.47539,13.577948
New Zealand,NZL,1982,19.716858,46.44149,13.310542
New Zealand,NZL,1983,21.38854,44.486046,14.748751
New Zealand,NZL,1984,27.382586,45.900852,13.717163
New Zealand,NZL,1985,34.95481,43.00212,12.666031
New Zealand,NZL,1986,42.148605,38.701366,14.556855
New Zealand,NZL,1987,40.720013,44.81707,12.149867
New Zealand,NZL,1988,44.231865,43.816986,13.165961
New Zealand,NZL,1989,45.383183,45.22757,14.334275
New Zealand,NZL,1990,45.15108,50.82389,13.928279
New Zealand,NZL,1991,48.3457,51.70254,13.280544
New Zealand,NZL,1992,51.16109,53.341465,14.623766
New Zealand,NZL,1993,49.900513,53.03442,14.406295
New Zealand,NZL,1994,46.771095,61.31527,13.617704
New Zealand,NZL,1995,44.630497,66.30301,13.65541
New Zealand,NZL,1996,50.87484,67.54738,13.457763
New Zealand,NZL,1997,54.805138,70.94438,14.528348
New Zealand,NZL,1998,48.31148,71.860794,13.247123
New Zealand,NZL,1999,55.233707,72.871544,13.571336
New Zealand,NZL,2000,58.75267,74.42254,12.859932
New Zealand,NZL,2001,61.99314,75.244286,15.92658
New Zealand,NZL,2002,59.181946,77.48304,15.91862
New Zealand,NZL,2003,44.62404,82.19651,22.97443
New Zealand,NZL,2004,40.718163,81.031,23.738672
New Zealand,NZL,2005,37.576244,85.43949,26.427473
New Zealand,NZL,2006,38.154423,85.78982,26.021524
New Zealand,NZL,2007,42.152313,86.17487,19.720991
New Zealand,NZL,2008,39.045193,87.22484,24.472372
New Zealand,NZL,2009,40.138943,83.42176,18.818949
New Zealand,NZL,2010,43.759987,84.065094,16.071983
New Zealand,NZL,2011,40.215504,86.09215,16.269657
New Zealand,NZL,2012,44.646664,85.0154,20.272028
New Zealand,NZL,2013,47.0649,86.00979,17.877504
New Zealand,NZL,2014,52.28978,87.71449,16.509884
New Zealand,NZL,2015,48.018906,91.329094,16.673477
New Zealand,NZL,2016,47.97363,94.54369,13.796135
New Zealand,NZL,2017,49.882824,99.07446,14.536367
New Zealand,NZL,2018,45.0087,99.34009,15.672817
New Zealand,NZL,2019,48.053413,101.76752,16.648094
New Zealand,NZL,2020,45.73105,84.13359,15.76
New Zealand,NZL,2021,39.044353,83.87855,18.388664
New Zealand,NZL,2022,36.70967,82.99131,12.746311
New Zealand,NZL,2023,38.55496,88.77059,11.389625
New Zealand,NZL,2024,30.541897,90.044685,14.733627
New Zealand,NZL,2025,27.453527,89.86601,12.030015
North Macedonia,MKD,1990,,12.740927,15.466761
North Macedonia,MKD,1991,,11.406301,15.533598
North Macedonia,MKD,1992,,12.286933,15.442489
North Macedonia,MKD,1993,,13.216734,15.519188
North Macedonia,MKD,1994,,10.265979,16.120728
North Macedonia,MKD,1995,,9.655316,16.627272
North Macedonia,MKD,1996,,14.679261,16.087616
North Macedonia,MKD,1997,0,12.305495,15.046836
North Macedonia,MKD,1998,0.19150001,11.074813,19.455256
North Macedonia,MKD,1999,0.35427502,11.075541,16.96689
North Macedonia,MKD,2000,0.57449996,11.268543,15.544995
North Macedonia,MKD,2001,0.76600003,9.231523,17.187988
North Macedonia,MKD,2002,0.78515,10.424203,14.942584
North Macedonia,MKD,2003,0.69897497,10.086404,17.205458
North Macedonia,MKD,2004,0.68,10.276315,16.350153
North Macedonia,MKD,2005,0.7270147,10.618795,16.966042
North Macedonia,MKD,2006,0.7785819,11.223741,16.486874
North Macedonia,MKD,2007,0.9934347,12.1110325,16.917696
North Macedonia,MKD,2008,1.1295522,10.953669,17.337875
North Macedonia,MKD,2009,0.74840224,11.272176,15.550032
North Macedonia,MKD,2010,1.1085367,10.980215,15.057268
North Macedonia,MKD,2011,1.2825214,11.351919,17.196571
North Macedonia,MKD,2012,1.3308442,10.971921,16.186949
North Macedonia,MKD,2013,1.5065967,10.721133,13.540367
North Macedonia,MKD,2014,1.2924999,10.638594,12.5287895
North Macedonia,MKD,2015,1.3019553,11.40081,11.296522
North Macedonia,MKD,2016,2.0473385,12.803833,10.188275
North Macedonia,MKD,2017,2.6327944,12.18642,11.13589
North Macedonia,MKD,2018,2.4284997,12.717901,10.049073
North Macedonia,MKD,2019,2.838806,12.735264,11.909485
North Macedonia,MKD,2020,3.2494655,11.742942,8.8074045
North Macedonia,MKD,2021,4.1256022,12.747635,7.749557
North Macedonia,MKD,2022,2.7793376,13.863104,9.874181
North Macedonia,MKD,2023,3.5160298,13.796067,9.448898
North Macedonia,MKD,2024,3.4342585,13.336479,7.362322
North Macedonia,MKD,2025,2.995998,14.275123,7.6326613
Norway,NOR,1965,,60.316517,8.877423
Norway,NOR,1966,,68.08452,8.17368
Norway,NOR,1967,,70.49037,8.581207
Norway,NOR,1968,,78.40632,8.734723
Norway,NOR,1969,,86.189644,9.731426
Norway,NOR,1970,,97.02359,9.94044
Norway,NOR,1971,,96.00081,9.348031
Norway,NOR,1972,,100.55224,10.149792
Norway,NOR,1973,,102.16668,10.911312
Norway,NOR,1974,,92.957924,12.097107
Norway,NOR,1975,,96.23275,11.502116
Norway,NOR,1976,,106.44093,11.097846
Norway,NOR,1977,3.98909,104.85937,9.555488
Norway,NOR,1978,6.69888,116.656334,9.847889
Norway,NOR,1979,7.6525397,116.01388,12.263672
Norway,NOR,1980,8.22241,112.084496,11.352113
Norway,NOR,1981,10.10647,104.1835,11.372373
Norway,NOR,1982,10.90894,100.11227,10.937643
Norway,NOR,1983,12.2812805,98.31226,11.652189
Norway,NOR,1984,11.81608,102.18023,13.066398
Norway,NOR,1985,12.4557295,107.2148,13.013132
Norway,NOR,1986,13.7234,114.97386,11.597308
Norway,NOR,1987,15.10737,114.59487,11.20419
Norway,NOR,1988,19.02668,107.5932,11.5019655
Norway,NOR,1989,21.073559,108.83679,10.077325
Norway,NOR,1990,22.31797,108.67148,9.437522
Norway,NOR,1991,25.14406,100.75075,8.399317
Norway,NOR,1992,27.063011,101.145615,8.438347
Norway,NOR,1993,28.47024,103.24792,9.125279
Norway,NOR,1994,30.563639,107.86404,10.288382
Norway,NOR,1995,30.85439,109.07984,11.232914
Norway,NOR,1996,33.4944,119.79836,11.170466
Norway,NOR,1997,38.681377,119.28346,11.0845995
Norway,NOR,1998,39.50711,120.60431,12.029132
Norway,NOR,1999,37.739353,120.9182,11.271945
Norway,NOR,2000,42.36809,111.27409,11.5451565
Norway,NOR,2001,39.26288,120.75554,10.288382
Norway,NOR,2002,41.90289,117.13513,8.922321
Norway,NOR,2003,45.14766,123.21862,8.711558
Norway,NOR,2004,47.74115,118.5651,9.83563
Norway,NOR,2005,43.941376,120.51493,8.399317
Norway,NOR,2006,43.43455,123.56265,7.20499
Norway,NOR,2007,41.634884,127.06922,7.9231467
Norway,NOR,2008,42.009464,119.72694,8.165134
Norway,NOR,2009,39.72253,119.163635,6.5
Norway,NOR,2010,40.34256,124.66059,8.861111
Norway,NOR,2011,40.242756,124.08358,9.833333
Norway,NOR,2012,39.868824,123.83338,9.527778
Norway,NOR,2013,39.497776,122.371796,9.027778
Norway,NOR,2014,42.449493,116.465195,9.888888
Norway,NOR,2015,45.09382,113.27705,8.862735
Norway,NOR,2016,43.465538,113.180145,9.100231
Norway,NOR,2017,45.43871,119.68904,9.513363
Norway,NOR,2018,43.854492,117.01603,9.290532
Norway,NOR,2019,45.42284,114.72056,9.07454
Norway,NOR,2020,43.913822,104.91503,8.976604
Norway,NOR,2021,41.11842,106.299385,9.790111
Norway,NOR,2022,38.735737,109.12064,9.365546
Norway,NOR,2023,37.17606,108.630905,8.46436
Norway,NOR,2024,33.863873,102.23348,8.392103
Norway,NOR,2025,34.01252,104.15131,8.574812
Oman,OMN,1965,,0.09738055,
Oman,OMN,1966,,0.12186111,
Oman,OMN,1967,,0.5409833,
Oman,OMN,1968,,0.65190834,
Oman,OMN,1969,,0.9285111,
Oman,OMN,1970,,0.9359056,
Oman,OMN,1971,,15.471503,
Oman,OMN,1972,,17.677216,
Oman,OMN,1973,,15.375915,
Oman,OMN,1974,,14.127883,
Oman,OMN,1975,,12.904697,
Oman,OMN,1976,,14.856398,
Oman,OMN,1977,,14.312169,
Oman,OMN,1978,3.025425,13.616951,
Oman,OMN,1979,5.0895,14.083727,
Oman,OMN,1980,6.460838,10.59754,
Oman,OMN,1981,7.6154,10.412598,
Oman,OMN,1982,8.3317,11.140184,
Oman,OMN,1983,10.348649,12.101919,
Oman,OMN,1984,13.0065,14.831405,
Oman,OMN,1985,16.559725,16.363743,
Oman,OMN,1986,19.35895,16.131083,
Oman,OMN,1987,21.686924,15.300206,
Oman,OMN,1988,21.823587,16.171694,
Oman,OMN,1989,22.648275,17.119625,
Oman,OMN,1990,24.476727,22.143156,
Oman,OMN,1991,24.816025,36.021755,
Oman,OMN,1992,27.12515,33.199795,
Oman,OMN,1993,26.03185,32.153778,
Oman,OMN,1994,27.257101,27.272215,0.0001392986
Oman,OMN,1995,33.344116,30.523483,0.00007569444
Oman,OMN,1996,36.43169,29.08536,0.000048375
Oman,OMN,1997,42.11879,25.371681,0.00038900558
Oman,OMN,1998,43.91897,25.316025,0.0005585472
Oman,OMN,1999,47.032196,31.64212,0.00006673611
Oman,OMN,2000,76.75152,34.205227,0.002903139
Oman,OMN,2001,84.27617,38.914345,0.0016395556
Oman,OMN,2002,86.396774,44.760445,0.0039049168
Oman,OMN,2003,93.36093,42.767654,0
Oman,OMN,2004,99.67036,41.771774,0.009284611
Oman,OMN,2005,108.62232,47.496902,0.0036508888
Oman,OMN,2006,120.5293,50.021873,0.035779167
Oman,OMN,2007,120.94852,51.09791,0.008164
Oman,OMN,2008,133.80411,67.18739,0.013950194
Oman,OMN,2009,135.47406,63.931656,0.016285306
Oman,OMN,2010,163.80843,72.929794,0.3446064
Oman,OMN,2011,180.8238,78.92197,0.11837333
Oman,OMN,2012,197.15593,85.93543,0.35913944
Oman,OMN,2013,217.27544,99.81871,0.5224439
Oman,OMN,2014,213.1425,102.40699,0.41572556
Oman,OMN,2015,230.92659,105.91571,0.5721903
Oman,OMN,2016,229.3265,109.48738,0.64058006
Oman,OMN,2017,233.50879,116.849075,0.8834947
Oman,OMN,2018,249.96494,127.07966,0.8663694
Oman,OMN,2019,249.96547,122.85308,0.9751575
Oman,OMN,2020,260.0023,100.00917,1.1217446
Oman,OMN,2021,284.5478,109.40767,0.97774804
Oman,OMN,2022,291.64655,127.23318,1.4077659
Oman,OMN,2023,302.24402,127.31774,1.046145
Oman,OMN,2024,319.0557,129.55266,1.3722161
Oman,OMN,2025,328.8119,145.33641,1.3684669
Pakistan,PAK,1965,14.77115,44.92068,16.03777
Pakistan,PAK,1966,16.69165,46.11689,13.53732
Pakistan,PAK,1967,19.4722,51.5479,13.00234
Pakistan,PAK,1968,21.85195,58.71033,14.316529
Pakistan,PAK,1969,26.9204,55.06346,12.88604
Pakistan,PAK,1970,29.103926,54.475094,10.73449
Pakistan,PAK,1971,26.36095,51.2266,8.50153
Pakistan,PAK,1972,27.9892,42.280205,6.8151803
Pakistan,PAK,1973,31.95545,43.33429,6.76866
Pakistan,PAK,1974,36.64815,46.68848,6.19879
Pakistan,PAK,1975,38.076,48.48073,6.01271
Pakistan,PAK,1976,38.8275,48.495506,5.95456
Pakistan,PAK,1977,42.418003,51.05294,6.47791
Pakistan,PAK,1978,43.587,53.865547,6.89659
Pakistan,PAK,1979,49.098003,57.54363,7.68743
Pakistan,PAK,1980,59.953,60.102444,8.18752
Pakistan,PAK,1981,65.3805,63.786694,9.292371
Pakistan,PAK,1982,71.309,70.18829,10.536779
Pakistan,PAK,1983,70.307,77.34512,11.955641
Pakistan,PAK,1984,72.144,83.87066,13.56058
Pakistan,PAK,1985,73.647,89.51502,15.38649
Pakistan,PAK,1986,78.991,96.47393,17.456629
Pakistan,PAK,1987,84.585495,105.70087,19.81752
Pakistan,PAK,1988,89.67899,113.84892,20.724659
Pakistan,PAK,1989,95.6075,122.017136,22.70176
Pakistan,PAK,1990,102.1205,127.602325,24.06247
Pakistan,PAK,1991,110.303505,134.32481,23.81824
Pakistan,PAK,1992,108.215996,146.81076,24.457891
Pakistan,PAK,1993,124.582,160.0418,25.67904
Pakistan,PAK,1994,127.0035,171.56282,25.49296
Pakistan,PAK,1995,130.26,185.97589,25.702301
Pakistan,PAK,1996,141.5325,195.58961,26.051199
Pakistan,PAK,1997,141.115,201.5909,24.35322
Pakistan,PAK,1998,148.62999,208.43974,24.37648
Pakistan,PAK,1999,169.50499,216.01378,24.38811
Pakistan,PAK,2000,179.525,223.08224,23.58564
Pakistan,PAK,2001,189.545,218.72188,24.481152
Pakistan,PAK,2002,205.4935,213.196,27.4468
Pakistan,PAK,2003,255.5038,189.23907,29.528107
Pakistan,PAK,2004,306.76593,191.35683,35.12261
Pakistan,PAK,2005,326.10187,181.89467,38.462994
Pakistan,PAK,2006,333.1948,208.9376,44.502247
Pakistan,PAK,2007,338.00253,227.31567,55.87164
Pakistan,PAK,2008,346.0761,230.70963,60.352245
Pakistan,PAK,2009,347.0167,246.17116,65.051476
Pakistan,PAK,2010,353.48395,243.88008,62.558357
Pakistan,PAK,2011,353.39645,245.5318,59.493313
Pakistan,PAK,2012,365.97232,237.93188,61.047047
Pakistan,PAK,2013,355.85727,260.81177,60.942028
Pakistan,PAK,2014,349.86688,269.72635,65.36963
Pakistan,PAK,2015,365.3418,293.9605,67.71609
Pakistan,PAK,2016,386.5067,328.8486,73.57061
Pakistan,PAK,2017,407.3958,339.49326,94.11555
Pakistan,PAK,2018,435.87613,284.8369,132.59772
Pakistan,PAK,2019,444.72974,255.64151,142.66553
Pakistan,PAK,2020,411.62344,250.0316,158.27705
Pakistan,PAK,2021,448.9106,289.22247,176.46678
Pakistan,PAK,2022,381.61536,281.94827,153.60164
Pakistan,PAK,2023,377.73578,223.84207,128.22131
Pakistan,PAK,2024,370.4853,231.17207,115.29357
Pakistan,PAK,2025,340.57007,242.44946,132.42717
Peru,PER,1965,3.6575,43.167366,0.4197064
Peru,PER,1966,3.821125,54.434715,0.5294025
Peru,PER,1967,3.570875,54.83334,0.5961739
Peru,PER,1968,3.975125,55.010834,0.59140444
Peru,PER,1969,4.052125,54.147644,0.99680305
Peru,PER,1970,3.975125,56.897606,1.0111111
Peru,PER,1971,4.7451253,56.256172,1.4180555
Peru,PER,1972,4.56225,48.01101,1.5341667
Peru,PER,1973,4.466,55.933968,1.7547222
Peru,PER,1974,4.60075,65.89939,1.8711112
Peru,PER,1975,5.6787496,69.020676,1.9525001
Peru,PER,1976,6.16,69.956894,1.5108334
Peru,PER,1977,6.116688,69.8767,1.7316667
Peru,PER,1978,6.391,69.25631,1.476111
Peru,PER,1979,5.90975,71.98634,1.5688889
Peru,PER,1980,6.3525,77.84784,1.6505556
Peru,PER,1981,7.2957497,79.46005,1.6736112
Peru,PER,1982,7.6566873,78.22812,1.8944443
Peru,PER,1983,5.0435,67.83568,1.603889
Peru,PER,1984,6.8145003,70.013115,1.2786111
Peru,PER,1985,5.313,67.58711,1.3947222
Peru,PER,1986,5.6354375,72.71551,1.8944443
Peru,PER,1987,5.60175,80.29432,2.138611
Peru,PER,1988,5.284125,78.54944,2.1036112
Peru,PER,1989,4.4804378,69.60631,2.336111
Peru,PER,1990,4.2879376,69.653175,1.6850001
Peru,PER,1991,4.02325,64.45394,3.2658334
Peru,PER,1992,3.628625,67.45526,3.196111
Peru,PER,1993,3.821125,70.536446,3.3588889
Peru,PER,1994,3.98475,76.61635,4.1375
Peru,PER,1995,3.859625,86.40599,4.346667
Peru,PER,1996,3.917375,89.128136,4.5558333
Peru,PER,1997,2.319625,88.13827,4.7419443
Peru,PER,1998,3.936625,88.67419,5.1986113
Peru,PER,1999,3.955875,90.520706,4.714722
Peru,PER,2000,3.3254375,88.370544,7.323889
Peru,PER,2001,3.56125,83.596954,6.645278
Peru,PER,2002,4.25425,82.79648,9.1
Peru,PER,2003,5.033875,78.31694,9.765555
Peru,PER,2004,8.2775,87.44952,10.559444
Peru,PER,2005,14.599701,85.74552,10.716667
Peru,PER,2006,17.086443,81.61111,9.118055
Peru,PER,2007,25.751993,84.94668,12.038889
Peru,PER,2008,32.6939,95.09226,10.734722
Peru,PER,2009,33.43666,96.45016,9.643888
Peru,PER,2010,54.238174,101.51832,9.457777
Peru,PER,2011,62.92885,112.06888,9.511667
Peru,PER,2012,68.61824,111.44959,10.151945
Peru,PER,2013,67.02668,116.81235,10.23861
Peru,PER,2014,74.31637,114.978226,10.111112
Peru,PER,2015,76.43132,122.40205,9.424167
Peru,PER,2016,84.93306,130.30739,10.047222
Peru,PER,2017,74.919365,133.0222,8.715278
Peru,PER,2018,80.25237,136.62785,7.8657503
Peru,PER,2019,82.11268,140.67459,8.185528
Peru,PER,2020,81.69952,107.05036,5.9451666
Peru,PER,2021,89.41507,132.76494,7.794
Peru,PER,2022,98.258095,138.04291,8.381888
Peru,PER,2023,100.518105,142.87662,7.3882804
Peru,PER,2024,113.10089,148.15532,6.7917595
Peru,PER,2025,102.362114,159.0583,7.0598354
Philippines,PHL,1965,,57.4021,0.5155231
Philippines,PHL,1966,,63.940327,0.48839027
Philippines,PHL,1967,,69.58127,0.37985915
Philippines,PHL,1968,,82.39472,0.17365
Philippines,PHL,1969,,88.841705,0.22791556
Philippines,PHL,1970,,90.005615,0.22791556
Philippines,PHL,1971,,97.47116,0.2224889
Philippines,PHL,1972,,102.89429,0.21706222
Philippines,PHL,1973,,114.859406,0.21706222
Philippines,PHL,1974,,107.578,0.30388722
Philippines,PHL,1975,,116.69449,0.5752153
Philippines,PHL,1976,,119.77017,0.6837464
Philippines,PHL,1977,,130.15947,1.6876597
Philippines,PHL,1978,,134.74797,1.5465689
Philippines,PHL,1979,,139.32352,1.3512131
Philippines,PHL,1980,,130.49713,1.6279675
Philippines,PHL,1981,,122.71493,2.8218098
Philippines,PHL,1982,,122.00833,3.1474037
Philippines,PHL,1983,,122.14318,5.7304454
Philippines,PHL,1984,,99.97544,9.181736
Philippines,PHL,1985,,88.851875,12.985753
Philippines,PHL,1986,,93.15117,10.229061
Philippines,PHL,1987,,108.55486,10.880248
Philippines,PHL,1988,,117.03594,13.77803
Philippines,PHL,1989,,134.99716,10.891102
Philippines,PHL,1990,,138.08572,14.59565
Philippines,PHL,1991,,134.88696,17.89857
Philippines,PHL,1992,,153.05324,15.747021
Philippines,PHL,1993,,168.78473,17.47989
Philippines,PHL,1994,0.052871108,173.18912,17.78227
Philippines,PHL,1995,0.050973054,203.4543,19.119719
Philippines,PHL,1996,0.086220555,211.86565,25.76045
Philippines,PHL,1997,0.05232889,231.8534,31.85457
Philippines,PHL,1998,0.08920305,225.1748,34.52947
Philippines,PHL,1999,0.068596944,212.49382,39.39081
Philippines,PHL,2000,0.10194638,197.78548,53.77712
Philippines,PHL,2001,1.3423836,196.74991,52.4513
Philippines,PHL,2002,16.865881,187.04181,49.16001
Philippines,PHL,2003,25.705387,185.97559,50.04389
Philippines,PHL,2004,23.739664,189.62283,52.707157
Philippines,PHL,2005,31.442307,174.76901,61.83671
Philippines,PHL,2006,29.446762,160.22661,58.60357
Philippines,PHL,2007,35.304607,166.13818,62.69733
Philippines,PHL,2008,37.165127,158.71425,73.92028
Philippines,PHL,2009,37.424606,166.45232,70.55921
Philippines,PHL,2010,35.24957,173.30809,81.77053
Philippines,PHL,2011,38.058514,163.80542,89.85338
Philippines,PHL,2012,36.48458,169.58356,94.02856
Philippines,PHL,2013,33.60541,177.9317,116.33489
Philippines,PHL,2014,35.342567,188.79172,123.766464
Philippines,PHL,2015,33.22501,215.40018,135.08246
Philippines,PHL,2016,38.098644,231.16985,152.19019
Philippines,PHL,2017,37.74427,247.42796,179.97426
Philippines,PHL,2018,40.888065,248.34981,190.13887
Philippines,PHL,2019,42.159954,254.16463,203.31125
Philippines,PHL,2020,38.42834,206.09845,204.06209
Philippines,PHL,2021,32.831326,224.42242,219.96307
Philippines,PHL,2022,30.803785,249.05637,221.84573
Philippines,PHL,2023,32.03725,260.4399,266.9549
Philippines,PHL,2024,35.428852,272.54376,286.47537
Philippines,PHL,2025,40.023422,278.64285,259.52
Poland,POL,1965,17.132,64.42476,691.76404
Poland,POL,1966,20.36575,67.00853,701.03314
Poland,POL,1967,24.88775,72.72037,713.72144
Poland,POL,1968,34.192,90.98808,748.0648
Poland,POL,1969,47.404247,100.078026,785.9205
Poland,POL,1970,60.459,105.8436,816.1934
Poland,POL,1971,66.4925,112.22479,835.46436
Poland,POL,1972,69.9665,125.95774,873.9596
Poland,POL,1973,72.76475,139.72865,877.5533
Poland,POL,1974,74.79425,147.14691,902.2903
Poland,POL,1975,80.096,160.17279,973.4427
Poland,POL,1976,85.46,176.80226,1017.8111
Poland,POL,1977,90.67575,189.19632,1053.9106
Poland,POL,1978,95.4555,202.32387,1102.9775
Poland,POL,1979,99.5635,206.29735,1116.2822
Poland,POL,1980,102.02375,203.74902,1182.1198
Poland,POL,1981,96.23175,191.03615,1054.0269
Poland,POL,1982,96.1915,180.37706,1091.0685
Poland,POL,1983,98.3895,186.44765,1088.4285
Poland,POL,1984,102.3515,191.37543,1134.9252
Poland,POL,1985,103.80825,194.5768,1161.3136
Poland,POL,1986,110.01725,200.98262,1191.005
Poland,POL,1987,113.58325,203.58064,1233.943
Poland,POL,1988,112.7905,208.54102,1199.9718
Poland,POL,1989,110.719505,207.10391,1146.6134
Poland,POL,1990,103.946,166.58405,912.263
Poland,POL,1991,96.929,161.2986,903.5568
Poland,POL,1992,90.27425,170.9234,873.5409
Poland,POL,1993,94.829254,176.53294,863.4868
Poland,POL,1994,95.552,188.41951,804.1866
Poland,POL,1995,104.609,194.06654,817.86346
Poland,POL,1996,109.84825,214.36308,837.1541
Poland,POL,1997,109.52475,225.8518,816.95514
Poland,POL,1998,110.651245,233.54724,736.1255
Poland,POL,1999,107.73125,241.8692,706.2329
Poland,POL,2000,115.831245,242.72908,654.1142
Poland,POL,2001,120.679756,234.72214,646.4082
Poland,POL,2002,117.61649,235.7797,634.1711
Poland,POL,2003,130.96175,239.10408,652.89545
Poland,POL,2004,138.171,255.27576,633.7097
Poland,POL,2005,142.28725,266.56586,641.0231
Poland,POL,2006,143.90324,284.99228,667.58386
Poland,POL,2007,143.94194,292.6572,650.67
Poland,POL,2008,156.4364,300.85117,642.1825
Poland,POL,2009,150.94778,298.74213,602.8747
Poland,POL,2010,162.3264,314.1251,640.523
Poland,POL,2011,164.52528,311.50574,639.2178
Poland,POL,2012,174.19362,298.3708,595.79724
Poland,POL,2013,174.10417,277.3465,620.82227
Poland,POL,2014,170.13611,277.49698,575.0486
Poland,POL,2015,170.98805,292.9932,566.04724
Poland,POL,2016,182.57611,321.5872,575.6695
Poland,POL,2017,191.80333,362.9471,578.8792
Poland,POL,2018,199.26056,372.2887,579.1753
Poland,POL,2019,208.88777,379.48453,516.07837
Poland,POL,2020,210.64583,359.47464,478.4086
Poland,POL,2021,223.73805,375.48102,529.1506
Poland,POL,2022,186.0464,390.6327,495.63306
Poland,POL,2023,194.40862,388.32553,411.25055
Poland,POL,2024,207.83238,392.43048,373.9161
Poland,POL,2025,221.24933,404.87833,372.94626
Portugal,PRT,1965,,30.529514,6.88496
Portugal,PRT,1966,,31.292534,7.0245204
Portugal,PRT,1967,,34.5241,6.98963
Portugal,PRT,1968,,37.036827,6.29183
Portugal,PRT,1969,,38.868618,5.9313
Portugal,PRT,1970,,53.695103,5.43121
Portugal,PRT,1971,,60.925808,5.02416
Portugal,PRT,1972,,66.27051,4.4426603
Portugal,PRT,1973,,72.85421,6.57095
Portugal,PRT,1974,,77.65475,5.10557
Portugal,PRT,1975,,81.327896,4.79156
Portugal,PRT,1976,,85.188934,4.6520004
Portugal,PRT,1977,,84.28477,4.2216897
Portugal,PRT,1978,,87.35162,4.9776397
Portugal,PRT,1979,,93.42953,5.19861
Portugal,PRT,1980,,100.01279,4.0705
Portugal,PRT,1981,,106.01108,4.61711
Portugal,PRT,1982,,111.01078,4.25658
Portugal,PRT,1983,,112.03898,4.6520004
Portugal,PRT,1984,,111.80505,5.75685
Portugal,PRT,1985,,108.32346,8.94347
Portugal,PRT,1986,,115.462204,16.8635
Portugal,PRT,1987,,112.17974,21.957441
Portugal,PRT,1988,,117.46575,25.31851
Portugal,PRT,1989,,147.89993,28.24927
Portugal,PRT,1990,,140.2395,33.12224
Portugal,PRT,1991,,146.44716,34.703922
Portugal,PRT,1992,,162.93637,35.13423
Portugal,PRT,1993,,153.68877,38.2627
Portugal,PRT,1994,,155.42723,39.85601
Portugal,PRT,1995,,167.95164,48.86926
Portugal,PRT,1996,0,159.85767,45.589603
Portugal,PRT,1997,1.00625,171.57802,41.47258
Portugal,PRT,1998,8.038,187.91159,41.46095
Portugal,PRT,1999,22.478,193.70639,43.055805
Portugal,PRT,2000,23.090034,189.41814,43.173363
Portugal,PRT,2001,25.74884,189.5344,36.919006
Portugal,PRT,2002,31.322216,196.06563,40.703857
Portugal,PRT,2003,30.202194,184.26161,38.967873
Portugal,PRT,2004,37.833553,186.39532,38.553112
Portugal,PRT,2005,42.8778,192.48924,38.796135
Portugal,PRT,2006,41.184383,170.36935,38.41466
Portugal,PRT,2007,43.893864,172.20227,33.43719
Portugal,PRT,2008,48.02346,164.78693,29.261324
Portugal,PRT,2009,47.69356,152.80612,33.21664
Portugal,PRT,2010,51.887592,149.48178,19.161901
Portugal,PRT,2011,52.536816,140.12875,25.828568
Portugal,PRT,2012,45.554916,127.39728,33.851383
Portugal,PRT,2013,43.18343,130.73607,30.815416
Portugal,PRT,2014,41.2596,129.18199,31.157421
Portugal,PRT,2015,48.198635,132.16782,37.914043
Portugal,PRT,2016,50.738132,134.93422,33.09898
Portugal,PRT,2017,63.394848,135.99239,37.76261
Portugal,PRT,2018,57.993805,131.66093,31.66849
Portugal,PRT,2019,61.35022,139.91884,14.518099
Portugal,PRT,2020,60.366596,114.11291,6.579256
Portugal,PRT,2021,58.10982,117.3465,2.2745793
Portugal,PRT,2022,55.888798,128.5056,0.081410006
Portugal,PRT,2023,44.704124,125.77155,0.058149997
Portugal,PRT,2024,36.836533,123.37686,0.06978
Portugal,PRT,2025,40.88438,123.48502,0.058149997
Qatar,QAT,1965,0.83835,0.57273304,
Qatar,QAT,1966,0.8487,0.57199776,
Qatar,QAT,1967,1.16955,0.86582726,
Qatar,QAT,1968,5.3198996,1.1196642,
Qatar,QAT,1969,8.8182,1.30044,
Qatar,QAT,1970,10.401751,1.1239372,
Qatar,QAT,1971,10.401751,1.0794972,
Qatar,QAT,1972,11.41605,1.2848859,
Qatar,QAT,1973,16.353,1.6680158,
Qatar,QAT,1974,13.4343,2.2778795,
Qatar,QAT,1975,20.73105,2.7142978,
Qatar,QAT,1976,11.3229,3.7372403,
Qatar,QAT,1977,16.05285,4.9303584,
Qatar,QAT,1978,15.307651,4.820811,
Qatar,QAT,1979,45.1467,5.219366,
Qatar,QAT,1980,49.06935,4.3004594,
Qatar,QAT,1981,44.74305,6.3161616,
Qatar,QAT,1982,52.319252,7.013765,
Qatar,QAT,1983,54.182247,7.672108,
Qatar,QAT,1984,61.3755,9.03474,
Qatar,QAT,1985,56.510998,9.599014,
Qatar,QAT,1986,60.03,12.040971,
Qatar,QAT,1987,58.0635,11.789599,
Qatar,QAT,1988,60.651,12.888711,
Qatar,QAT,1989,64.17,13.575521,
Qatar,QAT,1990,65.205,13.632662,
Qatar,QAT,1991,78.9705,11.84232,
Qatar,QAT,1992,130.617,13.675576,
Qatar,QAT,1993,139.72499,14.634062,
Qatar,QAT,1994,139.72499,16.94264,
Qatar,QAT,1995,139.72499,16.422976,
Qatar,QAT,1996,97.0391,18.12003,
Qatar,QAT,1997,103.75724,22.133371,
Qatar,QAT,1998,112.05206,23.50374,
Qatar,QAT,1999,128.55167,22.346224,
Qatar,QAT,2000,112.9724,21.87208,
Qatar,QAT,2001,104.71878,24.90919,
Qatar,QAT,2002,133.7391,28.160334,
Qatar,QAT,2003,130.73177,32.888073,
Qatar,QAT,2004,157.12419,40.44577,
Qatar,QAT,2005,178.92508,44.74746,0
Qatar,QAT,2006,187.79922,57.56555,
Qatar,QAT,2007,216.17506,63.685043,
Qatar,QAT,2008,211.39554,77.1617,
Qatar,QAT,2009,212.88841,75.47389,
Qatar,QAT,2010,254.31264,81.08316,
Qatar,QAT,2011,290.5763,102.54465,
Qatar,QAT,2012,340.2059,108.15663,0.05309639
Qatar,QAT,2013,354.17773,129.21953,0.07565445
Qatar,QAT,2014,380.02478,136.32497,0.47915915
Qatar,QAT,2015,435.36597,159.36671,0.28335723
Qatar,QAT,2016,416.8792,168.92227,0.29937223
Qatar,QAT,2017,411.42685,151.88354,0.32651833
Qatar,QAT,2018,417.44986,154.9846,0.46677724
Qatar,QAT,2019,413.19202,169.01854,0.4123775
Qatar,QAT,2020,387.6529,126.878494,0.074883334
Qatar,QAT,2021,406.34192,139.33305,0.02859861
Qatar,QAT,2022,403.86288,163.93837,0.11497805
Qatar,QAT,2023,437.33044,170.59053,0.1312
Qatar,QAT,2024,453.53995,175.95923,0.15204196
Qatar,QAT,2025,438.16577,178.6584,0.15162668
Romania,ROU,1965,140.49026,84.556404,50.702454
Romania,ROU,1966,151.4665,88.13735,54.60553
Romania,ROU,1967,166.9824,99.876396,60.510185
Romania,ROU,1968,176.6879,105.33326,66.339775
Romania,ROU,1969,205.16902,117.42678,76.66041
Romania,ROU,1970,213.25386,127.266594,83.290634
Romania,ROU,1971,228.0147,129.28983,87.96932
Romania,ROU,1972,231.46779,138.00856,92.086334
Romania,ROU,1973,244.56192,155.25238,103.693085
Romania,ROU,1974,252.42575,142.95157,109.05451
Romania,ROU,1975,274.24933,162.52592,113.05523
Romania,ROU,1976,302.29764,181.33104,114.741585
Romania,ROU,1977,320.2215,195.90225,116.1837
Romania,ROU,1978,331.02737,217.8757,130.46533
Romania,ROU,1979,319.01062,231.76279,140.51366
Romania,ROU,1980,331.2944,219.39137,143.79332
Romania,ROU,1981,348.10867,196.67183,151.1435
Romania,ROU,1982,354.048,193.75221,144.42134
Romania,ROU,1983,352.55627,173.10956,166.8556
Romania,ROU,1984,351.23947,165.70328,166.56487
Romania,ROU,1985,326.58902,177.1799,173.54286
Romania,ROU,1986,332.45465,189.89893,175.76419
Romania,ROU,1987,326.4693,209.30614,188.19667
Romania,ROU,1988,327.48218,196.1682,203.79248
Romania,ROU,1989,326.19305,202.27863,203.55989
Romania,ROU,1990,335.39127,216.67337,146.05783
Romania,ROU,1991,276.76575,175.61438,121.91105
Romania,ROU,1992,246.49525,146.87297,120.03158
Romania,ROU,1993,236.97174,139.33354,118.721886
Romania,ROU,1994,215.841,136.17647,118.89324
Romania,ROU,1995,223.7625,146.86168,122.8742
Romania,ROU,1996,225.837,159.50706,122.787575
Romania,ROU,1997,185.36525,163.27122,111.57978
Romania,ROU,1998,174.2715,142.51881,94.034225
Romania,ROU,1999,159.69176,118.32159,81.74532
Romania,ROU,2000,159.097,120.05517,85.536385
Romania,ROU,2001,153.28127,137.34877,88.45867
Romania,ROU,2002,158.50224,130.82616,95.27038
Romania,ROU,2003,171.30225,125.55903,106.61747
Romania,ROU,2004,162.091,129.61435,104.84187
Romania,ROU,2005,161.92674,125.47204,99.98216
Romania,ROU,2006,165.1305,121.664536,113.25408
Romania,ROU,2007,148.42201,122.22087,114.208694
Romania,ROU,2008,141.4145,119.390396,109.88726
Romania,ROU,2009,123.0495,106.2176,87.61162
Romania,ROU,2010,125.469,100.407486,81.89478
Romania,ROU,2011,129.15175,105.37204,95.46504
Romania,ROU,2012,125.341,106.799164,88.00536
Romania,ROU,2013,114.427,100.08147,68.355545
Romania,ROU,2014,108.73125,102.853096,67.58777
Romania,ROU,2015,103.70825,104.67591,70.089584
Romania,ROU,2016,104.946106,109.50532,62.37897
Romania,ROU,2017,112.90269,115.11504,62.510086
Romania,ROU,2018,115.629875,115.10531,59.62158
Romania,ROU,2019,107.7498,120.50201,57.781017
Romania,ROU,2020,112.62553,116.62167,41.721542
Romania,ROU,2021,115.68957,125.23474,47.12719
Romania,ROU,2022,97.11343,126.70776,42.03632
Romania,ROU,2023,91.16126,131.32236,30.7371
Romania,ROU,2024,94.48534,137.8218,26.49928
Romania,ROU,2025,95.679214,133.6012,24.5977
Russia,RUS,1985,3560.848,2936.284,2303.885
Russia,RUS,1986,3602.143,2971.3591,2366.461
Russia,RUS,1987,3809.967,2995.656,2402.5642
Russia,RUS,1988,4020.562,2972.0117,2367.1018
Russia,RUS,1989,4080.3362,3027.4558,2288.8674
Russia,RUS,1990,4141.95,2984.632,2120.2134
Russia,RUS,1991,4249.5483,2908.4788,1942.911
Russia,RUS,1992,4113.449,2777.474,1825.7065
Russia,RUS,1993,4101.4873,2316.0288,1647.8698
Russia,RUS,1994,3853.2012,2046.0374,1441.2252
Russia,RUS,1995,3724.4517,1785.4498,1388.3457
Russia,RUS,1996,3745.2307,1539.5094,1362.637
Russia,RUS,1997,3454.0825,1526.9076,1256.4481
Russia,RUS,1998,3595.7024,1462.641,1176.4507
Russia,RUS,1999,3584.6611,1495.316,1185.9927
Russia,RUS,2000,3661.913,1465.8062,1230.0566
Russia,RUS,2001,3721.688,1509.4218,1199.908
Russia,RUS,2002,3766.7493,1456.2139,1204.9395
Russia,RUS,2003,3855.9521,1509.1854,1212.4135
Russia,RUS,2004,3956.1902,1488.4772,1161.7518
Russia,RUS,2005,4004.0103,1493.8192,1099.9027
Russia,RUS,2006,4217.3613,1569.5916,1128.3627
Russia,RUS,2007,4288.172,1561.667,1092.2435
Russia,RUS,2008,4227.477,1611.6493,1171.354
Russia,RUS,2009,3977.8933,1546.3186,1071.749
Russia,RUS,2010,4239.202,1604.9197,1052.6758
Russia,RUS,2011,4356.3613,1721.7162,1093.3363
Russia,RUS,2012,4286.259,1780.8062,1144.6245
Russia,RUS,2013,4248.6743,1785.0247,1052.6312
Russia,RUS,2014,4221.9824,1875.5392,1018.4391
Russia,RUS,2015,4086.7483,1812.3582,1071.3556
Russia,RUS,2016,4206.464,1839.1206,1037.9774
Russia,RUS,2017,4311.006,1833.1202,976.10596
Russia,RUS,2018,4544.993,1850.8489,1007.8558
Russia,RUS,2019,4443.1274,1888.737,990.7597
Russia,RUS,2020,4234.834,1815.7542,910.9779
Russia,RUS,2021,4315.445,1930.508,947.61237
Russia,RUS,2022,4484.05,1982.0867,1062.2084
Russia,RUS,2023,4598.0825,2005.4017,1060.0856
Russia,RUS,2024,4795.8003,1996.2903,1041.3788
Russia,RUS,2025,4800.398,1993.5671,988.31
Saudi Arabia,SAU,1965,6.004,229.13556,0
Saudi Arabia,SAU,1966,7.2200003,231.1016,0
Saudi Arabia,SAU,1967,8.69725,233.06764,0
Saudi Arabia,SAU,1968,10.459499,235.05855,0
Saudi Arabia,SAU,1969,12.59225,237.07053,0
Saudi Arabia,SAU,1970,15.361501,247.49394,0
Saudi Arabia,SAU,1971,12.8155,250.4564,0
Saudi Arabia,SAU,1972,14.525499,267.64355,0
Saudi Arabia,SAU,1973,17.1,283.90036,0
Saudi Arabia,SAU,1974,21.641,297.71277,0
Saudi Arabia,SAU,1975,25.744999,227.51585,0
Saudi Arabia,SAU,1976,27.792252,265.00204,0
Saudi Arabia,SAU,1977,39.1115,306.651,0
Saudi Arabia,SAU,1978,53.9315,331.40424,0
Saudi Arabia,SAU,1979,66.215,400.6283,0
Saudi Arabia,SAU,1980,92.378,327.53833,0
Saudi Arabia,SAU,1981,107.711,393.52573,0
Saudi Arabia,SAU,1982,114.1615,437.69144,0
Saudi Arabia,SAU,1983,111.47301,486.50903,0
Saudi Arabia,SAU,1984,172.9,542.398,0
Saudi Arabia,SAU,1985,178.6,551.1338,0
Saudi Arabia,SAU,1986,239.40001,545.259,0
Saudi Arabia,SAU,1987,254.59999,577.13806,0
Saudi Arabia,SAU,1988,276.45,593.8246,0
Saudi Arabia,SAU,1989,283.1,573.4453,0
Saudi Arabia,SAU,1990,318.44,609.89703,0
Saudi Arabia,SAU,1991,334.115,638.3373,0
Saudi Arabia,SAU,1992,363.375,618.3813,0
Saudi Arabia,SAU,1993,380.37997,622.47034,0
Saudi Arabia,SAU,1994,406.315,753.26544,0
Saudi Arabia,SAU,1995,407.83502,722.1709,0
Saudi Arabia,SAU,1996,421.895,746.65784,0
Saudi Arabia,SAU,1997,430.72998,759.519,0
Saudi Arabia,SAU,1998,444.78998,807.787,0
Saudi Arabia,SAU,1999,438.9,836.53033,0
Saudi Arabia,SAU,2000,473.195,861.68463,0
Saudi Arabia,SAU,2001,510.055,912.18567,0.09176528
Saudi Arabia,SAU,2002,538.64996,942.5885,0.14420277
Saudi Arabia,SAU,2003,570.57,998.4375,0.18353084
Saudi Arabia,SAU,2004,623.96,1078.3237,0.16386665
Saudi Arabia,SAU,2005,676.78,1134.0006,0.32532138
Saudi Arabia,SAU,2006,697.8795,1202.0599,0.23053418
Saudi Arabia,SAU,2007,706.99005,1236.4219,0.6451761
Saudi Arabia,SAU,2008,764.18005,1363.5358,0.7464195
Saudi Arabia,SAU,2009,745.275,1459.5881,0.2734739
Saudi Arabia,SAU,2010,832.77,1617.5393,0.78602916
Saudi Arabia,SAU,2011,876.47003,1680.0405,0.7656639
Saudi Arabia,SAU,2012,943.63495,1769.6074,0.8977667
Saudi Arabia,SAU,2013,950.285,1779.6705,1.1490006
Saudi Arabia,SAU,2014,972.61,1957.39,1.5928698
Saudi Arabia,SAU,2015,992.275,2063.1904,1.0364242
Saudi Arabia,SAU,2016,1053.17,2125.6958,0.8553122
Saudi Arabia,SAU,2017,1092.5021,2087.7917,1.3395644
Saudi Arabia,SAU,2018,1121,1979.1284,1.1144836
Saudi Arabia,SAU,2019,1111.5,1855.6122,1.1725581
Saudi Arabia,SAU,2020,1130.5,1754.3173,1.028185
Saudi Arabia,SAU,2021,1144.6068,1833.8433,1.2788856
Saudi Arabia,SAU,2022,1167.4989,1956.8835,1.2508405
Saudi Arabia,SAU,2023,1173.547,1994.0145,1.5484159
Saudi Arabia,SAU,2024,1235.683,2031.2227,1.720797
Saudi Arabia,SAU,2025,1337.5457,1981.2086,1.7417128
Singapore,SGP,1965,,47.841488,0.04652
Singapore,SGP,1966,,54.685574,0.058149997
Singapore,SGP,1967,,65.72113,0.03489
Singapore,SGP,1968,,81.66476,0.06978
Singapore,SGP,1969,,80.28362,0.03489
Singapore,SGP,1970,,87.17049,0.03489
Singapore,SGP,1971,,75.6517,0.046171114
Singapore,SGP,1972,,94.752754,0.034831945
Singapore,SGP,1973,,89.27612,0.0504975
Singapore,SGP,1974,,87.99668,0.061836667
Singapore,SGP,1975,,85.97112,0.014839889
Singapore,SGP,1976,,101.95272,0.03916972
Singapore,SGP,1977,,102.324135,0.0504975
Singapore,SGP,1978,,105.32004,0.053602777
Singapore,SGP,1979,,112.32548,0.007838611
Singapore,SGP,1980,,111.53652,0.03463417
Singapore,SGP,1981,,128.3062,0.053602777
Singapore,SGP,1982,,124.87468,0.018968528
Singapore,SGP,1983,,132.27364,0.037936945
Singapore,SGP,1984,,139.04439,0.058138333
Singapore,SGP,1985,,141.7617,0.13194223
Singapore,SGP,1986,,164.40309,0.08163111
Singapore,SGP,1987,,172.8289,0.13646638
Singapore,SGP,1988,,199.9983,0.15997057
Singapore,SGP,1989,,228.1219,0.144305
Singapore,SGP,1990,,272.58282,0.24944028
Singapore,SGP,1991,,277.38525,0.14760806
Singapore,SGP,1992,10.45,287.14056,0.21480611
Singapore,SGP,1993,14.25,310.94153,0.23829861
Singapore,SGP,1994,14.25,357.7661,0.2853072
Singapore,SGP,1995,14.25,373.77563,0.13316362
Singapore,SGP,1996,14.25,377.44174,0.0033029167
Singapore,SGP,1997,14.25,397.76855,0
Singapore,SGP,1998,14.25,403.47717,0
Singapore,SGP,1999,14.25,399.2941,0
Singapore,SGP,2000,16.57425,425.65808,0
Singapore,SGP,2001,43.556496,455.65408,0
Singapore,SGP,2002,47.076763,433.57513,0.07832805
Singapore,SGP,2003,51.111916,401.47992,0.101832226
Singapore,SGP,2004,61.872314,450.03885,0.08042139
Singapore,SGP,2005,61.858868,478.8211,0.097691946
Singapore,SGP,2006,81.496605,515.75745,0.058149997
Singapore,SGP,2007,81.496605,565.32025,0.094203055
Singapore,SGP,2008,87.142586,601.7366,0.056986947
Singapore,SGP,2009,91.80641,648.4628,0.04652
Singapore,SGP,2010,83.36057,730.60547,0.09071389
Singapore,SGP,2011,82.87125,762.96924,0.07443195
Singapore,SGP,2012,89.3,762.16626,0.28958693
Singapore,SGP,2013,100.15245,747.8612,3.064505
Singapore,SGP,2014,103.89519,759.87036,4.518255
Singapore,SGP,2015,115.78651,811.2188,4.726432
Singapore,SGP,2016,119.02109,843.3633,4.95438
Singapore,SGP,2017,122.87654,874.1918,10.446066
Singapore,SGP,2018,122.86282,885.29626,5.5521617
Singapore,SGP,2019,125.487816,859.50146,5.3252683
Singapore,SGP,2020,125.983604,796.4289,5.036953
Singapore,SGP,2021,133.51857,788.3909,5.397483
Singapore,SGP,2022,130.59363,775.13043,4.822961
Singapore,SGP,2023,123.31395,837.6018,3.911871
Singapore,SGP,2024,131.79558,882.5105,3.511097
Singapore,SGP,2025,133.22882,882.3997,3.9512923
Slovakia,SVK,1965,2.9852998,27.0471,70.23055
Slovakia,SVK,1966,3.3201,29.85093,71.11373
Slovakia,SVK,1967,3.9804,33.213135,68.57309
Slovakia,SVK,1968,8.9115,36.702866,72.11789
Slovakia,SVK,1969,9.03125,39.373753,75.856255
Slovakia,SVK,1970,12.127501,47.31742,76.473274
Slovakia,SVK,1971,15.223749,52.108093,80.22374
Slovakia,SVK,1972,16.532,56.999817,81.654236
Slovakia,SVK,1973,18.1565,64.09421,79.398
Slovakia,SVK,1974,22.13625,65.71883,79.13052
Slovakia,SVK,1975,25.3425,72.499275,78.79325
Slovakia,SVK,1976,27.97925,76.63874,78.09544
Slovakia,SVK,1977,31.79825,80.18542,80.212105
Slovakia,SVK,1978,35.63,82.978584,84.10816
Slovakia,SVK,1979,36.769,84.33484,82.7242
Slovakia,SVK,1980,26.953249,78.43337,94.15648
Slovakia,SVK,1981,27.98575,77.34563,91.63277
Slovakia,SVK,1982,29.2225,70.84797,93.2726
Slovakia,SVK,1983,30.00925,69.36173,93.40053
Slovakia,SVK,1984,34.059002,73.744385,99.35509
Slovakia,SVK,1985,34.998,73.22342,98.564255
Slovakia,SVK,1986,37.484,70.87256,91.039635
Slovakia,SVK,1987,39.5915,69.351006,95.63349
Slovakia,SVK,1988,38.9665,67.788506,99.6691
Slovakia,SVK,1989,44.0555,67.18965,96.13358
Slovakia,SVK,1990,59.173,58.420727,91.0761
Slovakia,SVK,1991,52.629,49.55168,80.93565
Slovakia,SVK,1992,57.8885,42.951405,72.108894
Slovakia,SVK,1993,57.3265,33.36839,71.18895
Slovakia,SVK,1994,54.73375,36.82294,63.494576
Slovakia,SVK,1995,60.676003,39.64983,63.31123
Slovakia,SVK,1996,63.94625,38.814495,62.28408
Slovakia,SVK,1997,64.8905,40.99949,58.49133
Slovakia,SVK,1998,65.936745,39.838615,53.26533
Slovakia,SVK,1999,66.73475,36.418842,52.974533
Slovakia,SVK,2000,67.17975,34.078724,49.753967
Slovakia,SVK,2001,71.738,39.468822,51.437572
Slovakia,SVK,2002,68.23725,45.387634,49.823803
Slovakia,SVK,2003,65.927,42.271263,53.990612
Slovakia,SVK,2004,63.9465,42.210953,52.95689
Slovakia,SVK,2005,68.64875,44.068268,49.093872
Slovakia,SVK,2006,62.54475,43.858025,51.19868
Slovakia,SVK,2007,59.189003,46.044487,45.88004
Slovakia,SVK,2008,60.08425,48.104984,45.75521
Slovakia,SVK,2009,51.467503,43.69808,44.543774
Slovakia,SVK,2010,58.22475,45.80158,44.787094
Slovakia,SVK,2011,53.929,45.289116,42.458443
Slovakia,SVK,2012,50.76875,41.787235,40.04157
Slovakia,SVK,2013,53.01,41.750195,39.80115
Slovakia,SVK,2014,43.87225,38.73857,39.089558
Slovakia,SVK,2015,45.118,42.231773,37.68276
Slovakia,SVK,2016,45.30275,44.63993,37.19309
Slovakia,SVK,2017,48.109447,49.168777,38.865448
Slovakia,SVK,2018,47.416214,49.682873,38.57444
Slovakia,SVK,2019,47.522778,47.017704,31.42767
Slovakia,SVK,2020,47.546387,46.984623,26.940104
Slovakia,SVK,2021,52.92877,49.438286,32.704887
Slovakia,SVK,2022,44.098713,50.027363,27.929153
Slovakia,SVK,2023,41.981422,49.066074,27.400698
Slovakia,SVK,2024,43.45826,44.43062,22.763655
Slovakia,SVK,2025,44.95407,46.51993,20.027763
Slovenia,SVN,1990,8.92175,20.606436,18.300968
Slovenia,SVN,1991,8.482,19.971743,16.70882
Slovenia,SVN,1992,7.16175,19.281378,17.405458
Slovenia,SVN,1993,7.11325,22.990038,16.590195
Slovenia,SVN,1994,7.74575,24.766712,15.452782
Slovenia,SVN,1995,8.597,27.279135,16.029629
Slovenia,SVN,1996,8.7345,32.16087,14.79336
Slovenia,SVN,1997,9.285001,31.756687,16.401789
Slovenia,SVN,1998,9.511749,29.641819,16.609966
Slovenia,SVN,1999,9.929,29.873102,15.194595
Slovenia,SVN,2000,9.598017,28.335773,15.787772
Slovenia,SVN,2001,9.881983,29.408028,16.738373
Slovenia,SVN,2002,9.531758,28.555616,18.233456
Slovenia,SVN,2003,10.544567,28.93552,17.301334
Slovenia,SVN,2004,10.45011,29.82088,17.590212
Slovenia,SVN,2005,10.784431,30.444403,17.650805
Slovenia,SVN,2006,10.457741,31.640657,17.99839
Slovenia,SVN,2007,10.634877,31.267454,18.29556
Slovenia,SVN,2008,10.213975,36.390366,17.62708
Slovenia,SVN,2009,9.665117,30.854256,16.366154
Slovenia,SVN,2010,10.028044,30.972471,16.697203
Slovenia,SVN,2011,8.580589,30.851475,16.927105
Slovenia,SVN,2012,8.253386,30.20445,16.072126
Slovenia,SVN,2013,8.10667,28.55647,15.524713
Slovenia,SVN,2014,7.2808156,28.241379,12.253065
Slovenia,SVN,2015,7.7243404,27.81775,12.382635
Slovenia,SVN,2016,8.190601,29.852818,13.235522
Slovenia,SVN,2017,8.62206,30.5679,13.194513
Slovenia,SVN,2018,8.530561,31.68107,12.898891
Slovenia,SVN,2019,8.56711,30.317005,12.194521
Slovenia,SVN,2020,8.551606,25.189037,11.74366
Slovenia,SVN,2021,9.00705,26.98625,10.787278
Slovenia,SVN,2022,7.9449115,28.227678,8.716149
Slovenia,SVN,2023,7.666729,26.136494,8.327312
Slovenia,SVN,2024,8.303592,27.45618,9.039754
Slovenia,SVN,2025,9.058823,28.994057,5.4758077
South Africa,ZAF,1965,0,67.35819,286.76093
South Africa,ZAF,1966,0,73.19014,283.13235
South Africa,ZAF,1967,0,79.76973,291.30823
South Africa,ZAF,1968,0,86.71,304.92697
South Africa,ZAF,1969,0,95.325165,307.9275
South Africa,ZAF,1970,0,103.30021,318.10376
South Africa,ZAF,1971,0.6147867,112.90513,340.1753
South Africa,ZAF,1972,0.91639835,123.06213,342.58466
South Africa,ZAF,1973,0.9926764,135.76929,364.9302
South Africa,ZAF,1974,1.1645409,132.2976,382.28513
South Africa,ZAF,1975,1.5310789,140.55472,408.01
South Africa,ZAF,1976,1.5463558,142.11978,428.38846
South Africa,ZAF,1977,1.4814292,140.73819,443.7921
South Africa,ZAF,1978,1.519621,147.81738,431.03107
South Africa,ZAF,1979,1.8785208,140.08987,459.7468
South Africa,ZAF,1980,2.1266634,144.07216,496.73206
South Africa,ZAF,1981,2.0636463,156.1146,588.86005
South Africa,ZAF,1982,1.8785208,158.24547,645.58716
South Africa,ZAF,1983,2.128573,159.86389,655.7013
South Africa,ZAF,1984,2.1352568,174.05658,706.5366
South Africa,ZAF,1985,2.0160124,170.03987,725.57367
South Africa,ZAF,1986,2.1152058,164.14243,735.66565
South Africa,ZAF,1987,1.9568146,173.64066,748.57306
South Africa,ZAF,1988,1.974001,191.27434,809.92725
South Africa,ZAF,1989,2.012193,198.1788,755.8787
South Africa,ZAF,1990,19.708776,200.10172,782.89764
South Africa,ZAF,1991,19.93968,201.7545,768.75287
South Africa,ZAF,1992,18.411568,208.36374,771.6844
South Africa,ZAF,1993,12.738033,216.77267,774.72943
South Africa,ZAF,1994,12.754265,226.23352,799.63
South Africa,ZAF,1995,12.911384,241.26068,829.7133
South Africa,ZAF,1996,11.2445545,248.50722,842.5073
South Africa,ZAF,1997,9.315007,252.60281,861.0868
South Africa,ZAF,1998,9.297571,256.45294,835.2281
South Africa,ZAF,1999,11.863834,259.98068,872.69934
South Africa,ZAF,2000,11.396028,264.2983,867.96533
South Africa,ZAF,2001,13.8290615,269.9824,871.06885
South Africa,ZAF,2002,13.919589,276.9421,828.59814
South Africa,ZAF,2003,10.525238,286.9232,864.69745
South Africa,ZAF,2004,24.34282,297.69238,914.9906
South Africa,ZAF,2005,34.55495,298.21884,955.957
South Africa,ZAF,2006,37.446712,304.0121,1019.84106
South Africa,ZAF,2007,37.908703,310.24753,1050.4436
South Africa,ZAF,2008,39.219204,294.21274,1091.7207
South Africa,ZAF,2009,33.239956,288.54617,1025.1217
South Africa,ZAF,2010,41.220562,302.4367,1048.6069
South Africa,ZAF,2011,42.809494,306.0354,998.47534
South Africa,ZAF,2012,43.573288,313.72104,1047.5005
South Africa,ZAF,2013,40.54369,319.58032,1040.5958
South Africa,ZAF,2014,42.982246,316.09113,1002.1092
South Africa,ZAF,2015,43.186268,344.80014,977.5834
South Africa,ZAF,2016,36.546562,331.5981,1004.8875
South Africa,ZAF,2017,40.109257,332.06955,937.46277
South Africa,ZAF,2018,44.10787,325.73,994.96985
South Africa,ZAF,2019,42.61174,322.70734,1061.4275
South Africa,ZAF,2020,39.705296,273.8734,966.8971
South Africa,ZAF,2021,41.99294,286.45642,957.8687
South Africa,ZAF,2022,42.69491,285.24384,908.05347
South Africa,ZAF,2023,47.449333,288.39734,956.59937
South Africa,ZAF,2024,47.71033,265.71786,1032.6401
South Africa,ZAF,2025,46.809162,272.42102,1012.6455
South Korea,KOR,1965,,15.124584,57.59176
South Korea,KOR,1966,,22.645342,65.20941
South Korea,KOR,1967,,39.25714,62.20887
South Korea,KOR,1968,,58.03968,58.7315
South Korea,KOR,1969,,78.770836,61.33662
South Korea,KOR,1970,,98.390976,65.46527
South Korea,KOR,1971,,111.12396,66.16307
South Korea,KOR,1972,,115.992966,67.81453
South Korea,KOR,1973,,142.77956,85.75962
South Korea,KOR,1974,,147.48793,88.44615
South Korea,KOR,1975,,167.17403,93.44705
South Korea,KOR,1976,,187.67162,104.169914
South Korea,KOR,1977,,223.60997,113.71814
South Korea,KOR,1978,,255.69792,115.06722
South Korea,KOR,1979,,287.68427,137.73409
South Korea,KOR,1980,,284.98254,153.50438
South Korea,KOR,1981,,282.14676,177.29004
South Korea,KOR,1982,,280.0684,179.69048
South Korea,KOR,1983,,293.03107,191.79149
South Korea,KOR,1984,,294.2903,231.05322
South Korea,KOR,1985,,311.11945,256.117
South Korea,KOR,1986,0.7117558,338.9009,271.32788
South Korea,KOR,1987,22.02257,356.26428,274.9204
South Korea,KOR,1988,28.449305,425.95413,292.63754
South Korea,KOR,1989,27.528212,486.68192,284.84778
South Korea,KOR,1990,31.64174,589.9107,293.26987
South Korea,KOR,1991,36.655434,717.3476,300.8378
South Korea,KOR,1992,47.94933,868.07513,291.14114
South Korea,KOR,1993,59.902637,953.18195,319.40662
South Korea,KOR,1994,79.7376,1046.2953,332.49234
South Korea,KOR,1995,96.432465,1141.5756,343.2404
South Korea,KOR,1996,127.40433,1221.4814,398.4051
South Korea,KOR,1997,154.82787,1342.7759,422.181
South Korea,KOR,1998,144.84235,1117.2625,435.1025
South Korea,KOR,1999,176.35849,1198.39,460.11197
South Korea,KOR,2000,198.07751,1227.263,514.09827
South Korea,KOR,2001,217.57753,1227.4758,547.12946
South Korea,KOR,2002,241.77724,1249.2571,586.0149
South Korea,KOR,2003,254.01013,1259.7499,608.5372
South Korea,KOR,2004,297.3597,1250.866,641.9888
South Korea,KOR,2005,317.9972,1257.2521,652.5909
South Korea,KOR,2006,342.45642,1258.554,674.4474
South Korea,KOR,2007,363.8719,1292.2332,708.92957
South Korea,KOR,2008,374.5182,1232.2426,788.669
South Korea,KOR,2009,354.6178,1246.881,819.01263
South Korea,KOR,2010,449.8204,1273.9978,916.1711
South Korea,KOR,2011,484.54376,1286.9048,1002.5109
South Korea,KOR,2012,524.0989,1332.9847,961.5278
South Korea,KOR,2013,548.7629,1335.017,960.94836
South Korea,KOR,2014,499.3121,1329.7906,990.38495
South Korea,KOR,2015,456.42657,1393.7773,994.67096
South Korea,KOR,2016,476.31335,1519.5157,968.0773
South Korea,KOR,2017,496.5004,1504.5671,1027.2557
South Korea,KOR,2018,576.9347,1499.6987,1057.8835
South Korea,KOR,2019,559.4774,1486.9941,997.1185
South Korea,KOR,2020,565.86523,1405.6753,882.8456
South Korea,KOR,2021,619.46533,1499.4344,909.1072
South Korea,KOR,2022,620.33887,1518.4937,873.8059
South Korea,KOR,2023,594.0916,1489.5963,844.99316
South Korea,KOR,2024,633.7423,1546.4102,792.4115
South Korea,KOR,2025,629.5793,1505.8105,793.18225
Spain,ESP,1965,,166.38136,112.811005
Spain,ESP,1966,,196.83344,104.367615
Spain,ESP,1967,,238.4801,106.0656
Spain,ESP,1968,,253.3006,107.36816
Spain,ESP,1969,0.9393,288.38126,108.0427
Spain,ESP,1970,0.7474,328.98575,114.13682
Spain,ESP,1971,3.9794002,362.11,114.70669
Spain,ESP,1972,11.716,381.81464,117.47463
Spain,ESP,1973,11.312,458.62744,115.05559
Spain,ESP,1974,14.139999,480.74136,111.43866
Spain,ESP,1975,14.5844,499.90475,123.49897
Spain,ESP,1976,16.7458,567.02826,119.61455
Spain,ESP,1977,16.0994,535.35486,128.12772
Spain,ESP,1978,16.4933,551.28845,110.11285
Spain,ESP,1979,15.937799,584.30664,125.49933
Spain,ESP,1980,20.4323,618.6684,144.66557
Spain,ESP,1981,23.331001,599.03894,178.46236
Spain,ESP,1982,25.441898,566.287,197.76814
Spain,ESP,1983,27.512402,567.4309,208.01419
Spain,ESP,1984,22.5634,535.18097,211.47992
Spain,ESP,1985,23.937,515.2207,209.08414
Spain,ESP,1986,28.1992,510.47852,216.6669
Spain,ESP,1987,30.1889,536.0967,210.2006
Spain,ESP,1988,38.9557,548.8795,182.38165
Spain,ESP,1989,50.0051,575.179,224.83116
Spain,ESP,1990,57.794395,556.60004,223.43556
Spain,ESP,1991,65.11024,568.6487,232.58836
Spain,ESP,1992,68.079414,637.358,237.29852
Spain,ESP,1993,66.77966,607.8931,213.45702
Spain,ESP,1994,73.21793,638.54456,220.06287
Spain,ESP,1995,89.793236,679.26404,220.58621
Spain,ESP,1996,100.48969,697.5843,186.39401
Spain,ESP,1997,131.48898,705.9866,213.46866
Spain,ESP,1998,134.98706,762.26117,203.42033
Spain,ESP,1999,154.5253,810.89856,227.98288
Spain,ESP,2000,176.96399,822.15295,243.48569
Spain,ESP,2001,190.69435,848.1993,222.92384
Spain,ESP,2002,218.03433,866.395,251.18474
Spain,ESP,2003,248.2873,875.835,234.10027
Spain,ESP,2004,292.69077,883.7714,244.79987
Spain,ESP,2005,347.01956,906.24615,238.56618
Spain,ESP,2006,363.17368,898.3019,208.27003
Spain,ESP,2007,369.5727,905.739,233.0303
Spain,ESP,2008,405.92172,866.6593,157.05151
Spain,ESP,2009,363.0772,814.51135,109.6709
Spain,ESP,2010,361.96466,794.1013,80.212105
Spain,ESP,2011,336.46085,757.2665,148.75934
Spain,ESP,2012,332.25613,700.0071,180.17197
Spain,ESP,2013,303.28094,675.85834,132.54712
Spain,ESP,2014,275.239,678.84143,135.36157
Spain,ESP,2015,285.43784,701.32794,159.17296
Spain,ESP,2016,291.21594,719.22076,122.07011
Spain,ESP,2017,317.12115,723.65344,156.40977
Spain,ESP,2018,314.9725,733.6454,134.02187
Spain,ESP,2019,359.74472,735.607,58.98408
Spain,ESP,2020,324.9023,591.8298,34.386036
Spain,ESP,2021,343.24298,654.14606,37.361004
Spain,ESP,2022,329.74158,726.3689,43.479256
Spain,ESP,2023,294.72507,695.89984,30.411484
Spain,ESP,2024,283.1589,736.0264,28.779402
Spain,ESP,2025,313.08102,737.173,24.104046
Sri Lanka,LKA,1965,,9.374515,0
Sri Lanka,LKA,1966,,9.601324,0
Sri Lanka,LKA,1967,,9.834314,0
Sri Lanka,LKA,1968,,10.081403,0
Sri Lanka,LKA,1969,,10.303509,0
Sri Lanka,LKA,1970,,17.57452,0
Sri Lanka,LKA,1971,,17.690096,0
Sri Lanka,LKA,1972,,18.611622,0
Sri Lanka,LKA,1973,,19.797039,0
Sri Lanka,LKA,1974,,15.812426,0
Sri Lanka,LKA,1975,,16.39198,0
Sri Lanka,LKA,1976,,15.96242,0.005128833
Sri Lanka,LKA,1977,,17.061384,0.029307501
Sri Lanka,LKA,1978,,17.61727,0.03048
Sri Lanka,LKA,1979,,18.467768,0.01978264
Sri Lanka,LKA,1980,,18.610117,0.026669918
Sri Lanka,LKA,1981,,19.500782,0.014800333
Sri Lanka,LKA,1982,,21.070389,0.20705833
Sri Lanka,LKA,1983,,21.86579,0.20808388
Sri Lanka,LKA,1984,,20.623968,0.404445
Sri Lanka,LKA,1985,,18.36743,0.24471833
Sri Lanka,LKA,1986,,19.134302,0.09158639
Sri Lanka,LKA,1987,,21.290077,0.08572472
Sri Lanka,LKA,1988,,19.793789,0.043961387
Sri Lanka,LKA,1989,,18.507244,0.005128833
Sri Lanka,LKA,1990,,20.58785,0
Sri Lanka,LKA,1991,,20.604216,0.006594222
Sri Lanka,LKA,1992,,23.416906,0.006594222
Sri Lanka,LKA,1993,,23.671654,0.0044694166
Sri Lanka,LKA,1994,,25.714018,0.004029806
Sri Lanka,LKA,1995,,27.378433,0.011649778
Sri Lanka,LKA,1996,,33.236603,0.0024178778
Sri Lanka,LKA,1997,,34.040123,0
Sri Lanka,LKA,1998,,35.576878,0.002271339
Sri Lanka,LKA,1999,,38.35613,0
Sri Lanka,LKA,2000,,44.056526,0.003956528
Sri Lanka,LKA,2001,,42.859436,0.0010257666
Sri Lanka,LKA,2002,,45.48564,0.12653555
Sri Lanka,LKA,2003,,44.725185,0.69488305
Sri Lanka,LKA,2004,,44.74943,0.1828061
Sri Lanka,LKA,2005,,51.173447,0.67949665
Sri Lanka,LKA,2006,,52.58453,0.5096592
Sri Lanka,LKA,2007,0,55.728626,0.49720335
Sri Lanka,LKA,2008,,51.22881,0.67033803
Sri Lanka,LKA,2009,,52.808617,0.68228084
Sri Lanka,LKA,2010,,52.980663,0.697008
Sri Lanka,LKA,2011,,59.077347,3.4785082
Sri Lanka,LKA,2012,,63.094196,5.303183
Sri Lanka,LKA,2013,,53.987404,5.5788774
Sri Lanka,LKA,2014,,61.876884,10.707201
Sri Lanka,LKA,2015,,59.54911,14.409015
Sri Lanka,LKA,2016,,72.90313,15.254024
Sri Lanka,LKA,2017,,78.41371,15.801333
Sri Lanka,LKA,2018,,77.882385,15.269992
Sri Lanka,LKA,2019,,81.182625,16.297167
Sri Lanka,LKA,2020,,66.832275,19.583334
Sri Lanka,LKA,2021,,66.94372,19.567083
Sri Lanka,LKA,2022,,55.511925,16.194445
Sri Lanka,LKA,2023,,63.5625,14.541822
Sri Lanka,LKA,2024,,68.43063,17.158474
Sri Lanka,LKA,2025,,72.76536,15.242935
Sweden,SWE,1965,,229.70325,25.92705
Sweden,SWE,1966,,259.65668,24.740417
Sweden,SWE,1967,,258.7804,24.55678
Sweden,SWE,1968,,292.71017,21.454315
Sweden,SWE,1969,,313.51508,20.949095
Sweden,SWE,1970,,341.1421,22.130144
Sweden,SWE,1971,,320.8071,19.949358
Sweden,SWE,1972,,329.2851,17.139631
Sweden,SWE,1973,,336.5918,18.945211
Sweden,SWE,1974,,302.3185,20.930021
Sweden,SWE,1975,,301.4847,22.575237
Sweden,SWE,1976,,332.42618,21.671343
Sweden,SWE,1977,,322.3305,17.201967
Sweden,SWE,1978,,389.0616,17.646048
Sweden,SWE,1979,,418.84644,20.846622
Sweden,SWE,1980,,369.6262,19.86897
Sweden,SWE,1981,,332.4578,17.085285
Sweden,SWE,1982,,309.068,19.009607
Sweden,SWE,1983,,268.6586,23.82295
Sweden,SWE,1984,,256.70612,28.746893
Sweden,SWE,1985,0.71384144,275.22202,33.84138
Sweden,SWE,1986,1.8797678,293.94498,36.079098
Sweden,SWE,1987,2.5105367,253.78845,35.62356
Sweden,SWE,1988,3.2286325,237.56392,34.97161
Sweden,SWE,1989,4.31798,228.21938,32.97284
Sweden,SWE,1990,6.0098825,189.75797,34.45712
Sweden,SWE,1991,6.420767,183.9967,33.63651
Sweden,SWE,1992,7.2472377,182.11469,31.32087
Sweden,SWE,1993,7.9093547,187.4447,31.889389
Sweden,SWE,1994,7.852032,210.52495,32.364464
Sweden,SWE,1995,7.8598695,206.90634,32.364185
Sweden,SWE,1996,8.422121,222.53906,35.84237
Sweden,SWE,1997,8.319568,210.83017,30.625977
Sweden,SWE,1998,8.245899,214.17932,30.83334
Sweden,SWE,1999,8.263589,206.40503,29.4732
Sweden,SWE,2000,8.081546,191.65915,29.83794
Sweden,SWE,2001,9.117825,198.68753,32.333935
Sweden,SWE,2002,9.27882,210.54266,34.7224
Sweden,SWE,2003,9.252622,216.27473,34.043278
Sweden,SWE,2004,9.2123165,215.98108,35.02479
Sweden,SWE,2005,8.777249,206.92325,32.01512
Sweden,SWE,2006,9.18875,207.22346,35.34985
Sweden,SWE,2007,9.483,200.65752,32.937824
Sweden,SWE,2008,8.61025,196.54219,32.947243
Sweden,SWE,2009,11.495,179.39955,23.22746
Sweden,SWE,2010,15.468,187.42737,31.07757
Sweden,SWE,2011,12.21675,171.8693,27.70472
Sweden,SWE,2012,10.651,169.59457,23.844616
Sweden,SWE,2013,10.2365,164.20448,24.411753
Sweden,SWE,2014,8.403749,161.06584,23.033634
Sweden,SWE,2015,9.335751,151.93994,23.101635
Sweden,SWE,2016,9.988999,157.43141,22.635933
Sweden,SWE,2017,9.61625,156.95505,22.60179
Sweden,SWE,2018,10.16875,146.54958,22.511425
Sweden,SWE,2019,10.279,154.84167,22.514366
Sweden,SWE,2020,9.90925,137.15903,18.611954
Sweden,SWE,2021,10.62825,148.73772,18.925024
Sweden,SWE,2022,7.9977503,135.22429,18.444506
Sweden,SWE,2023,8.774,132.64648,18.646727
Sweden,SWE,2024,9.411751,143.63522,17.02789
Sweden,SWE,2025,8.497227,144.3346,16.895317
Switzerland,CHE,1965,,96.37957,14.833333
Switzerland,CHE,1966,,102.46806,12.263888
Switzerland,CHE,1967,,110.83246,10.344444
Switzerland,CHE,1968,0,122.93266,9.777778
Switzerland,CHE,1969,0.0025000002,133.68282,8.844444
Switzerland,CHE,1970,0.385,149.8176,7.5888886
Switzerland,CHE,1971,0.93,158.97957,5.125
Switzerland,CHE,1972,1.1800001,162.9895,4.336111
Switzerland,CHE,1973,1.5975,175.4158,4.116667
Switzerland,CHE,1974,3.3649998,156.1069,3.5500002
Switzerland,CHE,1975,5.42,150.11577,2.661111
Switzerland,CHE,1976,5.6575003,156.01619,2.5
Switzerland,CHE,1977,6.46,156.82472,2.9166667
Switzerland,CHE,1978,7.0874996,160.81918,2.625
Switzerland,CHE,1979,7.9500003,154.1364,2.713889
Switzerland,CHE,1980,9.070001,154.01991,3.972222
Switzerland,CHE,1981,9.785,142.52437,5.875
Switzerland,CHE,1982,10.335,134.65762,5.197222
Switzerland,CHE,1983,11.362499,147.33458,4.536111
Switzerland,CHE,1984,12.6725,142.62831,5.827778
Switzerland,CHE,1985,13.2675,145.1502,5.8527775
Switzerland,CHE,1986,13.5875,158.84816,5.0361114
Switzerland,CHE,1987,14.5675,149.62581,4.686111
Switzerland,CHE,1988,14.67,150.06097,4
Switzerland,CHE,1989,15.955,143.99309,4.1361113
Switzerland,CHE,1990,17.0775,154.29774,4.1361113
Switzerland,CHE,1991,19.17,156.95247,3.5138888
Switzerland,CHE,1992,20.15,159.13806,2.4333332
Switzerland,CHE,1993,21.14,149.1138,2.038889
Switzerland,CHE,1994,20.8525,154.10162,2.063889
Switzerland,CHE,1995,22.98,142.8001,2.213889
Switzerland,CHE,1996,24.875,147.92401,1.6555556
Switzerland,CHE,1997,24.015,155.62619,1.275
Switzerland,CHE,1998,24.72,157.54512,1.0583333
Switzerland,CHE,1999,28.458332,152.87433,1.1
Switzerland,CHE,2000,28.3,148.28627,1.6027778
Switzerland,CHE,2001,29.455555,158.6958,1.675
Switzerland,CHE,2002,28.91111,150.41983,1.5444444
Switzerland,CHE,2003,30.558332,146.38762,1.5861112
Switzerland,CHE,2004,31.525,149.64418,1.5055555
Switzerland,CHE,2005,32.363888,150.2359,1.6777778
Switzerland,CHE,2006,31.469444,149.46095,1.8111111
Switzerland,CHE,2007,30.641668,143.28651,2.027778
Switzerland,CHE,2008,32.647224,148.41432,1.8222222
Switzerland,CHE,2009,31.336111,144.2638,1.7194445
Switzerland,CHE,2010,35.002777,147.44974,1.7249999
Switzerland,CHE,2011,31.047222,136.49957,1.5944444
Switzerland,CHE,2012,34.033333,139.24573,1.4361111
Switzerland,CHE,2013,35.841667,141.59218,1.5472223
Switzerland,CHE,2014,31.047222,128.45525,1.5833334
Switzerland,CHE,2015,33.172222,129.56079,1.4472222
Switzerland,CHE,2016,34.85,122.34929,1.3305556
Switzerland,CHE,2017,34.997223,125.38493,1.2805556
Switzerland,CHE,2018,33.197224,120.37151,1.1916667
Switzerland,CHE,2019,34.058334,123.53284,1.0666666
Switzerland,CHE,2020,34.14722,102.537796,1.0277778
Switzerland,CHE,2021,28.038887,102.78785,1.0361111
Switzerland,CHE,2022,37.030556,105.78376,1.0777777
Switzerland,CHE,2023,33.96389,107.28565,0.85
Switzerland,CHE,2024,31.111113,107.03693,0.71111107
Switzerland,CHE,2025,30.718573,106.84389,0.52276915
Taiwan,TWN,1965,2.307175,25.688173,34.71555
Taiwan,TWN,1966,2.589275,30.388777,34.52947
Taiwan,TWN,1967,3.3449,36.092865,35.04119
Taiwan,TWN,1968,4.7151,43.046482,35.32031
Taiwan,TWN,1969,5.9241,51.549316,32.424442
Taiwan,TWN,1970,5.6202574,61.906006,31.680119
Taiwan,TWN,1971,11.297574,86.65054,28.13297
Taiwan,TWN,1972,13.151973,93.771324,26.79552
Taiwan,TWN,1973,15.177548,119.62499,23.98106
Taiwan,TWN,1974,15.976367,107.38309,24.41137
Taiwan,TWN,1975,15.86225,124.44162,22.25982
Taiwan,TWN,1976,19.747042,160.90163,23.574009
Taiwan,TWN,1977,20.840843,177.99304,26.99323
Taiwan,TWN,1978,20.528927,208.59233,29.784431
Taiwan,TWN,1979,19.817171,209.5899,37.59979
Taiwan,TWN,1980,20.499619,217.76823,44.484753
Taiwan,TWN,1981,17.468376,191.7103,41.053898
Taiwan,TWN,1982,13.359276,214.84836,48.153675
Taiwan,TWN,1983,13.855265,216.6807,64.99984
Taiwan,TWN,1984,13.94178,207.55226,75.40771
Taiwan,TWN,1985,12.49892,205.69662,79.88109
Taiwan,TWN,1986,11.388484,229.2053,97.24753
Taiwan,TWN,1987,11.518417,241.05962,105.21525
Taiwan,TWN,1988,13.138313,281.14557,121.933945
Taiwan,TWN,1989,13.235775,312.6395,127.18466
Taiwan,TWN,1990,21.242907,324.52747,125.660095
Taiwan,TWN,1991,30.850605,336.49118,137.64064
Taiwan,TWN,1992,30.593306,349.96964,159.02312
Taiwan,TWN,1993,32.017345,372.70914,178.81398
Taiwan,TWN,1994,38.884525,396.74847,186.09625
Taiwan,TWN,1995,43.45639,431.46832,191.85172
Taiwan,TWN,1996,44.342564,431.26074,216.37764
Taiwan,TWN,1997,52.02493,442.6407,247.48338
Taiwan,TWN,1998,61.64442,457.71848,268.5034
Taiwan,TWN,1999,62.734768,490.06985,277.2957
Taiwan,TWN,2000,67.67396,500.49252,326.856
Taiwan,TWN,2001,72.894005,518.60944,342.9976
Taiwan,TWN,2002,81.527534,518.4633,371.88586
Taiwan,TWN,2003,84.14759,542.0757,396.44778
Taiwan,TWN,2004,102.36428,554.1194,412.37943
Taiwan,TWN,2005,103.200806,557.9412,419.94257
Taiwan,TWN,2006,110.69849,562.3801,440.8106
Taiwan,TWN,2007,117.44902,583.01483,461.68237
Taiwan,TWN,2008,127.65959,545.44495,442.00507
Taiwan,TWN,2009,124.667755,532.042,421.60495
Taiwan,TWN,2010,154.79768,555.73676,452.3208
Taiwan,TWN,2011,170.3993,517.7095,468.8569
Taiwan,TWN,2012,178.85228,509.28372,458.43036
Taiwan,TWN,2013,179.37907,521.8908,467.62405
Taiwan,TWN,2014,188.68169,538.7605,472.62488
Taiwan,TWN,2015,201.80359,553.8144,458.45123
Taiwan,TWN,2016,209.65405,554.21246,464.03384
Taiwan,TWN,2017,232.4506,550.433,471.0609
Taiwan,TWN,2018,236.62138,544.25696,463.61966
Taiwan,TWN,2019,232.5982,513.06757,454.4122
Taiwan,TWN,2020,248.8446,490.9263,424.72507
Taiwan,TWN,2021,272.90457,519.6228,455.95425
Taiwan,TWN,2022,280.6635,478.72687,430.052
Taiwan,TWN,2023,279.4694,452.22775,405.1852
Taiwan,TWN,2024,286.6364,454.29105,386.15833
Taiwan,TWN,2025,312.9834,464.66837,356.05884
Thailand,THA,1965,,27.69635,0.52335
Thailand,THA,1966,,32.691463,0.75595003
Thailand,THA,1967,,36.284153,1.34908
Thailand,THA,1968,,47.828484,1.48864
Thailand,THA,1969,,51.799706,1.58168
Thailand,THA,1970,,60.30306,1.6863501
Thailand,THA,1971,,67.13238,1.3287275
Thailand,THA,1972,,84.27273,1.0443972
Thailand,THA,1973,,89.21048,1.1181897
Thailand,THA,1974,,90.820015,1.6767552
Thailand,THA,1975,,98.46377,1.6027186
Thailand,THA,1976,,103.67075,1.8589972
Thailand,THA,1977,,116.48012,1.7880194
Thailand,THA,1978,,127.90059,2.302682
Thailand,THA,1979,,130.51672,4.8418946
Thailand,THA,1980,,136.36172,5.2354536
Thailand,THA,1981,2.75631,128.82382,5.8236647
Thailand,THA,1982,14.049041,116.8389,7.5915174
Thailand,THA,1983,16.53786,129.59941,7.289033
Thailand,THA,1984,24.690489,136.17995,9.178234
Thailand,THA,1985,32.45933,128.4832,18.435015
Thailand,THA,1986,34.872524,133.15419,18.0871
Thailand,THA,1987,48.350864,144.63412,26.114328
Thailand,THA,1988,57.064457,165.04605,26.906239
Thailand,THA,1989,55.9458,195.9122,32.771294
Thailand,THA,1990,60.652523,233.3252,45.351017
Thailand,THA,1991,75.0936,248.82846,53.114273
Thailand,THA,1992,81.41339,276.58047,56.846622
Thailand,THA,1993,92.20895,318.4565,63.31914
Thailand,THA,1994,102.05028,356.3868,73.21662
Thailand,THA,1995,105.68729,405.904,83.52328
Thailand,THA,1996,123.139084,449.2036,101.62282
Thailand,THA,1997,154.46603,451.55515,104.803856
Thailand,THA,1998,164.9492,409.96964,84.08474
Thailand,THA,1999,183.24121,431.1383,89.39646
Thailand,THA,2000,211.95369,418.93927,91.6959
Thailand,THA,2001,245.60527,414.40457,102.077644
Thailand,THA,2002,266.8925,448.20236,108.9419
Thailand,THA,2003,284.2218,491.36066,111.272194
Thailand,THA,2004,297.55035,544.5814,124.67288
Thailand,THA,2005,320.5919,543.1483,134.76213
Thailand,THA,2006,330.1123,539.1894,143.81845
Thailand,THA,2007,351.72046,533.2962,161.62822
Thailand,THA,2008,369.41727,502.64276,174.30933
Thailand,THA,2009,381.24442,518.4446,174.89503
Thailand,THA,2010,432.05563,534.345,179.48474
Thailand,THA,2011,443.1806,543.49225,182.51888
Thailand,THA,2012,486.33502,564.3662,191.56169
Thailand,THA,2013,488.64325,584.294,188.53526
Thailand,THA,2014,499.44733,590.7018,207.87042
Thailand,THA,2015,509.60956,604.4171,204.07373
Thailand,THA,2016,505.64255,625.278,208.03029
Thailand,THA,2017,500.83792,644.63403,208.8567
Thailand,THA,2018,500.1961,661.35254,222.66977
Thailand,THA,2019,509.39563,660.58246,198.45288
Thailand,THA,2020,468.5292,592.58124,212.18327
Thailand,THA,2021,470.1373,584.32477,217.27419
Thailand,THA,2022,443.1806,628.92633,197.67899
Thailand,THA,2023,471.74185,621.4198,168.04797
Thailand,THA,2024,492.9854,645.81226,170.63548
Thailand,THA,2025,473.0255,644.22296,165.06314
Trinidad and Tobago,TTO,1965,11.427751,22.197905,
Trinidad and Tobago,TTO,1966,13.42375,22.353634,
Trinidad and Tobago,TTO,1967,14.816,23.321835,
Trinidad and Tobago,TTO,1968,15.5455,23.76879,
Trinidad and Tobago,TTO,1969,15.624,24.918287,
Trinidad and Tobago,TTO,1970,19.119719,25.560862,
Trinidad and Tobago,TTO,1971,18.635,26.413431,0
Trinidad and Tobago,TTO,1972,19.26075,42.87166,0
Trinidad and Tobago,TTO,1973,18.498,43.14619,0
Trinidad and Tobago,TTO,1974,16.89975,42.485165,0
Trinidad and Tobago,TTO,1975,15.35975,32.481552,0
Trinidad and Tobago,TTO,1976,17.28825,36.524597,0
Trinidad and Tobago,TTO,1977,20.3215,35.655308,0
Trinidad and Tobago,TTO,1978,24.26025,32.082752,0
Trinidad and Tobago,TTO,1979,25.0765,24.694546,0
Trinidad and Tobago,TTO,1980,28.3325,19.534754,0
Trinidad and Tobago,TTO,1981,31.2095,19.360615,0
Trinidad and Tobago,TTO,1982,37.931248,21.474905,0
Trinidad and Tobago,TTO,1983,39.297253,18.668987,0
Trinidad and Tobago,TTO,1984,41.176003,15.969291,0
Trinidad and Tobago,TTO,1985,42.152,16.895954,0
Trinidad and Tobago,TTO,1986,43.1345,18.23386,0
Trinidad and Tobago,TTO,1987,45.6935,12.22131,0
Trinidad and Tobago,TTO,1988,52.59425,11.073575,0
Trinidad and Tobago,TTO,1989,52.694748,9.94367,0
Trinidad and Tobago,TTO,1990,54.63375,14.867244,0
Trinidad and Tobago,TTO,1991,55.351654,13.957406,0
Trinidad and Tobago,TTO,1992,53.48801,19.86267,0
Trinidad and Tobago,TTO,1993,60.033134,17.295012,0
Trinidad and Tobago,TTO,1994,68.75722,13.183907,0
Trinidad and Tobago,TTO,1995,73.813225,15.0534,0
Trinidad and Tobago,TTO,1996,83.34405,17.402937,0
Trinidad and Tobago,TTO,1997,90.44337,10.274356,0
Trinidad and Tobago,TTO,1998,90.44337,11.790197,0
Trinidad and Tobago,TTO,1999,92.77739,20.85421,0
Trinidad and Tobago,TTO,2000,101.56194,17.40334,0
Trinidad and Tobago,TTO,2001,108.9441,17.940031,0
Trinidad and Tobago,TTO,2002,121.74733,19.45226,0
Trinidad and Tobago,TTO,2003,135.20102,19.539343,0
Trinidad and Tobago,TTO,2004,148.70534,20.970385,0
Trinidad and Tobago,TTO,2005,163.75308,23.400255,0
Trinidad and Tobago,TTO,2006,192.76155,24.092281,0
Trinidad and Tobago,TTO,2007,196.45027,24.855906,0
Trinidad and Tobago,TTO,2008,191.58104,26.408072,0
Trinidad and Tobago,TTO,2009,190.88472,25.535719,0
Trinidad and Tobago,TTO,2010,207.40086,26.108171,0
Trinidad and Tobago,TTO,2011,204.8132,25.714266,0
Trinidad and Tobago,TTO,2012,202.35985,23.528101,0
Trinidad and Tobago,TTO,2013,203.5563,25.005686,0
Trinidad and Tobago,TTO,2014,205.10089,23.71663,0
Trinidad and Tobago,TTO,2015,196.04771,25.57151,0
Trinidad and Tobago,TTO,2016,169.44472,26.288582,0
Trinidad and Tobago,TTO,2017,183.49329,23.557047,0
Trinidad and Tobago,TTO,2018,173.74751,20.274511,0
Trinidad and Tobago,TTO,2019,174.73317,20.45355,0
Trinidad and Tobago,TTO,2020,151.85648,17.45409,0
Trinidad and Tobago,TTO,2021,156.05621,17.05173,0
Trinidad and Tobago,TTO,2022,154.70049,18.339703,0
Trinidad and Tobago,TTO,2023,145.1982,18.70825,0
Trinidad and Tobago,TTO,2024,142.47026,19.069447,0
Trinidad and Tobago,TTO,2025,130.84488,19.379004,0
Turkey,TUR,1965,,41.988743,42.6821
Turkey,TUR,1966,,50.11611,47.49692
Turkey,TUR,1967,,58.8478,42.100597
Turkey,TUR,1968,,70.703316,45.76405
Turkey,TUR,1969,,78.65872,48.6134
Turkey,TUR,1970,,83.33808,53.846897
Turkey,TUR,1971,,98.7893,55.3588
Turkey,TUR,1972,,111.98644,59.40604
Turkey,TUR,1973,,136.55547,60.72023
Turkey,TUR,1974,,132.87135,66.22122
Turkey,TUR,1975,,146.75865,68.76819
Turkey,TUR,1976,,165.77588,72.14089
Turkey,TUR,1977,,187.71225,74.32733
Turkey,TUR,1978,,201.57695,75.40892
Turkey,TUR,1979,,179.0935,77.28135
Turkey,TUR,1980,,182.70168,81.80542
Turkey,TUR,1981,,180.02922,83.5034
Turkey,TUR,1982,0.3399125,192.67787,93.77269
Turkey,TUR,1983,0.373425,202.6174,103.18136
Turkey,TUR,1984,0.36385,201.63646,115.93947
Turkey,TUR,1985,0.46917498,211.20892,138.78079
Turkey,TUR,1986,4.00235,228.74448,152.72516
Turkey,TUR,1987,4.99815,258.14014,161.23831
Turkey,TUR,1988,11.35595,274.34244,155.88852
Turkey,TUR,1989,30.189974,258.52664,175.67114
Turkey,TUR,1990,32.296474,273.813,186.52194
Turkey,TUR,1991,39.5639,266.88058,199.25679
Turkey,TUR,1992,43.288578,282.05286,198.53574
Turkey,TUR,1993,47.4154,323.31287,183.70747
Turkey,TUR,1994,50.278328,309.1395,184.25409
Turkey,TUR,1995,65.04298,346.67908,192.33693
Turkey,TUR,1996,75.69995,362.10272,216.35289
Turkey,TUR,1997,93.078575,356.59906,241.69467
Turkey,TUR,1998,98.344826,355.67706,250.76607
Turkey,TUR,1999,118.557655,354.10962,232.99542
Turkey,TUR,2000,139.46945,370.6987,261.22144
Turkey,TUR,2001,153.45853,344.8432,214.6084
Turkey,TUR,2002,166.39435,369.48154,224.14499
Turkey,TUR,2003,200.48135,363.70947,242.09007
Turkey,TUR,2004,211.68411,371.83334,256.86017
Turkey,TUR,2005,257.23236,367.38208,257.6859
Turkey,TUR,2006,291.97046,381.82663,304.33383
Turkey,TUR,2007,338.9071,388.8999,342.66632
Turkey,TUR,2008,352.9824,382.55893,344.20148
Turkey,TUR,2009,337.22192,389.52692,359.34375
Turkey,TUR,2010,358.21033,374.55405,365.62393
Turkey,TUR,2011,418.39877,364.07852,394.01044
Turkey,TUR,2012,433.19214,383.57196,424.43686
Turkey,TUR,2013,439.66486,412.15067,367.09164
Turkey,TUR,2014,466.4653,423.3022,420.1454
Turkey,TUR,2015,459.59042,498.6641,404.0261
Turkey,TUR,2016,445.046,533.83057,447.26016
Turkey,TUR,2017,515.6808,578.77844,458.91183
Turkey,TUR,2018,472.3252,579.38214,475.22025
Turkey,TUR,2019,433.57544,576.5308,487.52646
Turkey,TUR,2020,462.15213,547.5774,472.3668
Turkey,TUR,2021,572.8757,581.60455,482.32193
Turkey,TUR,2022,509.39526,606.453,488.70157
Turkey,TUR,2023,480.76877,645.44495,465.49948
Turkey,TUR,2024,509.63464,660.1436,492.08157
Turkey,TUR,2025,564.4827,685.7287,496.4963
Turkmenistan,TKM,1985,81.750984,57.599358,3.74486
Turkmenistan,TKM,1986,132.42183,41.931847,3.74486
Turkmenistan,TKM,1987,131.54167,41.88782,3.74486
Turkmenistan,TKM,1988,133.30672,41.857544,3.20988
Turkmenistan,TKM,1989,137.72173,41.815014,3.74486
Turkmenistan,TKM,1990,92.78613,59.836754,4.27984
Turkmenistan,TKM,1991,90.931175,45.924984,3.74486
Turkmenistan,TKM,1992,88.29068,56.171547,1.60494
Turkmenistan,TKM,1993,88.29068,32.156624,0
Turkmenistan,TKM,1994,96.23107,32.410946,0.058149997
Turkmenistan,TKM,1995,75.9211,29.56912,0.058149997
Turkmenistan,TKM,1996,119.35,34.288162,0.53498
Turkmenistan,TKM,1997,84.026245,34.70121,
Turkmenistan,TKM,1998,103.276245,42.52557,
Turkmenistan,TKM,1999,92.30376,45.137096,
Turkmenistan,TKM,2000,71.61,47.598164,
Turkmenistan,TKM,2001,105.20125,47.53004,
Turkmenistan,TKM,2002,74.97875,53.796783,
Turkmenistan,TKM,2003,116.17375,60.367184,
Turkmenistan,TKM,2004,114.537506,64.09131,
Turkmenistan,TKM,2005,116.4625,63.109867,
Turkmenistan,TKM,2006,119.9275,61.318146,
Turkmenistan,TKM,2007,111.649994,64.261475,
Turkmenistan,TKM,2008,78.925,66.04594,
Turkmenistan,TKM,2009,171.1325,62.770817,
Turkmenistan,TKM,2010,182.71886,69.871574,
Turkmenistan,TKM,2011,207.35255,72.5153,
Turkmenistan,TKM,2012,229.38441,75.115166,
Turkmenistan,TKM,2013,193.31212,76.962555,
Turkmenistan,TKM,2014,199.62996,80.377846,
Turkmenistan,TKM,2015,253.86305,77.77804,
Turkmenistan,TKM,2016,251.15005,72.74557,
Turkmenistan,TKM,2017,247.5888,76.42154,
Turkmenistan,TKM,2018,283.9233,73.18286,
Turkmenistan,TKM,2019,277.4699,76.11543,
Turkmenistan,TKM,2020,342.53235,71.88702,
Turkmenistan,TKM,2021,357.85608,71.57167,
Turkmenistan,TKM,2022,382.14548,74.04459,
Turkmenistan,TKM,2023,354.72784,75.23012,
Turkmenistan,TKM,2024,306.8406,77.56339,
Turkmenistan,TKM,2025,346.6157,81.13275,
Ukraine,UKR,1985,849.915,759.8965,987.91223
Ukraine,UKR,1986,896.9658,762.5025,980.78357
Ukraine,UKR,1987,916.39087,792.7689,971.87274
Ukraine,UKR,1988,971.1313,728.00604,916.62573
Ukraine,UKR,1989,981.7216,695.8076,835.83435
Ukraine,UKR,1990,1209.6742,771.84216,965.9322
Ukraine,UKR,1991,1149.4683,739.8972,857.39105
Ukraine,UKR,1992,979.95184,474.0513,843.9732
Ukraine,UKR,1993,879.3105,341.12875,751.6938
Ukraine,UKR,1994,769.8391,294.87924,599.94336
Ukraine,UKR,1995,721.2788,305.8107,593.12476
Ukraine,UKR,1996,836.6274,189.81409,446.30518
Ukraine,UKR,1997,753.3432,219.58102,435.42834
Ukraine,UKR,1998,697.50494,200.8744,446.23398
Ukraine,UKR,1999,741.03986,151.31075,441.38275
Ukraine,UKR,2000,741.9862,142.37785,448.2814
Ukraine,UKR,2001,719.27234,157.05496,436.4513
Ukraine,UKR,2002,707.9154,159.51822,439.19794
Ukraine,UKR,2003,722.1116,165.02756,451.35876
Ukraine,UKR,2004,716.4331,165.99037,428.8501
Ukraine,UKR,2005,722.1116,170.23021,433.76498
Ukraine,UKR,2006,700.3442,174.57892,466.38873
Ukraine,UKR,2007,660.5949,180.38002,496.10092
Ukraine,UKR,2008,627.47046,172.89476,486.11075
Ukraine,UKR,2009,489.08627,168.17966,417.16812
Ukraine,UKR,2010,545.60596,161.75578,444.85913
Ukraine,UKR,2011,561.26904,161.0955,482.52872
Ukraine,UKR,2012,518.38715,159.76318,496.81033
Ukraine,UKR,2013,476.99115,151.43329,481.796
Ukraine,UKR,2014,403.17108,133.5871,413.7489
Ukraine,UKR,2015,319.88693,119.473564,318.0107
Ukraine,UKR,2016,314.20847,123.090195,377.3935
Ukraine,UKR,2017,301.90512,122.32527,299.5539
Ukraine,UKR,2018,305.69077,123.17294,326.27963
Ukraine,UKR,2019,282.9769,127.26085,303.2639
Ukraine,UKR,2020,293.38742,139.59264,265.7106
Ukraine,UKR,2021,272.56638,153.39626,264.8816
Ukraine,UKR,2022,182.65732,140.61356,124.5653
Ukraine,UKR,2023,187.38939,152.53209,107.56686
Ukraine,UKR,2024,188.15378,155.7529,107.09999
Ukraine,UKR,2025,225.30595,154.21066,98.511116
United Arab Emirates,ARE,1965,,0.854533,
United Arab Emirates,ARE,1966,,0.91204107,
United Arab Emirates,ARE,1967,4.4265003,0.98025584,
United Arab Emirates,ARE,1968,5.85,1.094713,
United Arab Emirates,ARE,1969,5.7525,1.216425,
United Arab Emirates,ARE,1970,8.19,1.4155911,
United Arab Emirates,ARE,1971,12.9675,1.6705306,
United Arab Emirates,ARE,1972,13.455,2.1951501,
United Arab Emirates,ARE,1973,16.8675,3.425611,
United Arab Emirates,ARE,1974,17.55,4.745511,
United Arab Emirates,ARE,1975,16.185,7.674208,
United Arab Emirates,ARE,1976,18.915,11.275236,
United Arab Emirates,ARE,1977,32.955,16.6765,
United Arab Emirates,ARE,1978,39.0975,18.40331,
United Arab Emirates,ARE,1979,42.51,25.050383,
United Arab Emirates,ARE,1980,47.97,60.186417,
United Arab Emirates,ARE,1981,60.5475,65.38087,
United Arab Emirates,ARE,1982,63.57,72.39598,
United Arab Emirates,ARE,1983,58.0125,72.50278,
United Arab Emirates,ARE,1984,79.755,82.79179,
United Arab Emirates,ARE,1985,98.67,102.96353,
United Arab Emirates,ARE,1986,119.8275,124.55972,
United Arab Emirates,ARE,1987,136.69499,136.3821,
United Arab Emirates,ARE,1988,138.255,163.62752,
United Arab Emirates,ARE,1989,168.38249,171.78244,
United Arab Emirates,ARE,1990,164.87251,180.0802,
United Arab Emirates,ARE,1991,198.51001,222.32744,
United Arab Emirates,ARE,1992,182.8125,223.88318,
United Arab Emirates,ARE,1993,191.49,231.98035,
United Arab Emirates,ARE,1994,221.4225,243.25163,
United Arab Emirates,ARE,1995,241.7025,243.1685,
United Arab Emirates,ARE,1996,264.7125,234.97542,
United Arab Emirates,ARE,1997,282.75,238.7064,
United Arab Emirates,ARE,1998,296.3025,237.81038,
United Arab Emirates,ARE,1999,306.345,232.02397,
United Arab Emirates,ARE,2000,306.4425,229.3394,
United Arab Emirates,ARE,2001,314.73,226.62102,0.21500388
United Arab Emirates,ARE,2002,355.29,235.30664,1.0964998
United Arab Emirates,ARE,2003,369.33002,260.5353,1.2899997
United Arab Emirates,ARE,2004,392.0475,281.55588,1.4619956
United Arab Emirates,ARE,2005,409.9875,292.91925,1.6913275
United Arab Emirates,ARE,2006,422.76,315.25778,3.2751708
United Arab Emirates,ARE,2007,479.38235,337.40207,1.5766675
United Arab Emirates,ARE,2008,579.7211,354.68753,3.9918346
United Arab Emirates,ARE,2009,575.88074,346.49158,3.1852243
United Arab Emirates,ARE,2010,592.7165,372.0713,7.652819
United Arab Emirates,ARE,2011,616.36145,399.33887,5.173943
United Arab Emirates,ARE,2012,639.3075,418.64893,16.076893
United Arab Emirates,ARE,2013,646.111,464.9305,20.58097
United Arab Emirates,ARE,2014,638.6653,472.73764,22.946224
United Arab Emirates,ARE,2015,712.6106,489.71716,19.94159
United Arab Emirates,ARE,2016,715.36536,531.9051,21.4059
United Arab Emirates,ARE,2017,656.5676,528.5774,24.760271
United Arab Emirates,ARE,2018,581.1663,526.05664,22.33227
United Arab Emirates,ARE,2019,672.3688,516.4725,20.668407
United Arab Emirates,ARE,2020,675.13763,465.21024,24.736387
United Arab Emirates,ARE,2021,650.15826,492.47076,30.153976
United Arab Emirates,ARE,2022,660.9485,535.49976,27.893143
United Arab Emirates,ARE,2023,667.483,571.3161,28.406185
United Arab Emirates,ARE,2024,671.12976,584.2117,20.515995
United Arab Emirates,ARE,2025,705.91876,585.88556,28.978373
United Kingdom,GBR,1965,8.59457,885.71954,1365.3271
United Kingdom,GBR,1966,8.38523,948.91583,1299.4199
United Kingdom,GBR,1967,14.10719,1019.7785,1213.8347
United Kingdom,GBR,1968,31.85457,1079.4958,1214.7535
United Kingdom,GBR,1969,62.06931,1160.3402,1184.0503
United Kingdom,GBR,1970,118.2771,1228.7844,1116.7592
United Kingdom,GBR,1971,190.70874,1235.2861,989.713
United Kingdom,GBR,1972,270.6301,1309.8104,866.92346
United Kingdom,GBR,1973,292.8085,1344.5009,938.983
United Kingdom,GBR,1974,350.22583,1248.8663,826.6604
United Kingdom,GBR,1975,366.97302,1092.2395,831.60315
United Kingdom,GBR,1976,389.24445,1085.8422,846.2686
United Kingdom,GBR,1977,413.714,1094.9343,849.04816
United Kingdom,GBR,1978,429.13538,1123.2587,827.1372
United Kingdom,GBR,1979,470.16602,1133.3358,889.11346
United Kingdom,GBR,1980,468.7704,969.12396,826.48596
United Kingdom,GBR,1981,475.1204,897.2701,821.99677
United Kingdom,GBR,1982,472.7479,907.5991,766.638
United Kingdom,GBR,1983,492.78638,872.7711,773.76715
United Kingdom,GBR,1984,504.17215,1072.8423,549.8199
United Kingdom,GBR,1985,542.22546,932.16473,731.2828
United Kingdom,GBR,1986,551.25037,934.29486,789.77
United Kingdom,GBR,1987,566.16003,908.56946,809.08746
United Kingdom,GBR,1988,539.2831,966.5029,785.39716
United Kingdom,GBR,1989,527.0251,987.9981,755.9965
United Kingdom,GBR,1990,548.7383,1000.7211,755.3103
United Kingdom,GBR,1991,592.7695,996.0563,756.58966
United Kingdom,GBR,1992,589.92017,1007.1835,711.3838
United Kingdom,GBR,1993,672.27216,1012.2387,619.4836
United Kingdom,GBR,1994,692.2525,1001.6665,578.4064
United Kingdom,GBR,1995,738.0863,989.9536,551.91327
United Kingdom,GBR,1996,859.84076,1014.60156,515.97656
United Kingdom,GBR,1997,884.1824,985.44324,460.17584
United Kingdom,GBR,1998,919.4049,975.0302,448.69122
United Kingdom,GBR,1999,978.8769,962.24396,398.91714
United Kingdom,GBR,2000,1013.4171,951.9543,427.14783
United Kingdom,GBR,2001,1008.5319,947.54913,452.54538
United Kingdom,GBR,2002,995.3415,940.2433,415.30847
United Kingdom,GBR,2003,998.09186,947.68243,443.14835
United Kingdom,GBR,2004,1019.879,973.8138,432.50574
United Kingdom,GBR,2005,993.8657,1001.7658,440.46332
United Kingdom,GBR,2006,942.60236,991.9008,480.9891
United Kingdom,GBR,2007,953.0051,964.1758,452.89127
United Kingdom,GBR,2008,978.32526,944.1476,420.3333
United Kingdom,GBR,2009,912.23706,896.8411,346.69504
United Kingdom,GBR,2010,984.9284,885.3487,354.80875
United Kingdom,GBR,2011,819.18506,863.11084,357.70404
United Kingdom,GBR,2012,768.9874,849.97894,451.25424
United Kingdom,GBR,2013,763.25757,842.71387,434.92456
United Kingdom,GBR,2014,700.55505,838.08716,351.19415
United Kingdom,GBR,2015,720.4546,853.71985,277.32315
United Kingdom,GBR,2016,798.98303,873.85614,141.17226
United Kingdom,GBR,2017,782.28766,884.00006,114.22661
United Kingdom,GBR,2018,788.4868,871.1111,96.41525
United Kingdom,GBR,2019,778.7379,845.46436,68.912865
United Kingdom,GBR,2020,734.6411,666.9992,62.80258
United Kingdom,GBR,2021,769.5375,680.13214,64.27238
United Kingdom,GBR,2022,705.02673,725.8603,59.250664
United Kingdom,GBR,2023,634.26874,739.36206,51.00139
United Kingdom,GBR,2024,616.90204,751.9863,28.632013
United Kingdom,GBR,2025,611.61554,753.13934,13.788009
United States,USA,1965,4159.206,6414.477,3224.2441
United States,USA,1966,4482.7563,6731.245,3380.8462
United States,USA,1967,4733.1885,6988.794,3316.9966
United States,USA,1968,5066.815,7457.961,3433.0767
United States,USA,1969,5454.107,7831.838,3447.2375
United States,USA,1970,5748.658,8176.1914,3414.6594
United States,USA,1971,5926.5264,8461.684,3229.201
United States,USA,1972,5986.9644,9119.912,3362.425
United States,USA,1973,5937.9595,9655.255,3611.49
United States,USA,1974,5732.247,9271.507,3525.5671
United States,USA,1975,5261.532,9049.839,3525.5413
United States,USA,1976,5366.39,9729.595,3782.0422
United States,USA,1977,5256.951,10271.533,3876.1572
United States,USA,1978,5275.385,10501.414,3832.5774
United States,USA,1979,5450.898,10257.833,4187.284
United States,USA,1980,5337.3853,9453.472,4293.98
United States,USA,1981,5208.629,8812.755,4428.934
United States,USA,1982,4841.7095,8350.531,4265.7964
United States,USA,1983,4542.236,8311.476,4425.291
United States,USA,1984,4851.5723,8573.317,4752.76
United States,USA,1985,4669.5405,8540.438,4866.301
United States,USA,1986,4376.204,8955.2295,4805.599
United States,USA,1987,4652.7437,9141.365,5013.868
United States,USA,1988,4866.0215,9520.579,5247.1436
United States,USA,1989,5170.1973,9516.244,5309.3555
United States,USA,1990,5170.6357,9312.968,5337.9976
United States,USA,1991,5283.9727,9115.13,5287.6133
United States,USA,1992,5463.51,9304.076,5324.031
United States,USA,1993,5599.4194,9384.226,5522.4526
United States,USA,1994,5731.081,9627.001,5543.1436
United States,USA,1995,5979.8296,9601.863,5593.0537
United States,USA,1996,6088.898,9951.23,5847.301
United States,USA,1997,6125.3154,10083.183,5970.778
United States,USA,1998,6021.791,10253.9795,6029.3384
United States,USA,1999,6042.6284,10541.184,6020.095
United States,USA,2000,6283.9067,10658.291,6286.536
United States,USA,2001,6006.58,10638.261,6101.316
United States,USA,2002,6201.112,10646.068,6098.454
United States,USA,2003,6021.901,10806.407,6214.537
United States,USA,2004,6046.2773,11201.423,6254.9824
United States,USA,2005,5951.9297,11217.504,6346.957
United States,USA,2006,5865.778,11073.52,6249.6826
United States,USA,2007,6241.383,11005.194,6333.8496
United States,USA,2008,6288.912,10277.923,6233.0547
United States,USA,2009,6176.281,9740.206,5482.3765
United States,USA,2010,6481.9346,9894.7,5800.542
United States,USA,2011,6582.108,9697.141,5473.0713
United States,USA,2012,6881.228,9473.154,4838.405
United States,USA,2013,7070.228,9628.156,5022.2715
United States,USA,2014,7222.605,9692.745,5010.856
United States,USA,2015,7435.795,9890.621,4329.0776
United States,USA,2016,7490.9893,9964.751,3960.7412
United States,USA,2017,7398.2324,10061.973,3852.5925
United States,USA,2018,8219.633,10302.979,3689.4587
United States,USA,2019,8509.999,10287.035,3150.46
United States,USA,2020,8353.242,9035.038,2556.1814
United States,USA,2021,8364.249,9868.575,2936.8943
United States,USA,2022,8804.077,9929.976,2752.9753
United States,USA,2023,8882.49,9967.523,2274.8904
United States,USA,2024,9015.278,10018.252,2202.8987
United States,USA,2025,9134.435,10117.78,2425.0242
Uzbekistan,UZB,1985,311.37866,121.316246,17.30517
Uzbekistan,UZB,1986,300.1732,123.91321,19.59076
Uzbekistan,UZB,1987,314.29364,125.95904,16.325632
Uzbekistan,UZB,1988,309.87387,130.77919,17.958197
Uzbekistan,UZB,1989,327.5339,132.4572,20.243784
Uzbekistan,UZB,1990,348.6389,130.16013,21.223322
Uzbekistan,UZB,1991,351.37402,123.54609,19.420973
Uzbekistan,UZB,1992,353.13434,103.296524,15.280792
Uzbekistan,UZB,1993,384.9148,90.410934,12.430337
Uzbekistan,UZB,1994,391.09488,81.23024,12.554412
Uzbekistan,UZB,1995,400.8145,77.41448,10.3737335
Uzbekistan,UZB,1996,417.34,75.80992,9.691664
Uzbekistan,UZB,1997,409.35126,81.13396,9.628582
Uzbekistan,UZB,1998,410.9875,81.237206,9.655122
Uzbekistan,UZB,1999,476.245,79.63782,9.651782
Uzbekistan,UZB,2000,486.73627,76.6758,11.003521
Uzbekistan,UZB,2001,490.58627,75.08361,9.22359
Uzbekistan,UZB,2002,505.21625,72.51792,9.822983
Uzbekistan,UZB,2003,455.455,83.10276,7.661995
Uzbekistan,UZB,2004,460.17123,70.49162,10.35431
Uzbekistan,UZB,2005,469.21875,57.298843,9.831249
Uzbekistan,UZB,2006,433.02875,57.645462,10.694142
Uzbekistan,UZB,2007,468.3525,51.99987,9.210256
Uzbekistan,UZB,2008,441.30627,50.467228,11.6313715
Uzbekistan,UZB,2009,440.72876,50.98409,11.0725765
Uzbekistan,UZB,2010,440.44,47.18806,9.231049
Uzbekistan,UZB,2011,473.56375,43.732677,9.882212
Uzbekistan,UZB,2012,448.0603,42.752056,13.372362
Uzbekistan,UZB,2013,438.36243,50.06234,19.96948
Uzbekistan,UZB,2014,409.548,47.044067,18.376455
Uzbekistan,UZB,2015,392.99243,49.760334,14.784921
Uzbekistan,UZB,2016,413.4898,52.583706,17.464579
Uzbekistan,UZB,2017,435.96707,52.862904,16.491726
Uzbekistan,UZB,2018,457.5244,55.10265,23.62433
Uzbekistan,UZB,2019,470.4704,57.597263,20.912855
Uzbekistan,UZB,2020,435.89325,60.472813,28.659058
Uzbekistan,UZB,2021,491.03494,59.14628,25.81105
Uzbekistan,UZB,2022,459.6122,67.04259,29.677435
Uzbekistan,UZB,2023,450.11212,74.01279,45.164116
Uzbekistan,UZB,2024,445.3564,73.10577,42.619312
Uzbekistan,UZB,2025,444.80765,73.24929,56.082024
Venezuela,VEN,1965,75.1803,112.02376,0.23259999
Venezuela,VEN,1966,78.8322,110.1053,0.24423
Venezuela,VEN,1967,86.3802,112.342155,0.25586
Venezuela,VEN,1968,89.1663,122.373314,0.26749
Venezuela,VEN,1969,91.7637,120.897606,0.27912
Venezuela,VEN,1970,85.581,126.47978,0.27912
Venezuela,VEN,1971,82.9392,127.675095,1.659415
Venezuela,VEN,1972,82.4397,139.25276,1.7482333
Venezuela,VEN,1973,101.553894,152.8878,3.1681633
Venezuela,VEN,1974,107.325905,153.03568,2.3727293
Venezuela,VEN,1975,104.3844,163.226,2.9296553
Venezuela,VEN,1976,129.40381,162.08641,1.9216017
Venezuela,VEN,1977,141.25305,181.66402,2.97778
Venezuela,VEN,1978,142.53511,190.12607,0.9173745
Venezuela,VEN,1979,159.6402,203.9937,1.9123676
Venezuela,VEN,1980,164.34105,246.92775,1.8214788
Venezuela,VEN,1981,165.22905,261.63846,1.7995217
Venezuela,VEN,1982,176.3013,258.5842,1.0270803
Venezuela,VEN,1983,173.604,252.51303,1.437212
Venezuela,VEN,1984,192.03,236.95323,1.5723528
Venezuela,VEN,1985,192.31305,242.40807,2.0818977
Venezuela,VEN,1986,211.72139,252.81496,2.3150446
Venezuela,VEN,1987,206.3157,240.25777,3.0411286
Venezuela,VEN,1988,211.2108,248.76485,2.2106187
Venezuela,VEN,1989,216.8718,242.61266,6.069895
Venezuela,VEN,1990,243.81705,244.9972,5.382201
Venezuela,VEN,1991,243.1122,232.8189,0
Venezuela,VEN,1992,239.9487,277.84363,0.042449445
Venezuela,VEN,1993,258.9519,250.98235,0.3311061
Venezuela,VEN,1994,273.89804,280.13885,0.6452439
Venezuela,VEN,1995,305.2611,269.93954,0.059429165
Venezuela,VEN,1996,330.0141,219.43677,0.18677777
Venezuela,VEN,1997,342.213,237.40268,0.3990253
Venezuela,VEN,1998,358.92404,221.13942,0.41600502
Venezuela,VEN,1999,304.251,247.98494,0.42449498
Venezuela,VEN,2000,309.9564,274.5401,1.5366954
Venezuela,VEN,2001,328.4823,310.38766,0.568835
Venezuela,VEN,2002,315.41205,326.44745,0.21224749
Venezuela,VEN,2003,279.9864,277.97723,0.5009158
Venezuela,VEN,2004,315.2955,299.71182,0
Venezuela,VEN,2005,304.3509,323.6661,0.432985
Venezuela,VEN,2006,349.45023,349.98526,2.878111
Venezuela,VEN,2007,372.67056,366.5889,1.6130924
Venezuela,VEN,2008,348.99557,405.98865,1.6385739
Venezuela,VEN,2009,342.1685,426.13004,2.7592523
Venezuela,VEN,2010,312.66815,429.24103,2.317766
Venezuela,VEN,2011,333.26392,444.8657,2.3856852
Venezuela,VEN,2012,346.12833,482.14752,2.4536042
Venezuela,VEN,2013,323.058,489.14056,2.4451144
Venezuela,VEN,2014,340.266,452.41968,2.2922964
Venezuela,VEN,2015,370.38235,395.10608,2.1479702
Venezuela,VEN,2016,372.38733,342.9766,1.7829
Venezuela,VEN,2017,386.0539,295.5038,1.5035031
Venezuela,VEN,2018,316.19098,239.8746,1.2079909
Venezuela,VEN,2019,255.76219,233.22482,0.8737397
Venezuela,VEN,2020,215.61089,131.44684,0.61205196
Venezuela,VEN,2021,280.5911,143.22684,0.550847
Venezuela,VEN,2022,290.55545,168.24236,1.8730117
Venezuela,VEN,2023,296.8337,204.50266,2.3030531
Venezuela,VEN,2024,317.31195,178.37195,2.257034
Venezuela,VEN,2025,310.44107,176.87067,2.2508671
Vietnam,VNM,1965,,18.011541,10.438047
Vietnam,VNM,1966,,39.36429,10.964335
Vietnam,VNM,1967,,57.65242,12.016917
Vietnam,VNM,1968,,58.8141,13.332632
Vietnam,VNM,1969,,71.08363,14.209779
Vietnam,VNM,1970,,73.69463,15.17464
Vietnam,VNM,1971,,62.343384,16.66579
Vietnam,VNM,1972,,64.54946,12.53714
Vietnam,VNM,1973,,63.385326,18.04976
Vietnam,VNM,1974,,38.68622,21.56202
Vietnam,VNM,1975,,36.901665,29.97051
Vietnam,VNM,1976,,9.623759,28.29579
Vietnam,VNM,1977,,9.533664,31.01721
Vietnam,VNM,1978,,11.557438,29.98214
Vietnam,VNM,1979,,13.354331,31.00558
Vietnam,VNM,1980,,23.303205,26.44662
Vietnam,VNM,1981,0.0965,20.274591,29.447159
Vietnam,VNM,1982,0.18335,20.611074,32.564
Vietnam,VNM,1983,0.632075,23.580103,32.773342
Vietnam,VNM,1984,0.55004996,23.051208,32.80823
Vietnam,VNM,1985,0.342575,24.33014,32.61052
Vietnam,VNM,1986,0.35705,26.377874,35.9367
Vietnam,VNM,1987,0.35705,30.733547,40.06535
Vietnam,VNM,1988,0.27019998,32.11995,37.53001
Vietnam,VNM,1989,0.31845,29.874668,30.14496
Vietnam,VNM,1990,0.386,35.01246,25.853489
Vietnam,VNM,1991,0.6948,34.170475,24.96961
Vietnam,VNM,1992,2.0265,37.35379,25.03939
Vietnam,VNM,1993,2.4125001,47.770557,24.236921
Vietnam,VNM,1994,2.4125001,52.940754,26.76063
Vietnam,VNM,1995,1.404075,58.44378,36.014004
Vietnam,VNM,1996,2.76955,67.26731,40.22834
Vietnam,VNM,1997,5.1241503,76.64519,51.67935
Vietnam,VNM,1998,8.685,84.68616,55.431213
Vietnam,VNM,1999,12.545,93.28242,41.49199
Vietnam,VNM,2000,15.44,101.14568,54.536125
Vietnam,VNM,2001,19.300001,109.64855,59.599205
Vietnam,VNM,2002,23.16,120.41934,68.05898
Vietnam,VNM,2003,22.89945,128.19476,79.2372
Vietnam,VNM,2004,40.144,162.89162,103.84395
Vietnam,VNM,2005,62.146,151.45514,108.74028
Vietnam,VNM,2006,67.55,148.54881,66.61516
Vietnam,VNM,2007,68.322,165.37703,72.92038
Vietnam,VNM,2008,72.36536,173.4066,138.26147
Vietnam,VNM,2009,77.2965,176.76808,129.73248
Vietnam,VNM,2010,90.729294,200.77858,169.25735
Vietnam,VNM,2011,81.832,198.8463,201.71034
Vietnam,VNM,2012,90.27575,193.34613,187.22202
Vietnam,VNM,2013,94.09715,197.83301,199.97055
Vietnam,VNM,2014,98.526505,210.36154,241.61691
Vietnam,VNM,2015,102.868996,221.6576,305.12338
Vietnam,VNM,2016,102.3865,248.60498,330.17935
Vietnam,VNM,2017,95.206894,259.5756,329.9152
Vietnam,VNM,2018,96.5965,290.12668,439.51398
Vietnam,VNM,2019,98.43,294.10193,580.6638
Vietnam,VNM,2020,88.394005,271.12466,609.74115
Vietnam,VNM,2021,71.989,236.76315,579.23285
Vietnam,VNM,2022,77.972,309.93494,536.2906
Vietnam,VNM,2023,72.05703,339.39584,632.7067
Vietnam,VNM,2024,61.2706,366.35706,693.43506
Vietnam,VNM,2025,57.838917,379.7858,713.722
